#ifdef __cplusplus
extern "C" {
#endif
#include <stdint.h>
#include <stddef.h>

unsigned char font_default_data[] = {
  0x00, 0x01, 0x00, 0x00, 0x00, 0x11, 0x01, 0x00, 0x00, 0x04, 0x00, 0x10,
  0x47, 0x44, 0x45, 0x46, 0x01, 0xb9, 0x03, 0x4f, 0x00, 0x00, 0x01, 0x24,
  0x00, 0x00, 0x00, 0x1c, 0x47, 0x50, 0x4f, 0x53, 0x8d, 0xa0, 0x7f, 0xd5,
  0x00, 0x00, 0x13, 0x94, 0x00, 0x00, 0x07, 0xe2, 0x47, 0x53, 0x55, 0x42,
  0x86, 0xf1, 0x92, 0x6f, 0x00, 0x00, 0x02, 0x64, 0x00, 0x00, 0x00, 0x6c,
  0x4f, 0x53, 0x2f, 0x32, 0xb9, 0x48, 0x83, 0x66, 0x00, 0x00, 0x02, 0x0c,
  0x00, 0x00, 0x00, 0x56, 0x63, 0x6d, 0x61, 0x70, 0x40, 0x4e, 0x1b, 0xdc,
  0x00, 0x00, 0x03, 0x58, 0x00, 0x00, 0x01, 0xc4, 0x63, 0x76, 0x74, 0x20,
  0x05, 0xd8, 0x18, 0xf5, 0x00, 0x00, 0x01, 0xa4, 0x00, 0x00, 0x00, 0x2e,
  0x66, 0x70, 0x67, 0x6d, 0xe4, 0x2e, 0x02, 0x84, 0x00, 0x00, 0x1b, 0x78,
  0x00, 0x00, 0x09, 0x62, 0x67, 0x61, 0x73, 0x70, 0x00, 0x00, 0x00, 0x10,
  0x00, 0x00, 0x01, 0x1c, 0x00, 0x00, 0x00, 0x08, 0x67, 0x6c, 0x79, 0x66,
  0xf7, 0xa4, 0x10, 0x5c, 0x00, 0x00, 0x24, 0xdc, 0x00, 0x00, 0x90, 0x8c,
  0x68, 0x65, 0x61, 0x64, 0x0a, 0x61, 0x3f, 0xda, 0x00, 0x00, 0x01, 0xd4,
  0x00, 0x00, 0x00, 0x36, 0x68, 0x68, 0x65, 0x61, 0x10, 0xe5, 0x09, 0x18,
  0x00, 0x00, 0x01, 0x80, 0x00, 0x00, 0x00, 0x24, 0x68, 0x6d, 0x74, 0x78,
  0x50, 0x3d, 0x9b, 0x4a, 0x00, 0x00, 0x0c, 0xf0, 0x00, 0x00, 0x06, 0xa4,
  0x6c, 0x6f, 0x63, 0x61, 0x19, 0x18, 0x3d, 0x41, 0x00, 0x00, 0x05, 0x1c,
  0x00, 0x00, 0x03, 0x54, 0x6d, 0x61, 0x78, 0x70, 0x02, 0xd8, 0x0a, 0x33,
  0x00, 0x00, 0x01, 0x40, 0x00, 0x00, 0x00, 0x20, 0x6e, 0x61, 0x6d, 0x65,
  0x6e, 0xff, 0x8f, 0x8f, 0x00, 0x00, 0x08, 0x70, 0x00, 0x00, 0x04, 0x80,
  0x70, 0x6f, 0x73, 0x74, 0x00, 0x03, 0x00, 0x00, 0x00, 0x00, 0x01, 0x60,
  0x00, 0x00, 0x00, 0x20, 0x70, 0x72, 0x65, 0x70, 0x15, 0x00, 0x98, 0x28,
  0x00, 0x00, 0x02, 0xd0, 0x00, 0x00, 0x00, 0x85, 0x00, 0x01, 0x00, 0x01,
  0xff, 0xff, 0x00, 0x0f, 0x00, 0x01, 0x00, 0x00, 0x00, 0x0c, 0x00, 0x00,
  0x00, 0x00, 0x00, 0x00, 0x00, 0x02, 0x00, 0x02, 0x00, 0x01, 0x01, 0xa5,
  0x00, 0x01, 0x01, 0xa6, 0x01, 0xa8, 0x00, 0x02, 0x00, 0x01, 0x00, 0x00,
  0x01, 0xa9, 0x00, 0x4c, 0x00, 0x07, 0x00, 0x4b, 0x00, 0x04, 0x00, 0x02,
  0x00, 0x28, 0x00, 0x36, 0x00, 0x6a, 0x00, 0x00, 0x00, 0x8f, 0x09, 0x62,
  0x00, 0x02, 0x00, 0x02, 0x00, 0x03, 0x00, 0x00, 0x00, 0x00, 0x00, 0x00,
  0x00, 0x00, 0x00, 0x00, 0x00, 0x00, 0x00, 0x00, 0x00, 0x00, 0x00, 0x00,
  0x00, 0x00, 0x00, 0x00, 0x00, 0x00, 0x00, 0x00, 0x00, 0x00, 0x00, 0x00,
  0x00, 0x01, 0x00, 0x00, 0x08, 0x37, 0xfe, 0x1d, 0x00, 0x00, 0x09, 0x7b,
  0xff, 0xb3, 0xff, 0xd6, 0x08, 0xf8, 0x00, 0x01, 0x00, 0x00, 0x00, 0x00,
  0x00, 0x00, 0x00, 0x00, 0x00, 0x00, 0x00, 0x00, 0x00, 0x00, 0x01, 0xa9,
  0x00, 0x00, 0x00, 0x00, 0x00, 0x00, 0x00, 0x00, 0x00, 0x00, 0x00, 0x00,
  0x00, 0x00, 0x00, 0xad, 0x00, 0x8b, 0x00, 0xad, 0x00, 0x8b, 0x05, 0xc7,
  0x00, 0x00, 0x05, 0xfd, 0x04, 0x49, 0x00, 0x00, 0xfe, 0x24, 0x05, 0xe1,
  0xff, 0xea, 0x06, 0x0d, 0x04, 0x60, 0xff, 0xe9, 0xfe, 0x0a, 0x00, 0x00,
  0x00, 0x01, 0x00, 0x00, 0x00, 0x00, 0x33, 0x75, 0x33, 0xe6, 0x6f, 0x1e,
  0x5f, 0x0f, 0x3c, 0xf5, 0x00, 0x0b, 0x08, 0x00, 0x00, 0x00, 0x00, 0x00,
  0xcc, 0xab, 0xb1, 0x98, 0x00, 0x00, 0x00, 0x00, 0xd5, 0x32, 0x10, 0x1d,
  0xff, 0x29, 0xfd, 0x60, 0x0a, 0x3c, 0x08, 0x53, 0x00, 0x00, 0x00, 0x08,
  0x00, 0x02, 0x00, 0x00, 0x00, 0x00, 0x00, 0x00, 0x00, 0x01, 0x03, 0x97,
  0x01, 0x90, 0x00, 0x05, 0x00, 0x00, 0x05, 0x33, 0x05, 0x99, 0x00, 0x00,
  0x01, 0x1e, 0x05, 0x33, 0x05, 0x99, 0x00, 0x00, 0x03, 0xd7, 0x00, 0x66,
  0x02, 0x12, 0x00, 0x00, 0x02, 0x00, 0x05, 0x03, 0x00, 0x00, 0x00, 0x00,
  0x00, 0x00, 0xa0, 0x00, 0x00, 0xef, 0x40, 0x00, 0x20, 0x4b, 0x00, 0x00,
  0x00, 0x00, 0x00, 0x00, 0x00, 0x00, 0x6e, 0x65, 0x77, 0x74, 0x00, 0x40,
  0x00, 0x20, 0xfb, 0x02, 0x08, 0x37, 0xfe, 0x1d, 0x00, 0x00, 0x08, 0x37,
  0x01, 0xe3, 0x20, 0x00, 0x00, 0x93, 0x00, 0x00, 0x00, 0x00, 0x00, 0x00,
  0x00, 0x01, 0x00, 0x00, 0x00, 0x0a, 0x00, 0x2a, 0x00, 0x38, 0x00, 0x03,
  0x44, 0x46, 0x4c, 0x54, 0x00, 0x14, 0x67, 0x72, 0x65, 0x6b, 0x00, 0x14,
  0x6c, 0x61, 0x74, 0x6e, 0x00, 0x14, 0x00, 0x04, 0x00, 0x00, 0x00, 0x00,
  0xff, 0xff, 0x00, 0x01, 0x00, 0x00, 0x00, 0x01, 0x6c, 0x69, 0x67, 0x61,
  0x00, 0x08, 0x00, 0x00, 0x00, 0x01, 0x00, 0x00, 0x00, 0x01, 0x00, 0x04,
  0x00, 0x04, 0x00, 0x00, 0x00, 0x01, 0x00, 0x08, 0x00, 0x01, 0x00, 0x22,
  0x00, 0x01, 0x00, 0x08, 0x00, 0x03, 0x00, 0x14, 0x00, 0x0e, 0x00, 0x08,
  0x01, 0xa6, 0x00, 0x02, 0x00, 0x49, 0x01, 0xa7, 0x00, 0x02, 0x00, 0x4c,
  0x01, 0xa8, 0x00, 0x02, 0x00, 0x4f, 0x00, 0x01, 0x00, 0x01, 0x00, 0x49,
  0x4b, 0xb0, 0xc8, 0x52, 0x58, 0xb1, 0x01, 0x01, 0x8e, 0x59, 0xb9, 0x08,
  0x00, 0x08, 0x00, 0x63, 0x20, 0xb0, 0x01, 0x23, 0x44, 0x20, 0xb0, 0x03,
  0x23, 0x70, 0xb0, 0x14, 0x45, 0x20, 0x20, 0xb0, 0x28, 0x60, 0x66, 0x20,
  0x8a, 0x55, 0x58, 0xb0, 0x02, 0x25, 0x61, 0xb0, 0x01, 0x45, 0x63, 0x23,
  0x62, 0xb0, 0x02, 0x23, 0x44, 0xb3, 0x0a, 0x0a, 0x05, 0x04, 0x2b, 0xb3,
  0x0b, 0x10, 0x05, 0x04, 0x2b, 0xb3, 0x11, 0x16, 0x05, 0x04, 0x2b, 0x59,
  0xb2, 0x04, 0x28, 0x08, 0x45, 0x52, 0x44, 0xb3, 0x0b, 0x10, 0x06, 0x04,
  0x2b, 0xb1, 0x06, 0x03, 0x44, 0xb1, 0x24, 0x01, 0x88, 0x51, 0x58, 0xb0,
  0x40, 0x88, 0x58, 0xb1, 0x06, 0x03, 0x44, 0xb1, 0x26, 0x01, 0x88, 0x51,
  0x58, 0xb8, 0x04, 0x00, 0x88, 0x58, 0xb1, 0x06, 0x03, 0x44, 0x59, 0x59,
  0x59, 0x59, 0xb8, 0x01, 0xff, 0x85, 0xb0, 0x04, 0x8d, 0xb1, 0x05, 0x00,
  0x44, 0x00, 0x00, 0x00, 0x00, 0x00, 0x00, 0x02, 0x00, 0x00, 0x00, 0x03,
  0x00, 0x00, 0x00, 0x14, 0x00, 0x03, 0x00, 0x01, 0x00, 0x00, 0x00, 0x14,
  0x00, 0x04, 0x01, 0xb0, 0x00, 0x00, 0x00, 0x68, 0x00, 0x40, 0x00, 0x05,
  0x00, 0x28, 0x00, 0x7e, 0x00, 0xb4, 0x01, 0x13, 0x01, 0x48, 0x01, 0x5b,
  0x01, 0x65, 0x01, 0x7e, 0x01, 0x92, 0x01, 0xcc, 0x01, 0xf5, 0x02, 0x1b,
  0x02, 0x37, 0x02, 0xc7, 0x02, 0xdd, 0x03, 0x07, 0x03, 0x0f, 0x03, 0x11,
  0x03, 0x26, 0x03, 0xc0, 0x1e, 0x03, 0x1e, 0x0b, 0x1e, 0x1f, 0x1e, 0x41,
  0x1e, 0x57, 0x1e, 0x61, 0x1e, 0x6b, 0x1e, 0x85, 0x1e, 0xf3, 0x20, 0x14,
  0x20, 0x1a, 0x20, 0x1e, 0x20, 0x22, 0x20, 0x26, 0x20, 0x30, 0x20, 0x3a,
  0x20, 0x44, 0x20, 0x74, 0x20, 0xac, 0x21, 0x22, 0x22, 0x02, 0x22, 0x06,
  0x22, 0x0f, 0x22, 0x11, 0x22, 0x1a, 0x22, 0x1e, 0x22, 0x2b, 0x22, 0x48,
  0x22, 0x60, 0x22, 0x65, 0x25, 0xca, 0xfb, 0x02, 0xff, 0xff, 0x00, 0x00,
  0x00, 0x20, 0x00, 0xa0, 0x00, 0xb6, 0x01, 0x16, 0x01, 0x4c, 0x01, 0x5d,
  0x01, 0x68, 0x01, 0x92, 0x01, 0xc4, 0x01, 0xf1, 0x02, 0x00, 0x02, 0x37,
  0x02, 0xc6, 0x02, 0xd8, 0x03, 0x07, 0x03, 0x0f, 0x03, 0x11, 0x03, 0x26,
  0x03, 0xc0, 0x1e, 0x02, 0x1e, 0x0a, 0x1e, 0x1e, 0x1e, 0x40, 0x1e, 0x56,
  0x1e, 0x60, 0x1e, 0x6a, 0x1e, 0x80, 0x1e, 0xf2, 0x20, 0x13, 0x20, 0x18,
  0x20, 0x1c, 0x20, 0x20, 0x20, 0x26, 0x20, 0x30, 0x20, 0x39, 0x20, 0x44,
  0x20, 0x74, 0x20, 0xac, 0x21, 0x22, 0x22, 0x02, 0x22, 0x06, 0x22, 0x0f,
  0x22, 0x11, 0x22, 0x1a, 0x22, 0x1e, 0x22, 0x2b, 0x22, 0x48, 0x22, 0x60,
  0x22, 0x64, 0x25, 0xca, 0xfb, 0x00, 0xff, 0xff, 0xff, 0xe3, 0xff, 0xc2,
  0xff, 0xc1, 0xff, 0xbf, 0xff, 0xbc, 0xff, 0xbb, 0xff, 0xb9, 0xff, 0xa6,
  0xff, 0x75, 0xff, 0x51, 0xff, 0x47, 0xff, 0x2c, 0xfe, 0x9e, 0xfe, 0x8e,
  0xfe, 0x65, 0xfe, 0x5e, 0xfe, 0x5d, 0xfe, 0x49, 0xfd, 0xb0, 0xe3, 0x6f,
  0xe3, 0x69, 0xe3, 0x57, 0xe3, 0x37, 0xe3, 0x23, 0xe3, 0x1b, 0xe3, 0x13,
  0xe2, 0xff, 0xe2, 0x93, 0xe1, 0x74, 0xe1, 0x71, 0xe1, 0x70, 0xe1, 0x6f,
  0xe1, 0x6c, 0xe1, 0x63, 0xe1, 0x5b, 0xe1, 0x52, 0xe1, 0x23, 0xe0, 0xec,
  0xe0, 0x77, 0xdf, 0x98, 0xdf, 0x95, 0xdf, 0x8d, 0xdf, 0x8c, 0xdf, 0x84,
  0xdf, 0x81, 0xdf, 0x75, 0xdf, 0x59, 0xdf, 0x42, 0xdf, 0x3f, 0xdb, 0xdb,
  0x06, 0xa6, 0x00, 0x01, 0x00, 0x00, 0x00, 0x00, 0x00, 0x00, 0x00, 0x00,
  0x00, 0x00, 0x00, 0x00, 0x00, 0x00, 0x00, 0x00, 0x00, 0x00, 0x00, 0x00,
  0x00, 0x00, 0x00, 0x00, 0x00, 0x00, 0x00, 0x00, 0x00, 0x00, 0x00, 0x00,
  0x00, 0x00, 0x00, 0x00, 0x00, 0x00, 0x00, 0x00, 0x00, 0x00, 0x00, 0x00,
  0x00, 0x00, 0x00, 0x00, 0x00, 0x00, 0x00, 0x00, 0x00, 0x00, 0x00, 0x00,
  0x00, 0x00, 0x00, 0x00, 0x00, 0x00, 0x00, 0x00, 0x00, 0x00, 0x00, 0x00,
  0x00, 0x00, 0x00, 0x00, 0x00, 0x00, 0x00, 0x00, 0x00, 0x00, 0x00, 0x00,
  0x00, 0x00, 0x00, 0x00, 0x00, 0x00, 0x00, 0x00, 0x00, 0x00, 0x00, 0x00,
  0x00, 0x00, 0x00, 0x00, 0x00, 0x00, 0x00, 0x00, 0x00, 0x00, 0x00, 0x00,
  0x00, 0x00, 0x00, 0x18, 0x00, 0x18, 0x00, 0x18, 0x00, 0x18, 0x00, 0x77,
  0x00, 0xaf, 0x01, 0x3a, 0x01, 0xa9, 0x02, 0x90, 0x03, 0x19, 0x03, 0x34,
  0x03, 0x58, 0x03, 0x7c, 0x03, 0xb5, 0x03, 0xef, 0x04, 0x15, 0x04, 0x30,
  0x04, 0x71, 0x04, 0x87, 0x04, 0xde, 0x05, 0x03, 0x05, 0x48, 0x05, 0xc6,
  0x05, 0xf8, 0x06, 0x5d, 0x06, 0xc3, 0x06, 0xe8, 0x07, 0x5c, 0x07, 0xad,
  0x07, 0xf6, 0x08, 0x31, 0x08, 0x49, 0x08, 0x74, 0x08, 0x8c, 0x09, 0x12,
  0x09, 0xc5, 0x09, 0xfb, 0x0a, 0x51, 0x0a, 0x9c, 0x0a, 0xd6, 0x0b, 0x05,
  0x0b, 0x2b, 0x0b, 0x83, 0x0b, 0xaa, 0x0b, 0xbf, 0x0b, 0xe9, 0x0c, 0x13,
  0x0c, 0x31, 0x0c, 0x6c, 0x0c, 0x99, 0x0c, 0xde, 0x0d, 0x24, 0x0d, 0x7a,
  0x0d, 0xd0, 0x0e, 0x32, 0x0e, 0x51, 0x0e, 0x82, 0x0e, 0xac, 0x0f, 0x31,
  0x0f, 0x5f, 0x0f, 0x84, 0x0f, 0xb1, 0x0f, 0xd2, 0x0f, 0xed, 0x10, 0x0d,
  0x10, 0x32, 0x10, 0x4b, 0x10, 0x65, 0x11, 0x1f, 0x11, 0x9f, 0x11, 0xf3,
  0x12, 0x5a, 0x12, 0xbd, 0x13, 0x02, 0x13, 0x90, 0x13, 0xcb, 0x13, 0xf4,
  0x14, 0x32, 0x14, 0x69, 0x14, 0x9d, 0x15, 0x0c, 0x15, 0x57, 0x15, 0xa1,
  0x16, 0x1c, 0x16, 0x9b, 0x16, 0xec, 0x17, 0x52, 0x17, 0x96, 0x17, 0xf2,
  0x18, 0x1d, 0x18, 0x59, 0x18, 0x88, 0x18, 0xc0, 0x18, 0xeb, 0x19, 0x3a,
  0x19, 0x5d, 0x19, 0xa8, 0x19, 0xf7, 0x19, 0xf7, 0x1a, 0x07, 0x1a, 0x53,
  0x1a, 0xad, 0x1b, 0x1a, 0x1b, 0x5f, 0x1b, 0x91, 0x1c, 0x63, 0x1c, 0x81,
  0x1d, 0x8b, 0x1e, 0x25, 0x1e, 0x51, 0x1e, 0x73, 0x1e, 0x8e, 0x1f, 0xb8,
  0x1f, 0xd4, 0x20, 0x03, 0x20, 0x3c, 0x20, 0x7b, 0x20, 0xd1, 0x20, 0xeb,
  0x21, 0x20, 0x21, 0x3c, 0x21, 0x55, 0x21, 0x7d, 0x21, 0xc1, 0x21, 0xe7,
  0x22, 0x60, 0x22, 0xf3, 0x23, 0xa6, 0x23, 0xb6, 0x23, 0xc8, 0x23, 0xda,
  0x23, 0xec, 0x23, 0xfe, 0x24, 0x10, 0x24, 0x22, 0x24, 0x82, 0x24, 0x94,
  0x24, 0xa6, 0x24, 0xb8, 0x24, 0xca, 0x24, 0xdc, 0x24, 0xee, 0x25, 0x00,
  0x25, 0x12, 0x25, 0x24, 0x25, 0x76, 0x25, 0x88, 0x25, 0x9a, 0x25, 0xac,
  0x25, 0xbe, 0x25, 0xd0, 0x25, 0xe2, 0x26, 0x06, 0x26, 0x6e, 0x26, 0x80,
  0x26, 0x92, 0x26, 0xa4, 0x26, 0xb6, 0x26, 0xc8, 0x27, 0x05, 0x27, 0x68,
  0x27, 0x7a, 0x27, 0x8c, 0x27, 0x9e, 0x27, 0xb0, 0x27, 0xc2, 0x27, 0xd4,
  0x29, 0x3b, 0x29, 0x4d, 0x29, 0x5f, 0x29, 0x71, 0x29, 0x83, 0x29, 0x95,
  0x29, 0xa7, 0x29, 0xb9, 0x29, 0xcb, 0x29, 0xdd, 0x2a, 0x7b, 0x2a, 0x8d,
  0x2a, 0x9f, 0x2a, 0xb1, 0x2a, 0xc3, 0x2a, 0xd5, 0x2a, 0xe7, 0x2b, 0x32,
  0x2b, 0xa2, 0x2b, 0xb4, 0x2b, 0xc6, 0x2b, 0xd8, 0x2b, 0xea, 0x2b, 0xfc,
  0x2c, 0xa6, 0x2c, 0xb8, 0x2c, 0xc8, 0x2c, 0xda, 0x2c, 0xec, 0x2c, 0xfe,
  0x2d, 0x10, 0x2d, 0x1c, 0x2d, 0x2e, 0x2d, 0x40, 0x2d, 0x52, 0x2d, 0x64,
  0x2d, 0x76, 0x2d, 0x88, 0x2d, 0x9a, 0x2d, 0xac, 0x2d, 0xbe, 0x2d, 0xd0,
  0x2e, 0x26, 0x2e, 0xd3, 0x2e, 0xe3, 0x2e, 0xf5, 0x2f, 0x07, 0x2f, 0x19,
  0x2f, 0x2b, 0x2f, 0x3d, 0x2f, 0x4f, 0x2f, 0x61, 0x2f, 0x73, 0x2f, 0x85,
  0x2f, 0x97, 0x2f, 0xa9, 0x2f, 0xbb, 0x2f, 0xcd, 0x2f, 0xdf, 0x30, 0x83,
  0x30, 0x95, 0x30, 0xa7, 0x30, 0xee, 0x31, 0x34, 0x31, 0x46, 0x31, 0x58,
  0x31, 0x6a, 0x31, 0x7c, 0x31, 0x8e, 0x31, 0xa0, 0x31, 0xb0, 0x31, 0xc0,
  0x31, 0xd2, 0x31, 0xec, 0x32, 0x31, 0x32, 0x89, 0x32, 0x9b, 0x32, 0xad,
  0x32, 0xbf, 0x32, 0xd1, 0x33, 0x00, 0x33, 0x12, 0x33, 0x24, 0x33, 0x36,
  0x33, 0x46, 0x33, 0x58, 0x33, 0x6a, 0x33, 0x7c, 0x33, 0x88, 0x33, 0xb6,
  0x33, 0xfb, 0x34, 0x0d, 0x34, 0x1f, 0x34, 0x31, 0x34, 0x43, 0x34, 0x55,
  0x34, 0x67, 0x34, 0x79, 0x34, 0x8b, 0x34, 0x9d, 0x34, 0xaf, 0x34, 0xc1,
  0x34, 0xd3, 0x35, 0xe4, 0x36, 0xb0, 0x36, 0xc2, 0x36, 0xd4, 0x36, 0xe6,
  0x36, 0xf8, 0x37, 0x0a, 0x37, 0x1c, 0x37, 0x2e, 0x37, 0x40, 0x37, 0x52,
  0x37, 0x64, 0x37, 0x76, 0x37, 0x88, 0x37, 0x9a, 0x37, 0xac, 0x37, 0xbe,
  0x37, 0xd0, 0x37, 0xe2, 0x37, 0xf4, 0x38, 0x06, 0x38, 0x18, 0x38, 0x2a,
  0x38, 0x3c, 0x38, 0x4e, 0x38, 0x60, 0x38, 0x72, 0x38, 0x84, 0x38, 0x96,
  0x38, 0xa8, 0x38, 0xba, 0x38, 0xcc, 0x38, 0xde, 0x38, 0xf0, 0x39, 0x02,
  0x39, 0x14, 0x39, 0x26, 0x39, 0x38, 0x39, 0x4a, 0x39, 0x5c, 0x39, 0x6e,
  0x39, 0x80, 0x39, 0xdc, 0x39, 0xee, 0x3a, 0x00, 0x3a, 0x12, 0x3a, 0x1e,
  0x3a, 0x2a, 0x3a, 0x36, 0x3a, 0x42, 0x3a, 0x4e, 0x3a, 0x5a, 0x3a, 0x66,
  0x3a, 0x72, 0x3a, 0x7e, 0x3a, 0x90, 0x3a, 0xa2, 0x3a, 0xb4, 0x3a, 0xc6,
  0x3a, 0xd8, 0x3a, 0xea, 0x3a, 0xfc, 0x3b, 0x0e, 0x3b, 0x20, 0x3b, 0x32,
  0x3b, 0x44, 0x3b, 0x56, 0x3b, 0x68, 0x3b, 0x7a, 0x3b, 0x8c, 0x3b, 0x9e,
  0x3b, 0xb0, 0x3b, 0xc2, 0x3b, 0xd4, 0x3b, 0xe6, 0x3b, 0xf8, 0x3c, 0x0a,
  0x3c, 0x1c, 0x3c, 0x2e, 0x3c, 0x40, 0x3c, 0x52, 0x3c, 0x64, 0x3c, 0x76,
  0x3c, 0x88, 0x3c, 0x98, 0x3c, 0xc6, 0x3c, 0xe8, 0x3d, 0x06, 0x3d, 0x3f,
  0x3d, 0x4f, 0x3d, 0x82, 0x3d, 0xb6, 0x3d, 0xf0, 0x3e, 0x1c, 0x3e, 0x35,
  0x3e, 0x5f, 0x3e, 0x88, 0x3e, 0xa5, 0x3e, 0xf2, 0x3f, 0x04, 0x3f, 0x16,
  0x3f, 0x28, 0x3f, 0x3a, 0x3f, 0x4c, 0x3f, 0x5e, 0x3f, 0x70, 0x3f, 0x82,
  0x3f, 0x94, 0x3f, 0xa6, 0x3f, 0xb8, 0x3f, 0xca, 0x3f, 0xdc, 0x3f, 0xee,
  0x40, 0x00, 0x40, 0x12, 0x40, 0x24, 0x40, 0x36, 0x40, 0x48, 0x40, 0x5a,
  0x40, 0x6c, 0x40, 0x7e, 0x40, 0x9a, 0x40, 0xb6, 0x40, 0xde, 0x41, 0x01,
  0x41, 0x1e, 0x41, 0x56, 0x41, 0x8d, 0x41, 0xb7, 0x41, 0xf5, 0x42, 0x32,
  0x42, 0x52, 0x42, 0xc2, 0x43, 0x85, 0x43, 0xa6, 0x43, 0xc7, 0x43, 0xde,
  0x44, 0x10, 0x44, 0x86, 0x44, 0xb4, 0x44, 0xfb, 0x45, 0x1a, 0x45, 0x30,
  0x45, 0x4f, 0x45, 0x6d, 0x45, 0xba, 0x45, 0xe5, 0x46, 0x34, 0x46, 0x60,
  0x46, 0x7f, 0x46, 0x9d, 0x46, 0xca, 0x47, 0x2e, 0x47, 0x7d, 0x48, 0x46,
  0x00, 0x00, 0x00, 0x0e, 0x00, 0xae, 0x00, 0x03, 0x00, 0x01, 0x04, 0x09,
  0x00, 0x00, 0x00, 0xbc, 0x03, 0x16, 0x00, 0x03, 0x00, 0x01, 0x04, 0x09,
  0x00, 0x01, 0x00, 0x0c, 0x03, 0x0a, 0x00, 0x03, 0x00, 0x01, 0x04, 0x09,
  0x00, 0x02, 0x00, 0x0e, 0x02, 0xfc, 0x00, 0x03, 0x00, 0x01, 0x04, 0x09,
  0x00, 0x03, 0x00, 0x2e, 0x02, 0xce, 0x00, 0x03, 0x00, 0x01, 0x04, 0x09,
  0x00, 0x04, 0x00, 0x1c, 0x02, 0xb2, 0x00, 0x03, 0x00, 0x01, 0x04, 0x09,
  0x00, 0x05, 0x00, 0xb8, 0x01, 0xfa, 0x00, 0x03, 0x00, 0x01, 0x04, 0x09,
  0x00, 0x06, 0x00, 0x1c, 0x01, 0xde, 0x00, 0x03, 0x00, 0x01, 0x04, 0x09,
  0x00, 0x07, 0x00, 0x4c, 0x01, 0x92, 0x00, 0x03, 0x00, 0x01, 0x04, 0x09,
  0x00, 0x08, 0x00, 0x18, 0x01, 0x7a, 0x00, 0x03, 0x00, 0x01, 0x04, 0x09,
  0x00, 0x09, 0x00, 0x18, 0x01, 0x7a, 0x00, 0x03, 0x00, 0x01, 0x04, 0x09,
  0x00, 0x0b, 0x00, 0x26, 0x01, 0x54, 0x00, 0x03, 0x00, 0x01, 0x04, 0x09,
  0x00, 0x0c, 0x00, 0x26, 0x01, 0x54, 0x00, 0x03, 0x00, 0x01, 0x04, 0x09,
  0x00, 0x0d, 0x01, 0x20, 0x00, 0x34, 0x00, 0x03, 0x00, 0x01, 0x04, 0x09,
  0x00, 0x0e, 0x00, 0x34, 0x00, 0x00, 0x00, 0x68, 0x00, 0x74, 0x00, 0x74,
  0x00, 0x70, 0x00, 0x3a, 0x00, 0x2f, 0x00, 0x2f, 0x00, 0x73, 0x00, 0x63,
  0x00, 0x72, 0x00, 0x69, 0x00, 0x70, 0x00, 0x74, 0x00, 0x73, 0x00, 0x2e,
  0x00, 0x73, 0x00, 0x69, 0x00, 0x6c, 0x00, 0x2e, 0x00, 0x6f, 0x00, 0x72,
  0x00, 0x67, 0x00, 0x2f, 0x00, 0x4f, 0x00, 0x46, 0x00, 0x4c, 0x00, 0x54,
  0x00, 0x68, 0x00, 0x69, 0x00, 0x73, 0x00, 0x20, 0x00, 0x46, 0x00, 0x6f,
  0x00, 0x6e, 0x00, 0x74, 0x00, 0x20, 0x00, 0x53, 0x00, 0x6f, 0x00, 0x66,
  0x00, 0x74, 0x00, 0x77, 0x00, 0x61, 0x00, 0x72, 0x00, 0x65, 0x00, 0x20,
  0x00, 0x69, 0x00, 0x73, 0x00, 0x20, 0x00, 0x6c, 0x00, 0x69, 0x00, 0x63,
  0x00, 0x65, 0x00, 0x6e, 0x00, 0x73, 0x00, 0x65, 0x00, 0x64, 0x00, 0x20,
  0x00, 0x75, 0x00, 0x6e, 0x00, 0x64, 0x00, 0x65, 0x00, 0x72, 0x00, 0x20,
  0x00, 0x74, 0x00, 0x68, 0x00, 0x65, 0x00, 0x20, 0x00, 0x53, 0x00, 0x49,
  0x00, 0x4c, 0x00, 0x20, 0x00, 0x4f, 0x00, 0x70, 0x00, 0x65, 0x00, 0x6e,
  0x00, 0x20, 0x00, 0x46, 0x00, 0x6f, 0x00, 0x6e, 0x00, 0x74, 0x00, 0x20,
  0x00, 0x4c, 0x00, 0x69, 0x00, 0x63, 0x00, 0x65, 0x00, 0x6e, 0x00, 0x73,
  0x00, 0x65, 0x00, 0x2c, 0x00, 0x20, 0x00, 0x56, 0x00, 0x65, 0x00, 0x72,
  0x00, 0x73, 0x00, 0x69, 0x00, 0x6f, 0x00, 0x6e, 0x00, 0x20, 0x00, 0x31,
  0x00, 0x2e, 0x00, 0x31, 0x00, 0x2e, 0x00, 0x20, 0x00, 0x54, 0x00, 0x68,
  0x00, 0x69, 0x00, 0x73, 0x00, 0x20, 0x00, 0x6c, 0x00, 0x69, 0x00, 0x63,
  0x00, 0x65, 0x00, 0x6e, 0x00, 0x73, 0x00, 0x65, 0x00, 0x20, 0x00, 0x69,
  0x00, 0x73, 0x00, 0x20, 0x00, 0x61, 0x00, 0x76, 0x00, 0x61, 0x00, 0x69,
  0x00, 0x6c, 0x00, 0x61, 0x00, 0x62, 0x00, 0x6c, 0x00, 0x65, 0x00, 0x20,
  0x00, 0x77, 0x00, 0x69, 0x00, 0x74, 0x00, 0x68, 0x00, 0x20, 0x00, 0x61,
  0x00, 0x20, 0x00, 0x46, 0x00, 0x41, 0x00, 0x51, 0x00, 0x20, 0x00, 0x61,
  0x00, 0x74, 0x00, 0x3a, 0x00, 0x20, 0x00, 0x68, 0x00, 0x74, 0x00, 0x74,
  0x00, 0x70, 0x00, 0x3a, 0x00, 0x2f, 0x00, 0x2f, 0x00, 0x73, 0x00, 0x63,
  0x00, 0x72, 0x00, 0x69, 0x00, 0x70, 0x00, 0x74, 0x00, 0x73, 0x00, 0x2e,
  0x00, 0x73, 0x00, 0x69, 0x00, 0x6c, 0x00, 0x2e, 0x00, 0x6f, 0x00, 0x72,
  0x00, 0x67, 0x00, 0x2f, 0x00, 0x4f, 0x00, 0x46, 0x00, 0x4c, 0x00, 0x6e,
  0x00, 0x65, 0x00, 0x77, 0x00, 0x74, 0x00, 0x79, 0x00, 0x70, 0x00, 0x6f,
  0x00, 0x67, 0x00, 0x72, 0x00, 0x61, 0x00, 0x70, 0x00, 0x68, 0x00, 0x79,
  0x00, 0x2e, 0x00, 0x63, 0x00, 0x6f, 0x00, 0x2e, 0x00, 0x75, 0x00, 0x6b,
  0x00, 0x56, 0x00, 0x65, 0x00, 0x72, 0x00, 0x6e, 0x00, 0x6f, 0x00, 0x6e,
  0x00, 0x20, 0x00, 0x41, 0x00, 0x64, 0x00, 0x61, 0x00, 0x6d, 0x00, 0x73,
  0x00, 0x4f, 0x00, 0x78, 0x00, 0x79, 0x00, 0x67, 0x00, 0x65, 0x00, 0x6e,
  0x00, 0x20, 0x00, 0x69, 0x00, 0x73, 0x00, 0x20, 0x00, 0x61, 0x00, 0x20,
  0x00, 0x74, 0x00, 0x72, 0x00, 0x61, 0x00, 0x64, 0x00, 0x65, 0x00, 0x6d,
  0x00, 0x61, 0x00, 0x72, 0x00, 0x6b, 0x00, 0x20, 0x00, 0x6f, 0x00, 0x66,
  0x00, 0x20, 0x00, 0x56, 0x00, 0x65, 0x00, 0x72, 0x00, 0x6e, 0x00, 0x6f,
  0x00, 0x6e, 0x00, 0x20, 0x00, 0x41, 0x00, 0x64, 0x00, 0x61, 0x00, 0x6d,
  0x00, 0x73, 0x00, 0x2e, 0x00, 0x4f, 0x00, 0x78, 0x00, 0x79, 0x00, 0x67,
  0x00, 0x65, 0x00, 0x6e, 0x00, 0x2d, 0x00, 0x52, 0x00, 0x65, 0x00, 0x67,
  0x00, 0x75, 0x00, 0x6c, 0x00, 0x61, 0x00, 0x72, 0x00, 0x56, 0x00, 0x65,
  0x00, 0x72, 0x00, 0x73, 0x00, 0x69, 0x00, 0x6f, 0x00, 0x6e, 0x00, 0x20,
  0x00, 0x52, 0x00, 0x65, 0x00, 0x6c, 0x00, 0x65, 0x00, 0x61, 0x00, 0x73,
  0x00, 0x65, 0x00, 0x20, 0x00, 0x30, 0x00, 0x2e, 0x00, 0x32, 0x00, 0x2e,
  0x00, 0x33, 0x00, 0x20, 0x00, 0x77, 0x00, 0x65, 0x00, 0x62, 0x00, 0x66,
  0x00, 0x6f, 0x00, 0x6e, 0x00, 0x74, 0x00, 0x3b, 0x00, 0x20, 0x00, 0x74,
  0x00, 0x74, 0x00, 0x66, 0x00, 0x61, 0x00, 0x75, 0x00, 0x74, 0x00, 0x6f,
  0x00, 0x68, 0x00, 0x69, 0x00, 0x6e, 0x00, 0x74, 0x00, 0x20, 0x00, 0x28,
  0x00, 0x76, 0x00, 0x30, 0x00, 0x2e, 0x00, 0x39, 0x00, 0x33, 0x00, 0x2e,
  0x00, 0x33, 0x00, 0x2d, 0x00, 0x31, 0x00, 0x64, 0x00, 0x36, 0x00, 0x36,
  0x00, 0x29, 0x00, 0x20, 0x00, 0x2d, 0x00, 0x6c, 0x00, 0x20, 0x00, 0x38,
  0x00, 0x20, 0x00, 0x2d, 0x00, 0x72, 0x00, 0x20, 0x00, 0x35, 0x00, 0x30,
  0x00, 0x20, 0x00, 0x2d, 0x00, 0x47, 0x00, 0x20, 0x00, 0x32, 0x00, 0x30,
  0x00, 0x30, 0x00, 0x20, 0x00, 0x2d, 0x00, 0x78, 0x00, 0x20, 0x00, 0x30,
  0x00, 0x20, 0x00, 0x2d, 0x00, 0x77, 0x00, 0x20, 0x00, 0x22, 0x00, 0x67,
  0x00, 0x47, 0x00, 0x44, 0x00, 0x22, 0x00, 0x20, 0x00, 0x2d, 0x00, 0x63,
  0x00, 0x4f, 0x00, 0x78, 0x00, 0x79, 0x00, 0x67, 0x00, 0x65, 0x00, 0x6e,
  0x00, 0x20, 0x00, 0x52, 0x00, 0x65, 0x00, 0x67, 0x00, 0x75, 0x00, 0x6c,
  0x00, 0x61, 0x00, 0x72, 0x00, 0x30, 0x00, 0x2e, 0x00, 0x32, 0x00, 0x3b,
  0x00, 0x55, 0x00, 0x4b, 0x00, 0x57, 0x00, 0x4e, 0x00, 0x3b, 0x00, 0x4f,
  0x00, 0x78, 0x00, 0x79, 0x00, 0x67, 0x00, 0x65, 0x00, 0x6e, 0x00, 0x2d,
  0x00, 0x52, 0x00, 0x65, 0x00, 0x67, 0x00, 0x75, 0x00, 0x6c, 0x00, 0x61,
  0x00, 0x72, 0x00, 0x52, 0x00, 0x65, 0x00, 0x67, 0x00, 0x75, 0x00, 0x6c,
  0x00, 0x61, 0x00, 0x72, 0x00, 0x4f, 0x00, 0x78, 0x00, 0x79, 0x00, 0x67,
  0x00, 0x65, 0x00, 0x6e, 0x00, 0x43, 0x00, 0x6f, 0x00, 0x70, 0x00, 0x79,
  0x00, 0x72, 0x00, 0x69, 0x00, 0x67, 0x00, 0x68, 0x00, 0x74, 0x00, 0x20,
  0x00, 0x28, 0x00, 0x63, 0x00, 0x29, 0x00, 0x20, 0x00, 0x32, 0x00, 0x30,
  0x00, 0x31, 0x00, 0x32, 0x00, 0x2c, 0x00, 0x20, 0x00, 0x56, 0x00, 0x65,
  0x00, 0x72, 0x00, 0x6e, 0x00, 0x6f, 0x00, 0x6e, 0x00, 0x20, 0x00, 0x41,
  0x00, 0x64, 0x00, 0x61, 0x00, 0x6d, 0x00, 0x73, 0x00, 0x20, 0x00, 0x28,
  0x00, 0x76, 0x00, 0x65, 0x00, 0x72, 0x00, 0x6e, 0x00, 0x40, 0x00, 0x6e,
  0x00, 0x65, 0x00, 0x77, 0x00, 0x74, 0x00, 0x79, 0x00, 0x70, 0x00, 0x6f,
  0x00, 0x67, 0x00, 0x72, 0x00, 0x61, 0x00, 0x70, 0x00, 0x68, 0x00, 0x79,
  0x00, 0x2e, 0x00, 0x63, 0x00, 0x6f, 0x00, 0x2e, 0x00, 0x75, 0x00, 0x6b,
  0x00, 0x29, 0x00, 0x2c, 0x00, 0x20, 0x00, 0x77, 0x00, 0x69, 0x00, 0x74,
  0x00, 0x68, 0x00, 0x20, 0x00, 0x52, 0x00, 0x65, 0x00, 0x73, 0x00, 0x65,
  0x00, 0x72, 0x00, 0x76, 0x00, 0x65, 0x00, 0x64, 0x00, 0x20, 0x00, 0x46,
  0x00, 0x6f, 0x00, 0x6e, 0x00, 0x74, 0x00, 0x20, 0x00, 0x4e, 0x00, 0x61,
  0x00, 0x6d, 0x00, 0x65, 0x00, 0x73, 0x00, 0x20, 0x00, 0x27, 0x00, 0x4f,
  0x00, 0x78, 0x00, 0x79, 0x00, 0x67, 0x00, 0x65, 0x00, 0x6e, 0x00, 0x27,
  0x04, 0x00, 0x00, 0x66, 0x00, 0x00, 0x00, 0x00, 0x02, 0xaa, 0x00, 0x00,
  0x01, 0xff, 0x00, 0x00, 0x02, 0x4a, 0x00, 0xa0, 0x02, 0xc6, 0x00, 0x8b,
  0x04, 0x6e, 0x00, 0x5b, 0x04, 0xd9, 0x00, 0x5e, 0x07, 0x55, 0x00, 0x67,
  0x05, 0xc5, 0x00, 0x68, 0x01, 0xa7, 0x00, 0x7f, 0x02, 0x61, 0x00, 0x67,
  0x02, 0x61, 0x00, 0x4d, 0x04, 0x51, 0x00, 0x57, 0x04, 0x66, 0x00, 0x66,
  0x01, 0xf9, 0x00, 0x6d, 0x02, 0xa0, 0x00, 0x56, 0x01, 0xee, 0x00, 0x80,
  0x03, 0xb8, 0x00, 0x32, 0x04, 0xd9, 0x00, 0x6d, 0x02, 0x72, 0x00, 0x25,
  0x04, 0x5c, 0x00, 0x5a, 0x04, 0x4f, 0x00, 0x69, 0x04, 0xbb, 0x00, 0x6c,
  0x04, 0x99, 0x00, 0x79, 0x04, 0xaf, 0x00, 0x67, 0x04, 0x1c, 0x00, 0x64,
  0x04, 0x9e, 0x00, 0x67, 0x04, 0x8d, 0x00, 0x56, 0x01, 0xee, 0x00, 0x92,
  0x02, 0x06, 0x00, 0x8a, 0x04, 0x97, 0x00, 0x67, 0x04, 0xcc, 0x00, 0x83,
  0x04, 0x98, 0x00, 0x73, 0x03, 0x61, 0x00, 0x49, 0x07, 0x16, 0x00, 0x6f,
  0x05, 0x16, 0x00, 0x03, 0x05, 0x06, 0x00, 0xae, 0x05, 0x0a, 0x00, 0x70,
  0x05, 0xde, 0x00, 0xae, 0x04, 0x77, 0x00, 0xae, 0x04, 0x11, 0x00, 0xae,
  0x05, 0xb5, 0x00, 0x71, 0x05, 0xd0, 0x00, 0xae, 0x02, 0x1c, 0x00, 0xb6,
  0x02, 0x26, 0xff, 0xd8, 0x04, 0xda, 0x00, 0xad, 0x03, 0xfd, 0x00, 0xae,
  0x07, 0x19, 0x00, 0xaf, 0x05, 0xec, 0x00, 0xae, 0x06, 0x5a, 0x00, 0x70,
  0x04, 0x87, 0x00, 0x92, 0x06, 0x5a, 0x00, 0x70, 0x05, 0x3b, 0x00, 0x93,
  0x04, 0xcb, 0x00, 0x5e, 0x04, 0x4b, 0x00, 0x07, 0x05, 0x9e, 0x00, 0x9c,
  0x04, 0xda, 0xff, 0xfb, 0x07, 0xdd, 0x00, 0x00, 0x04, 0xd8, 0x00, 0x09,
  0x04, 0xaa, 0xff, 0xff, 0x04, 0xa0, 0x00, 0x56, 0x02, 0xa4, 0x00, 0x8f,
  0x03, 0x4b, 0x00, 0x34, 0x02, 0xa4, 0x00, 0x50, 0x04, 0x85, 0x00, 0x45,
  0x04, 0x3d, 0x00, 0x49, 0x02, 0x83, 0x00, 0x55, 0x04, 0x4a, 0x00, 0x5e,
  0x04, 0xbf, 0x00, 0x94, 0x03, 0xc8, 0x00, 0x5c, 0x04, 0xbb, 0x00, 0x5c,
  0x04, 0x54, 0x00, 0x5d, 0x02, 0x9d, 0x00, 0x22, 0x04, 0xa3, 0x00, 0x46,
  0x04, 0x58, 0x00, 0x91, 0x01, 0xff, 0x00, 0xac, 0x01, 0xbd, 0xff, 0xb3,
  0x04, 0x11, 0x00, 0x91, 0x02, 0x39, 0x00, 0x91, 0x06, 0xed, 0x00, 0x8f,
  0x04, 0xa0, 0x00, 0x8f, 0x04, 0xb1, 0x00, 0x5c, 0x04, 0xb1, 0x00, 0x8f,
  0x04, 0xbb, 0x00, 0x60, 0x02, 0xea, 0x00, 0x94, 0x03, 0xb9, 0x00, 0x67,
  0x02, 0xc6, 0x00, 0x1c, 0x04, 0x4c, 0x00, 0x69, 0x04, 0x07, 0xff, 0xff,
  0x06, 0x46, 0x00, 0x13, 0x04, 0x21, 0x00, 0x1f, 0x03, 0xfe, 0x00, 0x03,
  0x03, 0x90, 0x00, 0x53, 0x02, 0xdd, 0x00, 0x4b, 0x03, 0x1f, 0x01, 0x47,
  0x02, 0xe2, 0x00, 0x5f, 0x04, 0xe7, 0x00, 0x78, 0x01, 0xff, 0x00, 0x00,
  0x02, 0x4a, 0x00, 0xa0, 0x04, 0x4e, 0x00, 0x46, 0x04, 0x6c, 0x00, 0x53,
  0x04, 0x7f, 0x00, 0x37, 0x04, 0x6f, 0x00, 0x19, 0x03, 0x14, 0x01, 0x42,
  0x03, 0xf9, 0x00, 0x8d, 0x03, 0x02, 0x00, 0x76, 0x07, 0x31, 0x00, 0x75,
  0x03, 0x27, 0x00, 0x80, 0x03, 0xe8, 0x00, 0x64, 0x04, 0xc9, 0x00, 0x6d,
  0x03, 0xb2, 0x00, 0x6c, 0x07, 0x20, 0x00, 0x75, 0x04, 0x26, 0x00, 0xb0,
  0x03, 0x4e, 0x00, 0x70, 0x04, 0xb2, 0x00, 0x76, 0x02, 0xfb, 0x00, 0x86,
  0x02, 0xf4, 0x00, 0x84, 0x02, 0x7f, 0x00, 0x80, 0x04, 0x2c, 0x00, 0x0d,
  0x01, 0xd4, 0x00, 0x96, 0x02, 0x54, 0x00, 0x72, 0x02, 0x59, 0x00, 0x7a,
  0x03, 0x83, 0x00, 0x83, 0x03, 0xf4, 0x00, 0x66, 0x06, 0x49, 0x00, 0x7a,
  0x06, 0x37, 0x00, 0x7a, 0x06, 0x5e, 0x00, 0x74, 0x03, 0x61, 0x00, 0x49,
  0x05, 0x16, 0x00, 0x03, 0x05, 0x16, 0x00, 0x03, 0x05, 0x16, 0x00, 0x03,
  0x05, 0x16, 0x00, 0x03, 0x05, 0x16, 0x00, 0x03, 0x05, 0x16, 0x00, 0x03,
  0x08, 0x2c, 0x00, 0x55, 0x05, 0x0a, 0x00, 0x70, 0x04, 0x77, 0x00, 0xae,
  0x04, 0x77, 0x00, 0xae, 0x04, 0x77, 0x00, 0xae, 0x04, 0x77, 0x00, 0xae,
  0x02, 0x1c, 0xff, 0x91, 0x02, 0x1c, 0x00, 0xb6, 0x02, 0x1c, 0xff, 0xe7,
  0x02, 0x1c, 0xff, 0xfc, 0x05, 0xf2, 0x00, 0x1d, 0x05, 0xec, 0x00, 0xae,
  0x06, 0x5a, 0x00, 0x70, 0x06, 0x5a, 0x00, 0x70, 0x06, 0x5a, 0x00, 0x70,
  0x06, 0x5a, 0x00, 0x70, 0x06, 0x5a, 0x00, 0x70, 0x03, 0xe1, 0x00, 0x74,
  0x06, 0x5a, 0x00, 0x70, 0x05, 0x9e, 0x00, 0x9c, 0x05, 0x9e, 0x00, 0x9c,
  0x05, 0x9e, 0x00, 0x9c, 0x05, 0x9e, 0x00, 0x9c, 0x04, 0xaa, 0xff, 0xff,
  0x05, 0x0b, 0x00, 0x93, 0x04, 0xc6, 0x00, 0x76, 0x04, 0x4a, 0x00, 0x5e,
  0x04, 0x4a, 0x00, 0x5e, 0x04, 0x4a, 0x00, 0x5e, 0x04, 0x4a, 0x00, 0x5e,
  0x04, 0x4a, 0x00, 0x5e, 0x04, 0x4a, 0x00, 0x5e, 0x06, 0x8a, 0x00, 0x50,
  0x03, 0xc8, 0x00, 0x5c, 0x04, 0x54, 0x00, 0x5d, 0x04, 0x54, 0x00, 0x5d,
  0x04, 0x54, 0x00, 0x5d, 0x04, 0x54, 0x00, 0x5d, 0x01, 0xae, 0xff, 0x61,
  0x01, 0xae, 0x00, 0x87, 0x01, 0xae, 0xff, 0xb6, 0x01, 0xae, 0xff, 0xcb,
  0x04, 0xb4, 0x00, 0x57, 0x04, 0xa0, 0x00, 0x8f, 0x04, 0xb1, 0x00, 0x5c,
  0x04, 0xb1, 0x00, 0x5c, 0x04, 0xb1, 0x00, 0x5c, 0x04, 0xb1, 0x00, 0x5c,
  0x04, 0xb1, 0x00, 0x5c, 0x04, 0xbb, 0x00, 0x61, 0x04, 0xb0, 0x00, 0x5c,
  0x04, 0x4c, 0x00, 0x69, 0x04, 0x4c, 0x00, 0x69, 0x04, 0x4c, 0x00, 0x69,
  0x04, 0x4c, 0x00, 0x69, 0x03, 0xfe, 0x00, 0x03, 0x04, 0xb5, 0x00, 0x7c,
  0x03, 0xfe, 0x00, 0x03, 0x05, 0x16, 0x00, 0x03, 0x04, 0x4a, 0x00, 0x5e,
  0x05, 0x16, 0x00, 0x03, 0x04, 0x4a, 0x00, 0x5e, 0x05, 0x16, 0x00, 0x03,
  0x04, 0x4a, 0x00, 0x5e, 0x05, 0x0a, 0x00, 0x70, 0x03, 0xc8, 0x00, 0x5c,
  0x05, 0x0a, 0x00, 0x70, 0x03, 0xc8, 0x00, 0x5c, 0x05, 0x0a, 0x00, 0x70,
  0x03, 0xc8, 0x00, 0x5c, 0x05, 0x0a, 0x00, 0x70, 0x03, 0xc8, 0x00, 0x5c,
  0x05, 0xde, 0x00, 0xae, 0x04, 0xbb, 0x00, 0x5c, 0x05, 0xf2, 0x00, 0x1d,
  0x04, 0x90, 0x00, 0x46, 0x04, 0x77, 0x00, 0xae, 0x04, 0x54, 0x00, 0x5d,
  0x04, 0x77, 0x00, 0xae, 0x04, 0x54, 0x00, 0x5d, 0x04, 0x77, 0x00, 0xae,
  0x04, 0x54, 0x00, 0x5d, 0x04, 0x77, 0x00, 0xae, 0x04, 0x54, 0x00, 0x5d,
  0x05, 0xb5, 0x00, 0x71, 0x04, 0xa3, 0x00, 0x46, 0x05, 0xb5, 0x00, 0x71,
  0x04, 0xa3, 0x00, 0x46, 0x05, 0xb5, 0x00, 0x71, 0x04, 0xa3, 0x00, 0x46,
  0x05, 0xb5, 0x00, 0x71, 0x04, 0xa3, 0x00, 0x46, 0x05, 0xd0, 0x00, 0xae,
  0x04, 0x58, 0x00, 0x91, 0x05, 0xb7, 0x00, 0x39, 0x04, 0x58, 0x00, 0x15,
  0x02, 0x1c, 0xff, 0xa1, 0x01, 0xae, 0xff, 0x70, 0x02, 0x1c, 0xff, 0xaa,
  0x01, 0xae, 0xff, 0x78, 0x02, 0x1c, 0x00, 0x12, 0x01, 0xae, 0xff, 0xe0,
  0x02, 0x1c, 0x00, 0x14, 0x01, 0xff, 0x00, 0x08, 0x02, 0x1c, 0x00, 0xb6,
  0x01, 0xae, 0x00, 0x87, 0x04, 0x42, 0x00, 0xb6, 0x03, 0x8f, 0x00, 0x9f,
  0x02, 0x26, 0xff, 0x90, 0x01, 0xbc, 0xff, 0x59, 0x04, 0xda, 0x00, 0xad,
  0x04, 0x11, 0x00, 0x91, 0x04, 0x50, 0x00, 0x93, 0x03, 0xfd, 0x00, 0xae,
  0x02, 0x39, 0x00, 0x91, 0x03, 0xfd, 0x00, 0xae, 0x02, 0x39, 0x00, 0x91,
  0x03, 0xfd, 0x00, 0xae, 0x02, 0x39, 0x00, 0x91, 0x03, 0xfd, 0x00, 0xae,
  0x04, 0x0d, 0x00, 0x91, 0x03, 0xc0, 0x00, 0x00, 0x02, 0x4d, 0x00, 0x1f,
  0x05, 0xec, 0x00, 0xae, 0x04, 0xa0, 0x00, 0x8f, 0x05, 0xec, 0x00, 0xae,
  0x04, 0xa0, 0x00, 0x8f, 0x05, 0xec, 0x00, 0xae, 0x04, 0xa0, 0x00, 0x8f,
  0x06, 0x5a, 0x00, 0x70, 0x04, 0xb1, 0x00, 0x5c, 0x06, 0x5a, 0x00, 0x70,
  0x04, 0xb1, 0x00, 0x5c, 0x06, 0x5a, 0x00, 0x70, 0x04, 0xb1, 0x00, 0x5c,
  0x07, 0xbc, 0x00, 0x65, 0x07, 0x7c, 0x00, 0x52, 0x05, 0x3b, 0x00, 0x93,
  0x02, 0xea, 0x00, 0x94, 0x05, 0x3b, 0x00, 0x93, 0x02, 0xea, 0x00, 0x94,
  0x05, 0x3b, 0x00, 0x93, 0x02, 0xea, 0x00, 0x8b, 0x04, 0xcb, 0x00, 0x5e,
  0x03, 0xb9, 0x00, 0x67, 0x03, 0xb9, 0x00, 0x67, 0x04, 0xcb, 0x00, 0x5e,
  0x03, 0xb9, 0x00, 0x67, 0x04, 0xcb, 0x00, 0x5e, 0x03, 0xb9, 0x00, 0x67,
  0x04, 0x4b, 0x00, 0x07, 0x02, 0xc6, 0x00, 0x1c, 0x04, 0x4b, 0x00, 0x07,
  0x02, 0xc6, 0x00, 0x1c, 0x05, 0x9e, 0x00, 0x9c, 0x04, 0x4c, 0x00, 0x69,
  0x05, 0x9e, 0x00, 0x9c, 0x04, 0x4c, 0x00, 0x69, 0x05, 0x9e, 0x00, 0x9c,
  0x04, 0x4c, 0x00, 0x69, 0x05, 0x9e, 0x00, 0x9c, 0x04, 0x4c, 0x00, 0x69,
  0x05, 0x9e, 0x00, 0x9c, 0x04, 0x4c, 0x00, 0x69, 0x05, 0x9e, 0x00, 0x9c,
  0x04, 0x4c, 0x00, 0x69, 0x07, 0xdd, 0x00, 0x00, 0x06, 0x46, 0x00, 0x13,
  0x04, 0xaa, 0xff, 0xff, 0x03, 0xfe, 0x00, 0x03, 0x04, 0xaa, 0xff, 0xff,
  0x04, 0xa0, 0x00, 0x56, 0x03, 0x90, 0x00, 0x53, 0x04, 0xa0, 0x00, 0x56,
  0x03, 0x90, 0x00, 0x53, 0x04, 0xa0, 0x00, 0x56, 0x03, 0x90, 0x00, 0x53,
  0x03, 0xd2, 0x00, 0x1c, 0x0a, 0x7e, 0x00, 0xae, 0x09, 0x6e, 0x00, 0xae,
  0x08, 0x4b, 0x00, 0x5c, 0x06, 0x23, 0x00, 0xae, 0x05, 0xba, 0x00, 0xae,
  0x03, 0xf6, 0x00, 0x91, 0x08, 0x12, 0x00, 0xae, 0x07, 0xa9, 0x00, 0xae,
  0x06, 0x5d, 0x00, 0x8f, 0x0a, 0x7e, 0x00, 0xae, 0x09, 0x6e, 0x00, 0xae,
  0x08, 0x4b, 0x00, 0x5c, 0x05, 0xb5, 0x00, 0x71, 0x04, 0xa3, 0x00, 0x46,
  0x05, 0x16, 0x00, 0x03, 0x04, 0x4a, 0x00, 0x59, 0x05, 0x16, 0x00, 0x03,
  0x04, 0x4a, 0x00, 0x5e, 0x04, 0x77, 0x00, 0xab, 0x04, 0x54, 0x00, 0x5d,
  0x04, 0x77, 0x00, 0xae, 0x04, 0x54, 0x00, 0x5d, 0x02, 0x1c, 0xff, 0x59,
  0x01, 0xae, 0xff, 0x29, 0x02, 0x1c, 0x00, 0x12, 0x01, 0xae, 0xff, 0xe0,
  0x06, 0x5a, 0x00, 0x70, 0x04, 0xb1, 0x00, 0x5c, 0x06, 0x5a, 0x00, 0x70,
  0x04, 0xb1, 0x00, 0x5c, 0x05, 0x3b, 0x00, 0x93, 0x02, 0xea, 0xff, 0xfd,
  0x05, 0x3b, 0x00, 0x93, 0x02, 0xea, 0x00, 0x94, 0x05, 0x9e, 0x00, 0x9c,
  0x04, 0x4c, 0x00, 0x69, 0x05, 0x9e, 0x00, 0x9c, 0x04, 0x4c, 0x00, 0x69,
  0x04, 0xcb, 0x00, 0x5e, 0x03, 0xb9, 0x00, 0x67, 0x04, 0x4b, 0x00, 0x07,
  0x02, 0xc6, 0x00, 0x1c, 0x01, 0xbc, 0xff, 0xb3, 0x03, 0x20, 0x00, 0x6c,
  0x03, 0x20, 0x00, 0x6c, 0x02, 0xf2, 0x00, 0x80, 0x01, 0xb1, 0xff, 0xac,
  0x01, 0xb1, 0xff, 0xdf, 0x02, 0x4e, 0x00, 0x76, 0x04, 0xe9, 0x01, 0x09,
  0x03, 0x31, 0x00, 0x80, 0x01, 0x9b, 0x00, 0x7a, 0x03, 0x57, 0x00, 0x6d,
  0x02, 0xff, 0x00, 0x86, 0x02, 0x2b, 0x00, 0x90, 0x05, 0xb0, 0x00, 0xa0,
  0x05, 0x06, 0x00, 0xae, 0x04, 0xbf, 0x00, 0x94, 0x05, 0xde, 0x00, 0xae,
  0x04, 0xbb, 0x00, 0x5c, 0x04, 0x11, 0x00, 0xae, 0x02, 0x9d, 0x00, 0x22,
  0x07, 0x19, 0x00, 0xaf, 0x06, 0xed, 0x00, 0x8f, 0x04, 0x87, 0x00, 0x92,
  0x04, 0xb1, 0x00, 0x8f, 0x04, 0xcb, 0x00, 0x5e, 0x03, 0xb9, 0x00, 0x67,
  0x04, 0x4b, 0x00, 0x07, 0x02, 0xc6, 0x00, 0x1c, 0x07, 0xdd, 0x00, 0x00,
  0x06, 0x46, 0x00, 0x13, 0x07, 0xdd, 0x00, 0x00, 0x06, 0x46, 0x00, 0x13,
  0x07, 0xdd, 0x00, 0x00, 0x06, 0x46, 0x00, 0x13, 0x04, 0xaa, 0xff, 0xff,
  0x03, 0xfe, 0x00, 0x03, 0x05, 0x25, 0x00, 0x8b, 0x09, 0x7b, 0x00, 0x8b,
  0x01, 0xfe, 0x00, 0x81, 0x01, 0xf8, 0x00, 0x85, 0x01, 0xf8, 0x00, 0x7e,
  0x03, 0x32, 0x00, 0x81, 0x03, 0x1b, 0x00, 0x85, 0x03, 0x33, 0x00, 0x7e,
  0x03, 0x6c, 0x00, 0x47, 0x03, 0xb6, 0x00, 0x6b, 0x03, 0x63, 0x00, 0x89,
  0x05, 0xca, 0x00, 0x80, 0x08, 0xff, 0x00, 0x6c, 0x02, 0x6c, 0x00, 0x78,
  0x02, 0x69, 0x00, 0x7c, 0x04, 0x6f, 0x00, 0x3c, 0x02, 0xf4, 0x00, 0x5c,
  0x04, 0xba, 0x00, 0x69, 0x07, 0x14, 0x00, 0x5a, 0x04, 0xb8, 0x00, 0x71,
  0x05, 0x3b, 0x00, 0x53, 0x05, 0xb7, 0x00, 0x93, 0x05, 0x06, 0x00, 0x52,
  0x04, 0xc0, 0x00, 0x44, 0x07, 0x13, 0x00, 0x87, 0x02, 0xba, 0x00, 0x28,
  0x05, 0x22, 0x00, 0x88, 0x04, 0xa7, 0x00, 0x70, 0x04, 0x9f, 0x00, 0x65,
  0x04, 0x9f, 0x00, 0x78, 0x04, 0x76, 0x00, 0x57, 0x05, 0x29, 0x00, 0x22,
  0x04, 0x40, 0x00, 0x14, 0x04, 0xd5, 0x00, 0x14, 0x00, 0x01, 0x00, 0x00,
  0x00, 0x0a, 0x00, 0x24, 0x00, 0x32, 0x00, 0x02, 0x44, 0x46, 0x4c, 0x54,
  0x00, 0x0e, 0x6c, 0x61, 0x74, 0x6e, 0x00, 0x0e, 0x00, 0x04, 0x00, 0x00,
  0x00, 0x00, 0xff, 0xff, 0x00, 0x01, 0x00, 0x00, 0x00, 0x01, 0x6b, 0x65,
  0x72, 0x6e, 0x00, 0x08, 0x00, 0x00, 0x00, 0x01, 0x00, 0x00, 0x00, 0x01,
  0x00, 0x04, 0x00, 0x02, 0x00, 0x00, 0x00, 0x02, 0x07, 0x38, 0x00, 0x0a,
  0x00, 0x02, 0x04, 0x04, 0x00, 0x04, 0x00, 0x00, 0x06, 0x1c, 0x04, 0x92,
  0x00, 0x16, 0x00, 0x17, 0x00, 0x00, 0x00, 0x00, 0xff, 0xed, 0xff, 0x94,
  0xff, 0xd2, 0xff, 0xab, 0x00, 0x00, 0xff, 0xb1, 0x00, 0x00, 0x00, 0x00,
  0x00, 0x00, 0x00, 0x00, 0x00, 0x00, 0x00, 0x00, 0x00, 0x00, 0xff, 0x6a,
  0xff, 0x60, 0x00, 0x00, 0x00, 0x00, 0xff, 0xef, 0xff, 0xf2, 0x00, 0x00,
  0xff, 0xec, 0x00, 0x00, 0xff, 0xf2, 0x00, 0x00, 0x00, 0x00, 0x00, 0x00,
  0x00, 0x00, 0x00, 0x00, 0x00, 0x00, 0x00, 0x00, 0x00, 0x00, 0xff, 0xe2,
  0x00, 0x00, 0x00, 0x00, 0x00, 0x00, 0xff, 0xd8, 0x00, 0x00, 0x00, 0x00,
  0x00, 0x00, 0x00, 0x00, 0x00, 0x00, 0x00, 0x00, 0x00, 0x00, 0x00, 0x00,
  0x00, 0x00, 0xff, 0xd4, 0x00, 0x00, 0x00, 0x00, 0xff, 0xe9, 0xff, 0xe3,
  0xff, 0xde, 0xff, 0xac, 0x00, 0x00, 0x00, 0x00, 0xff, 0x88, 0x00, 0x00,
  0x00, 0x00, 0x00, 0x00, 0xff, 0xba, 0x00, 0x00, 0x00, 0x00, 0x00, 0x00,
  0x00, 0x00, 0x00, 0x00, 0x00, 0x00, 0x00, 0x00, 0x00, 0x00, 0x00, 0x00,
  0xff, 0xd8, 0x00, 0x00, 0x00, 0x00, 0x00, 0x00, 0x00, 0x00, 0x00, 0x00,
  0x00, 0x00, 0xff, 0xe8, 0xff, 0xeb, 0x00, 0x00, 0x00, 0x00, 0x00, 0x00,
  0x00, 0x00, 0x00, 0x00, 0x00, 0x00, 0x00, 0x00, 0x00, 0x00, 0x00, 0x00,
  0x00, 0x00, 0x00, 0x00, 0x00, 0x00, 0x00, 0x00, 0x00, 0x00, 0x00, 0x00,
  0xff, 0xd3, 0x00, 0x00, 0x00, 0x00, 0x00, 0x00, 0x00, 0x00, 0x00, 0x00,
  0x00, 0x00, 0xff, 0xed, 0x00, 0x00, 0x00, 0x00, 0x00, 0x00, 0x00, 0x00,
  0x00, 0x00, 0x00, 0x00, 0x00, 0x00, 0x00, 0x00, 0xff, 0xf4, 0xff, 0xe9,
  0xff, 0xf4, 0x00, 0x00, 0xff, 0xe8, 0x00, 0x00, 0x00, 0x00, 0x00, 0x00,
  0xff, 0xa7, 0xff, 0xc2, 0xff, 0xd1, 0x00, 0x00, 0xff, 0x6d, 0x00, 0x00,
  0x00, 0x00, 0x00, 0x00, 0x00, 0x00, 0x00, 0x00, 0x00, 0x00, 0x00, 0x00,
  0x00, 0x00, 0x00, 0x00, 0x00, 0x00, 0x00, 0x00, 0x00, 0x00, 0x00, 0x00,
  0x00, 0x00, 0xff, 0xda, 0x00, 0x00, 0xff, 0xaf, 0x00, 0x00, 0x00, 0x00,
  0x00, 0x00, 0x00, 0x00, 0x00, 0x00, 0x00, 0x00, 0xff, 0xf9, 0xff, 0xf7,
  0xfe, 0xe8, 0x00, 0x00, 0x00, 0x00, 0x00, 0x00, 0xff, 0x1a, 0x00, 0x00,
  0x00, 0x00, 0x00, 0x00, 0x00, 0x00, 0x00, 0x00, 0x00, 0x00, 0x00, 0x00,
  0x00, 0x00, 0x00, 0x00, 0xff, 0xf5, 0xff, 0xf0, 0x00, 0x00, 0x00, 0x00,
  0x00, 0x00, 0x00, 0x00, 0x00, 0x00, 0xff, 0xdb, 0xff, 0xd4, 0xff, 0xa6,
  0x00, 0x00, 0xff, 0xb0, 0x00, 0x00, 0xff, 0x92, 0x00, 0x00, 0x00, 0x00,
  0xff, 0xe3, 0xff, 0xdc, 0x00, 0x00, 0xff, 0xed, 0x00, 0x00, 0xff, 0xe5,
  0x00, 0x00, 0xff, 0xf8, 0x00, 0x00, 0x00, 0x00, 0x00, 0x00, 0x00, 0x00,
  0x00, 0x00, 0x00, 0x00, 0x00, 0x00, 0x00, 0x00, 0x00, 0x00, 0x00, 0x00,
  0x00, 0x00, 0x00, 0x00, 0x00, 0x00, 0x00, 0x00, 0x00, 0x00, 0x00, 0x00,
  0x00, 0x00, 0x00, 0x00, 0x00, 0x00, 0x00, 0x00, 0x00, 0x00, 0x00, 0x00,
  0xff, 0x92, 0xff, 0xf9, 0x00, 0x00, 0x00, 0x00, 0x00, 0x00, 0x00, 0x00,
  0x00, 0x00, 0xff, 0xdd, 0xff, 0xde, 0xff, 0x42, 0x00, 0x00, 0x00, 0x00,
  0x00, 0x00, 0xff, 0x4c, 0x00, 0x00, 0x00, 0x00, 0x00, 0x00, 0xff, 0xee,
  0x00, 0x00, 0x00, 0x00, 0x00, 0x00, 0x00, 0x00, 0x00, 0x00, 0xff, 0xcd,
  0x00, 0x00, 0x00, 0x00, 0x00, 0x00, 0x00, 0x00, 0x00, 0x00, 0x00, 0x00,
  0xff, 0xda, 0xff, 0xd3, 0xff, 0xce, 0x00, 0x00, 0xff, 0xd8, 0x00, 0x00,
  0xff, 0x9c, 0x00, 0x00, 0x00, 0x00, 0x00, 0x00, 0xff, 0xf8, 0x00, 0x00,
  0x00, 0x00, 0x00, 0x00, 0x00, 0x00, 0x00, 0x00, 0xff, 0xa4, 0xff, 0xce,
  0x00, 0x00, 0x00, 0x00, 0x00, 0x00, 0x00, 0x00, 0x00, 0x00, 0xff, 0x9d,
  0xff, 0x7a, 0xff, 0x74, 0xff, 0x42, 0xff, 0x9c, 0xff, 0xd1, 0xff, 0x9c,
  0x00, 0x00, 0x00, 0x00, 0xff, 0xcd, 0xff, 0xc4, 0x00, 0x00, 0x00, 0x00,
  0x00, 0x00, 0x00, 0x00, 0x00, 0x00, 0x00, 0x00, 0x00, 0x00, 0x00, 0x00,
  0x00, 0x00, 0x00, 0x00, 0x00, 0x00, 0x00, 0x00, 0xff, 0xf0, 0x00, 0x00,
  0xff, 0xb0, 0x00, 0x00, 0x00, 0x00, 0x00, 0x00, 0xff, 0xce, 0x00, 0x00,
  0x00, 0x00, 0x00, 0x00, 0x00, 0x00, 0xff, 0xf5, 0xff, 0xf9, 0xff, 0xeb,
  0xff, 0xf6, 0x00, 0x00, 0x00, 0x00, 0x00, 0x00, 0x00, 0x00, 0x00, 0x00,
  0x00, 0x00, 0x00, 0x00, 0x00, 0x00, 0xff, 0xf4, 0x00, 0x00, 0x00, 0x00,
  0x00, 0x00, 0x00, 0x00, 0x00, 0x00, 0x00, 0x00, 0x00, 0x00, 0x00, 0x00,
  0x00, 0x00, 0x00, 0x00, 0x00, 0x00, 0x00, 0x00, 0x00, 0x00, 0x00, 0x00,
  0x00, 0x00, 0x00, 0x00, 0x00, 0x00, 0x00, 0x00, 0x00, 0x00, 0x00, 0x00,
  0x00, 0x00, 0x00, 0x00, 0xff, 0xf4, 0xff, 0xf7, 0x00, 0x00, 0x00, 0x00,
  0x00, 0x00, 0x00, 0x00, 0x00, 0x00, 0x00, 0x00, 0x00, 0x00, 0x00, 0x00,
  0x00, 0x00, 0x00, 0x00, 0x00, 0x00, 0x00, 0x00, 0x00, 0x00, 0x00, 0x00,
  0x00, 0x00, 0x00, 0x00, 0x00, 0x00, 0x00, 0x00, 0x00, 0x00, 0x00, 0x00,
  0x00, 0x00, 0x00, 0x00, 0xff, 0xed, 0x00, 0x00, 0xff, 0xe9, 0x00, 0x00,
  0x00, 0x00, 0x00, 0x00, 0x00, 0x00, 0x00, 0x00, 0x00, 0x00, 0x00, 0x00,
  0x00, 0x00, 0x00, 0x00, 0x00, 0x00, 0x00, 0x00, 0x00, 0x00, 0x00, 0x00,
  0x00, 0x00, 0x00, 0x00, 0x00, 0x00, 0x00, 0x00, 0x00, 0x00, 0x00, 0x00,
  0xff, 0xed, 0xff, 0xec, 0xff, 0x88, 0xff, 0xe9, 0x00, 0x00, 0x00, 0x00,
  0xff, 0x60, 0x00, 0x00, 0x00, 0x00, 0x00, 0x00, 0x00, 0x00, 0x00, 0x00,
  0x00, 0x00, 0x00, 0x00, 0x00, 0x00, 0x00, 0x00, 0x00, 0x00, 0x00, 0x00,
  0x00, 0x00, 0x00, 0x00, 0x00, 0x00, 0x00, 0x00, 0x00, 0x00, 0xff, 0xfd,
  0xff, 0xf5, 0x00, 0x00, 0xff, 0xf9, 0x00, 0x00, 0x00, 0x00, 0x00, 0x00,
  0x00, 0x00, 0x00, 0x00, 0x00, 0x00, 0x00, 0x00, 0x00, 0x00, 0x00, 0x00,
  0x00, 0x00, 0x00, 0x00, 0x00, 0x00, 0x00, 0x00, 0x00, 0x00, 0x00, 0x00,
  0x00, 0x00, 0x00, 0x00, 0x00, 0x00, 0x00, 0x00, 0xff, 0xf2, 0xff, 0xf3,
  0xff, 0x7e, 0x00, 0x00, 0x00, 0x00, 0x00, 0x00, 0xff, 0x6a, 0x00, 0x00,
  0x00, 0x00, 0x00, 0x00, 0x00, 0x00, 0x00, 0x00, 0x00, 0x00, 0x00, 0x00,
  0x00, 0x00, 0x00, 0x00, 0x00, 0x00, 0x00, 0x00, 0x00, 0x00, 0x00, 0x00,
  0x00, 0x00, 0x00, 0x00, 0x00, 0x00, 0xff, 0xee, 0xff, 0xf6, 0xff, 0xb0,
  0x00, 0x00, 0x00, 0x00, 0x00, 0x00, 0xff, 0xb0, 0x00, 0x00, 0x00, 0x00,
  0x00, 0x00, 0x00, 0x00, 0x00, 0x00, 0x00, 0x00, 0x00, 0x00, 0x00, 0x00,
  0x00, 0x00, 0x00, 0x00, 0x00, 0x00, 0x00, 0x00, 0x00, 0x00, 0x00, 0x00,
  0x00, 0x00, 0x00, 0x00, 0x00, 0x00, 0xff, 0xe7, 0x00, 0x00, 0x00, 0x00,
  0x00, 0x00, 0x00, 0x00, 0x00, 0x00, 0x00, 0x00, 0x00, 0x00, 0x00, 0x00,
  0x00, 0x00, 0x00, 0x00, 0x00, 0x00, 0x00, 0x00, 0x00, 0x00, 0x00, 0x00,
  0x00, 0x00, 0x00, 0x00, 0x00, 0x00, 0x00, 0x00, 0x00, 0x00, 0x00, 0x00,
  0x00, 0x00, 0xff, 0xe7, 0xff, 0xec, 0xff, 0x92, 0xff, 0xeb, 0x00, 0x00,
  0x00, 0x00, 0xff, 0x9c, 0x00, 0x00, 0x00, 0x00, 0x00, 0x00, 0x00, 0x00,
  0x00, 0x00, 0x00, 0x00, 0x00, 0x00, 0x00, 0x00, 0x00, 0x01, 0x00, 0x45,
  0x00, 0x24, 0x00, 0x25, 0x00, 0x27, 0x00, 0x29, 0x00, 0x2e, 0x00, 0x2f,
  0x00, 0x32, 0x00, 0x33, 0x00, 0x34, 0x00, 0x37, 0x00, 0x38, 0x00, 0x39,
  0x00, 0x3a, 0x00, 0x3c, 0x00, 0x45, 0x00, 0x48, 0x00, 0x49, 0x00, 0x4e,
  0x00, 0x52, 0x00, 0x53, 0x00, 0x55, 0x00, 0x57, 0x00, 0x59, 0x00, 0x5a,
  0x00, 0x5b, 0x00, 0x5c, 0x00, 0x81, 0x00, 0x82, 0x00, 0x83, 0x00, 0x84,
  0x00, 0x85, 0x00, 0x86, 0x00, 0x91, 0x00, 0x93, 0x00, 0x94, 0x00, 0x95,
  0x00, 0x96, 0x00, 0x97, 0x00, 0x99, 0x00, 0x9a, 0x00, 0x9b, 0x00, 0x9c,
  0x00, 0x9d, 0x00, 0x9e, 0x00, 0xb3, 0x00, 0xb4, 0x00, 0xb5, 0x00, 0xb6,
  0x00, 0xb7, 0x00, 0xb9, 0x00, 0xbe, 0x00, 0xbf, 0x00, 0xc0, 0x00, 0xc1,
  0x00, 0xc3, 0x00, 0xc5, 0x00, 0xf6, 0x00, 0xf7, 0x01, 0x13, 0x01, 0x15,
  0x01, 0x31, 0x01, 0x49, 0x01, 0x53, 0x01, 0x55, 0x01, 0x56, 0x01, 0x5a,
  0x01, 0x5d, 0x01, 0x61, 0x01, 0x62, 0x00, 0x02, 0x00, 0x41, 0x00, 0x0f,
  0x00, 0x0f, 0x00, 0x0a, 0x00, 0x10, 0x00, 0x10, 0x00, 0x0c, 0x00, 0x11,
  0x00, 0x11, 0x00, 0x0e, 0x00, 0x24, 0x00, 0x24, 0x00, 0x01, 0x00, 0x26,
  0x00, 0x26, 0x00, 0x02, 0x00, 0x2a, 0x00, 0x2a, 0x00, 0x02, 0x00, 0x32,
  0x00, 0x32, 0x00, 0x02, 0x00, 0x34, 0x00, 0x34, 0x00, 0x02, 0x00, 0x37,
  0x00, 0x37, 0x00, 0x03, 0x00, 0x39, 0x00, 0x39, 0x00, 0x04, 0x00, 0x3a,
  0x00, 0x3a, 0x00, 0x05, 0x00, 0x3b, 0x00, 0x3b, 0x00, 0x06, 0x00, 0x3c,
  0x00, 0x3c, 0x00, 0x07, 0x00, 0x44, 0x00, 0x44, 0x00, 0x08, 0x00, 0x46,
  0x00, 0x48, 0x00, 0x09, 0x00, 0x4a, 0x00, 0x4a, 0x00, 0x0b, 0x00, 0x50,
  0x00, 0x51, 0x00, 0x0d, 0x00, 0x52, 0x00, 0x52, 0x00, 0x09, 0x00, 0x54,
  0x00, 0x54, 0x00, 0x09, 0x00, 0x56, 0x00, 0x56, 0x00, 0x11, 0x00, 0x58,
  0x00, 0x58, 0x00, 0x12, 0x00, 0x59, 0x00, 0x59, 0x00, 0x13, 0x00, 0x5a,
  0x00, 0x5a, 0x00, 0x14, 0x00, 0x5b, 0x00, 0x5b, 0x00, 0x15, 0x00, 0x5c,
  0x00, 0x5c, 0x00, 0x16, 0x00, 0x81, 0x00, 0x86, 0x00, 0x01, 0x00, 0x88,
  0x00, 0x88, 0x00, 0x02, 0x00, 0x93, 0x00, 0x97, 0x00, 0x02, 0x00, 0x99,
  0x00, 0x99, 0x00, 0x02, 0x00, 0x9e, 0x00, 0x9e, 0x00, 0x07, 0x00, 0xa1,
  0x00, 0xa7, 0x00, 0x08, 0x00, 0xa8, 0x00, 0xac, 0x00, 0x09, 0x00, 0xb1,
  0x00, 0xb1, 0x00, 0x09, 0x00, 0xb2, 0x00, 0xb2, 0x00, 0x0d, 0x00, 0xb3,
  0x00, 0xb7, 0x00, 0x09, 0x00, 0xb9, 0x00, 0xb9, 0x00, 0x09, 0x00, 0xba,
  0x00, 0xbd, 0x00, 0x12, 0x00, 0xbe, 0x00, 0xbe, 0x00, 0x16, 0x00, 0xc0,
  0x00, 0xc0, 0x00, 0x16, 0x00, 0xc1, 0x00, 0xc1, 0x00, 0x01, 0x00, 0xc2,
  0x00, 0xc2, 0x00, 0x08, 0x00, 0xc3, 0x00, 0xc3, 0x00, 0x01, 0x00, 0xc4,
  0x00, 0xc4, 0x00, 0x08, 0x00, 0xc5, 0x00, 0xc5, 0x00, 0x01, 0x00, 0xc6,
  0x00, 0xc6, 0x00, 0x08, 0x00, 0xc7, 0x00, 0xc7, 0x00, 0x02, 0x00, 0xc8,
  0x00, 0xc8, 0x00, 0x09, 0x00, 0xcd, 0x00, 0xcd, 0x00, 0x02, 0x00, 0xce,
  0x00, 0xce, 0x00, 0x09, 0x00, 0xd4, 0x00, 0xd4, 0x00, 0x09, 0x00, 0xd8,
  0x00, 0xd8, 0x00, 0x09, 0x01, 0x03, 0x01, 0x03, 0x00, 0x0d, 0x01, 0x0e,
  0x01, 0x0e, 0x00, 0x02, 0x01, 0x0f, 0x01, 0x0f, 0x00, 0x09, 0x01, 0x31,
  0x01, 0x31, 0x00, 0x07, 0x01, 0x49, 0x01, 0x49, 0x00, 0x01, 0x01, 0x4a,
  0x01, 0x4a, 0x00, 0x08, 0x01, 0x4e, 0x01, 0x4e, 0x00, 0x09, 0x01, 0x53,
  0x01, 0x53, 0x00, 0x02, 0x01, 0x55, 0x01, 0x55, 0x00, 0x02, 0x01, 0x56,
  0x01, 0x56, 0x00, 0x09, 0x01, 0x5e, 0x01, 0x5e, 0x00, 0x12, 0x01, 0x61,
  0x01, 0x61, 0x00, 0x03, 0x01, 0x8a, 0x01, 0x8a, 0x00, 0x10, 0x01, 0x8d,
  0x01, 0x8d, 0x00, 0x0f, 0x00, 0x02, 0x00, 0x2d, 0x00, 0x25, 0x00, 0x25,
  0x00, 0x01, 0x00, 0x27, 0x00, 0x27, 0x00, 0x02, 0x00, 0x29, 0x00, 0x29,
  0x00, 0x03, 0x00, 0x2e, 0x00, 0x2e, 0x00, 0x04, 0x00, 0x2f, 0x00, 0x2f,
  0x00, 0x05, 0x00, 0x32, 0x00, 0x32, 0x00, 0x02, 0x00, 0x33, 0x00, 0x33,
  0x00, 0x06, 0x00, 0x34, 0x00, 0x34, 0x00, 0x02, 0x00, 0x37, 0x00, 0x37,
  0x00, 0x07, 0x00, 0x38, 0x00, 0x38, 0x00, 0x08, 0x00, 0x39, 0x00, 0x39,
  0x00, 0x09, 0x00, 0x3a, 0x00, 0x3a, 0x00, 0x0a, 0x00, 0x3c, 0x00, 0x3c,
  0x00, 0x0b, 0x00, 0x45, 0x00, 0x45, 0x00, 0x0c, 0x00, 0x48, 0x00, 0x48,
  0x00, 0x0d, 0x00, 0x49, 0x00, 0x49, 0x00, 0x0e, 0x00, 0x4e, 0x00, 0x4e,
  0x00, 0x0f, 0x00, 0x52, 0x00, 0x53, 0x00, 0x0c, 0x00, 0x55, 0x00, 0x55,
  0x00, 0x10, 0x00, 0x57, 0x00, 0x57, 0x00, 0x11, 0x00, 0x59, 0x00, 0x59,
  0x00, 0x12, 0x00, 0x5a, 0x00, 0x5a, 0x00, 0x13, 0x00, 0x5b, 0x00, 0x5b,
  0x00, 0x14, 0x00, 0x5c, 0x00, 0x5c, 0x00, 0x15, 0x00, 0x91, 0x00, 0x91,
  0x00, 0x02, 0x00, 0x93, 0x00, 0x97, 0x00, 0x02, 0x00, 0x99, 0x00, 0x99,
  0x00, 0x02, 0x00, 0x9a, 0x00, 0x9d, 0x00, 0x08, 0x00, 0x9e, 0x00, 0x9e,
  0x00, 0x0b, 0x00, 0xb3, 0x00, 0xb7, 0x00, 0x0c, 0x00, 0xb9, 0x00, 0xb9,
  0x00, 0x0c, 0x00, 0xbe, 0x00, 0xbe, 0x00, 0x15, 0x00, 0xbf, 0x00, 0xbf,
  0x00, 0x0c, 0x00, 0xc0, 0x00, 0xc0, 0x00, 0x15, 0x00, 0xf6, 0x00, 0xf7,
  0x00, 0x0f, 0x01, 0x13, 0x01, 0x13, 0x00, 0x10, 0x01, 0x15, 0x01, 0x15,
  0x00, 0x10, 0x01, 0x31, 0x01, 0x31, 0x00, 0x0b, 0x01, 0x53, 0x01, 0x53,
  0x00, 0x02, 0x01, 0x55, 0x01, 0x55, 0x00, 0x02, 0x01, 0x56, 0x01, 0x56,
  0x00, 0x0c, 0x01, 0x5a, 0x01, 0x5a, 0x00, 0x10, 0x01, 0x5d, 0x01, 0x5d,
  0x00, 0x08, 0x01, 0x61, 0x01, 0x61, 0x00, 0x07, 0x01, 0x62, 0x01, 0x62,
  0x00, 0x11, 0x00, 0x01, 0x00, 0x1c, 0x00, 0x04, 0x00, 0x00, 0x00, 0x09,
  0x00, 0x6a, 0x00, 0x60, 0x00, 0x5a, 0x00, 0x54, 0x00, 0x4e, 0x00, 0x48,
  0x00, 0x3e, 0x00, 0x38, 0x00, 0x32, 0x00, 0x01, 0x00, 0x09, 0x00, 0x29,
  0x00, 0x2f, 0x00, 0x45, 0x00, 0x46, 0x00, 0x47, 0x00, 0x48, 0x00, 0x49,
  0x00, 0x4a, 0x00, 0x4e, 0x00, 0x01, 0x00, 0x52, 0xff, 0xeb, 0x00, 0x01,
  0x00, 0x4a, 0xff, 0xf2, 0x00, 0x02, 0x00, 0x0f, 0xff, 0xc4, 0x00, 0x49,
  0xff, 0xce, 0x00, 0x01, 0x00, 0x52, 0xff, 0xf4, 0x00, 0x01, 0x00, 0x47,
  0xff, 0xef, 0x00, 0x01, 0x00, 0x46, 0xff, 0xf4, 0x00, 0x01, 0x00, 0x45,
  0xff, 0xed, 0x00, 0x02, 0x01, 0x8a, 0xff, 0x6a, 0x01, 0x8d, 0xff, 0x38,
  0x00, 0x02, 0x00, 0x0f, 0xff, 0x4c, 0x00, 0x11, 0xff, 0x74, 0x00, 0x00,
  0xb0, 0x00, 0x2c, 0xb0, 0x20, 0x60, 0x66, 0x2d, 0xb0, 0x01, 0x2c, 0x20,
  0x64, 0x20, 0xb0, 0xc0, 0x50, 0xb0, 0x04, 0x26, 0x5a, 0xb0, 0x04, 0x45,
  0x5b, 0x58, 0x21, 0x23, 0x21, 0x1b, 0x8a, 0x58, 0x20, 0xb0, 0x50, 0x50,
  0x58, 0x21, 0xb0, 0x40, 0x59, 0x1b, 0x20, 0xb0, 0x38, 0x50, 0x58, 0x21,
  0xb0, 0x38, 0x59, 0x59, 0x20, 0xb0, 0x0a, 0x45, 0x61, 0x64, 0xb0, 0x28,
  0x50, 0x58, 0x21, 0xb0, 0x0a, 0x45, 0x20, 0xb0, 0x30, 0x50, 0x58, 0x21,
  0xb0, 0x30, 0x59, 0x1b, 0x20, 0xb0, 0xc0, 0x50, 0x58, 0x20, 0x66, 0x20,
  0x8a, 0x8a, 0x61, 0x20, 0xb0, 0x0a, 0x50, 0x58, 0x60, 0x1b, 0x20, 0xb0,
  0x20, 0x50, 0x58, 0x21, 0xb0, 0x0a, 0x60, 0x1b, 0x20, 0xb0, 0x36, 0x50,
  0x58, 0x21, 0xb0, 0x36, 0x60, 0x1b, 0x60, 0x59, 0x59, 0x59, 0x1b, 0xb0,
  0x00, 0x2b, 0x59, 0x59, 0x23, 0xb0, 0x00, 0x50, 0x58, 0x65, 0x59, 0x59,
  0x2d, 0xb0, 0x02, 0x2c, 0x20, 0x45, 0x20, 0xb0, 0x04, 0x25, 0x61, 0x64,
  0x20, 0xb0, 0x05, 0x43, 0x50, 0x58, 0xb0, 0x05, 0x23, 0x42, 0xb0, 0x06,
  0x23, 0x42, 0x1b, 0x21, 0x21, 0x59, 0xb0, 0x01, 0x60, 0x2d, 0xb0, 0x03,
  0x2c, 0x23, 0x21, 0x23, 0x21, 0x20, 0x64, 0xb1, 0x05, 0x62, 0x42, 0x20,
  0xb0, 0x06, 0x23, 0x42, 0xb2, 0x0a, 0x01, 0x02, 0x2a, 0x21, 0x20, 0xb0,
  0x06, 0x43, 0x20, 0x8a, 0x20, 0x8a, 0xb0, 0x00, 0x2b, 0xb1, 0x30, 0x05,
  0x25, 0x8a, 0x51, 0x58, 0x60, 0x50, 0x1b, 0x61, 0x52, 0x59, 0x58, 0x23,
  0x59, 0x21, 0x20, 0xb0, 0x40, 0x53, 0x58, 0xb0, 0x00, 0x2b, 0x1b, 0x21,
  0xb0, 0x40, 0x59, 0x23, 0xb0, 0x00, 0x50, 0x58, 0x65, 0x59, 0x2d, 0xb0,
  0x04, 0x2c, 0xb0, 0x08, 0x23, 0x42, 0xb0, 0x07, 0x23, 0x42, 0xb0, 0x00,
  0x23, 0x42, 0xb0, 0x00, 0x43, 0xb0, 0x07, 0x43, 0x51, 0x58, 0xb0, 0x08,
  0x43, 0x2b, 0xb2, 0x00, 0x01, 0x00, 0x43, 0x60, 0x42, 0xb0, 0x16, 0x65,
  0x1c, 0x59, 0x2d, 0xb0, 0x05, 0x2c, 0xb0, 0x00, 0x43, 0x20, 0x45, 0x20,
  0xb0, 0x02, 0x45, 0x63, 0xb0, 0x01, 0x45, 0x62, 0x60, 0x44, 0x2d, 0xb0,
  0x06, 0x2c, 0xb0, 0x00, 0x43, 0x20, 0x45, 0x20, 0xb0, 0x00, 0x2b, 0x23,
  0xb1, 0x06, 0x04, 0x25, 0x60, 0x20, 0x45, 0x8a, 0x23, 0x61, 0x20, 0x64,
  0x20, 0xb0, 0x20, 0x50, 0x58, 0x21, 0xb0, 0x00, 0x1b, 0xb0, 0x30, 0x50,
  0x58, 0xb0, 0x20, 0x1b, 0xb0, 0x40, 0x59, 0x59, 0x23, 0xb0, 0x00, 0x50,
  0x58, 0x65, 0x59, 0xb0, 0x03, 0x25, 0x23, 0x61, 0x44, 0x44, 0x2d, 0xb0,
  0x07, 0x2c, 0xb1, 0x05, 0x05, 0x45, 0xb0, 0x01, 0x61, 0x44, 0x2d, 0xb0,
  0x08, 0x2c, 0xb0, 0x01, 0x60, 0x20, 0x20, 0xb0, 0x0a, 0x43, 0x4a, 0xb0,
  0x00, 0x50, 0x58, 0x20, 0xb0, 0x0a, 0x23, 0x42, 0x59, 0xb0, 0x0b, 0x43,
  0x4a, 0xb0, 0x00, 0x52, 0x58, 0x20, 0xb0, 0x0b, 0x23, 0x42, 0x59, 0x2d,
  0xb0, 0x09, 0x2c, 0x20, 0xb8, 0x04, 0x00, 0x62, 0x20, 0xb8, 0x04, 0x00,
  0x63, 0x8a, 0x23, 0x61, 0xb0, 0x0c, 0x43, 0x60, 0x20, 0x8a, 0x60, 0x20,
  0xb0, 0x0c, 0x23, 0x42, 0x23, 0x2d, 0xb0, 0x0a, 0x2c, 0xb1, 0x00, 0x0d,
  0x43, 0x55, 0x58, 0xb1, 0x0d, 0x0d, 0x43, 0xb0, 0x01, 0x61, 0x42, 0xb0,
  0x09, 0x2b, 0x59, 0xb0, 0x00, 0x43, 0xb0, 0x02, 0x25, 0x42, 0xb2, 0x00,
  0x01, 0x00, 0x43, 0x60, 0x42, 0xb1, 0x0a, 0x02, 0x25, 0x42, 0xb1, 0x0b,
  0x02, 0x25, 0x42, 0xb0, 0x01, 0x16, 0x23, 0x20, 0xb0, 0x03, 0x25, 0x50,
  0x58, 0xb0, 0x00, 0x43, 0xb0, 0x04, 0x25, 0x42, 0x8a, 0x8a, 0x20, 0x8a,
  0x23, 0x61, 0xb0, 0x08, 0x2a, 0x21, 0x23, 0xb0, 0x01, 0x61, 0x20, 0x8a,
  0x23, 0x61, 0xb0, 0x08, 0x2a, 0x21, 0x1b, 0xb0, 0x00, 0x43, 0xb0, 0x02,
  0x25, 0x42, 0xb0, 0x02, 0x25, 0x61, 0xb0, 0x08, 0x2a, 0x21, 0x59, 0xb0,
  0x0a, 0x43, 0x47, 0xb0, 0x0b, 0x43, 0x47, 0x60, 0xb0, 0x80, 0x62, 0x20,
  0xb0, 0x02, 0x45, 0x63, 0xb0, 0x01, 0x45, 0x62, 0x60, 0xb1, 0x00, 0x00,
  0x13, 0x23, 0x44, 0xb0, 0x01, 0x43, 0xb0, 0x00, 0x3e, 0xb2, 0x01, 0x01,
  0x01, 0x43, 0x60, 0x42, 0x2d, 0xb0, 0x0b, 0x2c, 0xb1, 0x00, 0x05, 0x45,
  0x54, 0x58, 0x00, 0xb0, 0x0d, 0x23, 0x42, 0x20, 0x60, 0xb0, 0x01, 0x61,
  0xb5, 0x0e, 0x0e, 0x01, 0x00, 0x0c, 0x00, 0x42, 0x42, 0x8a, 0x60, 0xb1,
  0x0a, 0x04, 0x2b, 0xb0, 0x69, 0x2b, 0x1b, 0x22, 0x59, 0x2d, 0xb0, 0x0c,
  0x2c, 0xb1, 0x00, 0x0b, 0x2b, 0x2d, 0xb0, 0x0d, 0x2c, 0xb1, 0x01, 0x0b,
  0x2b, 0x2d, 0xb0, 0x0e, 0x2c, 0xb1, 0x02, 0x0b, 0x2b, 0x2d, 0xb0, 0x0f,
  0x2c, 0xb1, 0x03, 0x0b, 0x2b, 0x2d, 0xb0, 0x10, 0x2c, 0xb1, 0x04, 0x0b,
  0x2b, 0x2d, 0xb0, 0x11, 0x2c, 0xb1, 0x05, 0x0b, 0x2b, 0x2d, 0xb0, 0x12,
  0x2c, 0xb1, 0x06, 0x0b, 0x2b, 0x2d, 0xb0, 0x13, 0x2c, 0xb1, 0x07, 0x0b,
  0x2b, 0x2d, 0xb0, 0x14, 0x2c, 0xb1, 0x08, 0x0b, 0x2b, 0x2d, 0xb0, 0x15,
  0x2c, 0xb1, 0x09, 0x0b, 0x2b, 0x2d, 0xb0, 0x16, 0x2c, 0xb0, 0x07, 0x2b,
  0xb1, 0x00, 0x05, 0x45, 0x54, 0x58, 0x00, 0xb0, 0x0d, 0x23, 0x42, 0x20,
  0x60, 0xb0, 0x01, 0x61, 0xb5, 0x0e, 0x0e, 0x01, 0x00, 0x0c, 0x00, 0x42,
  0x42, 0x8a, 0x60, 0xb1, 0x0a, 0x04, 0x2b, 0xb0, 0x69, 0x2b, 0x1b, 0x22,
  0x59, 0x2d, 0xb0, 0x17, 0x2c, 0xb1, 0x00, 0x16, 0x2b, 0x2d, 0xb0, 0x18,
  0x2c, 0xb1, 0x01, 0x16, 0x2b, 0x2d, 0xb0, 0x19, 0x2c, 0xb1, 0x02, 0x16,
  0x2b, 0x2d, 0xb0, 0x1a, 0x2c, 0xb1, 0x03, 0x16, 0x2b, 0x2d, 0xb0, 0x1b,
  0x2c, 0xb1, 0x04, 0x16, 0x2b, 0x2d, 0xb0, 0x1c, 0x2c, 0xb1, 0x05, 0x16,
  0x2b, 0x2d, 0xb0, 0x1d, 0x2c, 0xb1, 0x06, 0x16, 0x2b, 0x2d, 0xb0, 0x1e,
  0x2c, 0xb1, 0x07, 0x16, 0x2b, 0x2d, 0xb0, 0x1f, 0x2c, 0xb1, 0x08, 0x16,
  0x2b, 0x2d, 0xb0, 0x20, 0x2c, 0xb1, 0x09, 0x16, 0x2b, 0x2d, 0xb0, 0x21,
  0x2c, 0x20, 0x60, 0xb0, 0x0e, 0x60, 0x20, 0x43, 0x23, 0xb0, 0x01, 0x60,
  0x43, 0xb0, 0x02, 0x25, 0xb0, 0x02, 0x25, 0x51, 0x58, 0x23, 0x20, 0x3c,
  0xb0, 0x01, 0x60, 0x23, 0xb0, 0x12, 0x65, 0x1c, 0x1b, 0x21, 0x21, 0x59,
  0x2d, 0xb0, 0x22, 0x2c, 0xb0, 0x21, 0x2b, 0xb0, 0x21, 0x2a, 0x2d, 0xb0,
  0x23, 0x2c, 0x20, 0x20, 0x47, 0x20, 0x20, 0xb0, 0x02, 0x45, 0x63, 0xb0,
  0x01, 0x45, 0x62, 0x60, 0x23, 0x61, 0x38, 0x23, 0x20, 0x8a, 0x55, 0x58,
  0x20, 0x47, 0x20, 0x20, 0xb0, 0x02, 0x45, 0x63, 0xb0, 0x01, 0x45, 0x62,
  0x60, 0x23, 0x61, 0x38, 0x1b, 0x21, 0x59, 0x2d, 0xb0, 0x24, 0x2c, 0xb1,
  0x00, 0x05, 0x45, 0x54, 0x58, 0x00, 0xb0, 0x01, 0x16, 0xb0, 0x23, 0x2a,
  0xb0, 0x01, 0x15, 0x30, 0x1b, 0x22, 0x59, 0x2d, 0xb0, 0x25, 0x2c, 0xb0,
  0x07, 0x2b, 0xb1, 0x00, 0x05, 0x45, 0x54, 0x58, 0x00, 0xb0, 0x01, 0x16,
  0xb0, 0x23, 0x2a, 0xb0, 0x01, 0x15, 0x30, 0x1b, 0x22, 0x59, 0x2d, 0xb0,
  0x26, 0x2c, 0x20, 0x35, 0xb0, 0x01, 0x60, 0x2d, 0xb0, 0x27, 0x2c, 0x00,
  0xb0, 0x03, 0x45, 0x63, 0xb0, 0x01, 0x45, 0x62, 0xb0, 0x00, 0x2b, 0xb0,
  0x02, 0x45, 0x63, 0xb0, 0x01, 0x45, 0x62, 0xb0, 0x00, 0x2b, 0xb0, 0x00,
  0x16, 0xb4, 0x00, 0x00, 0x00, 0x00, 0x00, 0x44, 0x3e, 0x23, 0x38, 0xb1,
  0x26, 0x01, 0x15, 0x2a, 0x2d, 0xb0, 0x28, 0x2c, 0x20, 0x3c, 0x20, 0x47,
  0x20, 0xb0, 0x02, 0x45, 0x63, 0xb0, 0x01, 0x45, 0x62, 0x60, 0xb0, 0x00,
  0x43, 0x61, 0x38, 0x2d, 0xb0, 0x29, 0x2c, 0x2e, 0x17, 0x3c, 0x2d, 0xb0,
  0x2a, 0x2c, 0x20, 0x3c, 0x20, 0x47, 0x20, 0xb0, 0x02, 0x45, 0x63, 0xb0,
  0x01, 0x45, 0x62, 0x60, 0xb0, 0x00, 0x43, 0x61, 0xb0, 0x01, 0x43, 0x63,
  0x38, 0x2d, 0xb0, 0x2b, 0x2c, 0xb1, 0x02, 0x00, 0x16, 0x25, 0x20, 0x2e,
  0x20, 0x47, 0xb0, 0x00, 0x23, 0x42, 0xb0, 0x02, 0x25, 0x49, 0x8a, 0x8a,
  0x47, 0x23, 0x47, 0x23, 0x61, 0x62, 0xb0, 0x01, 0x23, 0x42, 0xb2, 0x2a,
  0x01, 0x01, 0x15, 0x14, 0x2a, 0x2d, 0xb0, 0x2c, 0x2c, 0xb0, 0x00, 0x16,
  0xb0, 0x04, 0x25, 0xb0, 0x04, 0x25, 0x47, 0x23, 0x47, 0x23, 0x61, 0xb0,
  0x06, 0x45, 0x2b, 0x65, 0x8a, 0x2e, 0x23, 0x20, 0x20, 0x3c, 0x8a, 0x38,
  0x2d, 0xb0, 0x2d, 0x2c, 0xb0, 0x00, 0x16, 0xb0, 0x04, 0x25, 0xb0, 0x04,
  0x25, 0x20, 0x2e, 0x47, 0x23, 0x47, 0x23, 0x61, 0x20, 0xb0, 0x04, 0x23,
  0x42, 0xb0, 0x06, 0x45, 0x2b, 0x20, 0xb0, 0x60, 0x50, 0x58, 0x20, 0xb0,
  0x40, 0x51, 0x58, 0xb3, 0x02, 0x20, 0x03, 0x20, 0x1b, 0xb3, 0x02, 0x26,
  0x03, 0x1a, 0x59, 0x42, 0x42, 0x23, 0x20, 0xb0, 0x09, 0x43, 0x20, 0x8a,
  0x23, 0x47, 0x23, 0x47, 0x23, 0x61, 0x23, 0x46, 0x60, 0xb0, 0x04, 0x43,
  0xb0, 0x80, 0x62, 0x60, 0x20, 0xb0, 0x00, 0x2b, 0x20, 0x8a, 0x8a, 0x61,
  0x20, 0xb0, 0x02, 0x43, 0x60, 0x64, 0x23, 0xb0, 0x03, 0x43, 0x61, 0x64,
  0x50, 0x58, 0xb0, 0x02, 0x43, 0x61, 0x1b, 0xb0, 0x03, 0x43, 0x60, 0x59,
  0xb0, 0x03, 0x25, 0xb0, 0x80, 0x62, 0x61, 0x23, 0x20, 0x20, 0xb0, 0x04,
  0x26, 0x23, 0x46, 0x61, 0x38, 0x1b, 0x23, 0xb0, 0x09, 0x43, 0x46, 0xb0,
  0x02, 0x25, 0xb0, 0x09, 0x43, 0x47, 0x23, 0x47, 0x23, 0x61, 0x60, 0x20,
  0xb0, 0x04, 0x43, 0xb0, 0x80, 0x62, 0x60, 0x23, 0x20, 0xb0, 0x00, 0x2b,
  0x23, 0xb0, 0x04, 0x43, 0x60, 0xb0, 0x00, 0x2b, 0xb0, 0x05, 0x25, 0x61,
  0xb0, 0x05, 0x25, 0xb0, 0x80, 0x62, 0xb0, 0x04, 0x26, 0x61, 0x20, 0xb0,
  0x04, 0x25, 0x60, 0x64, 0x23, 0xb0, 0x03, 0x25, 0x60, 0x64, 0x50, 0x58,
  0x21, 0x1b, 0x23, 0x21, 0x59, 0x23, 0x20, 0x20, 0xb0, 0x04, 0x26, 0x23,
  0x46, 0x61, 0x38, 0x59, 0x2d, 0xb0, 0x2e, 0x2c, 0xb0, 0x00, 0x16, 0x20,
  0x20, 0x20, 0xb0, 0x05, 0x26, 0x20, 0x2e, 0x47, 0x23, 0x47, 0x23, 0x61,
  0x23, 0x3c, 0x38, 0x2d, 0xb0, 0x2f, 0x2c, 0xb0, 0x00, 0x16, 0x20, 0xb0,
  0x09, 0x23, 0x42, 0x20, 0x20, 0x20, 0x46, 0x23, 0x47, 0xb0, 0x00, 0x2b,
  0x23, 0x61, 0x38, 0x2d, 0xb0, 0x30, 0x2c, 0xb0, 0x00, 0x16, 0xb0, 0x03,
  0x25, 0xb0, 0x02, 0x25, 0x47, 0x23, 0x47, 0x23, 0x61, 0xb0, 0x00, 0x54,
  0x58, 0x2e, 0x20, 0x3c, 0x23, 0x21, 0x1b, 0xb0, 0x02, 0x25, 0xb0, 0x02,
  0x25, 0x47, 0x23, 0x47, 0x23, 0x61, 0x20, 0xb0, 0x05, 0x25, 0xb0, 0x04,
  0x25, 0x47, 0x23, 0x47, 0x23, 0x61, 0xb0, 0x06, 0x25, 0xb0, 0x05, 0x25,
  0x49, 0xb0, 0x02, 0x25, 0x61, 0xb0, 0x01, 0x45, 0x63, 0x23, 0x62, 0x63,
  0xb0, 0x01, 0x45, 0x62, 0x60, 0x23, 0x2e, 0x23, 0x20, 0x20, 0x3c, 0x8a,
  0x38, 0x23, 0x21, 0x59, 0x2d, 0xb0, 0x31, 0x2c, 0xb0, 0x00, 0x16, 0x20,
  0xb0, 0x09, 0x43, 0x20, 0x2e, 0x47, 0x23, 0x47, 0x23, 0x61, 0x20, 0x60,
  0xb0, 0x20, 0x60, 0x66, 0xb0, 0x80, 0x62, 0x23, 0x20, 0x20, 0x3c, 0x8a,
  0x38, 0x2d, 0xb0, 0x32, 0x2c, 0x23, 0x20, 0x2e, 0x46, 0xb0, 0x02, 0x25,
  0x46, 0x52, 0x58, 0x20, 0x3c, 0x59, 0x2e, 0xb1, 0x22, 0x01, 0x14, 0x2b,
  0x2d, 0xb0, 0x33, 0x2c, 0x23, 0x20, 0x2e, 0x46, 0xb0, 0x02, 0x25, 0x46,
  0x50, 0x58, 0x20, 0x3c, 0x59, 0x2e, 0xb1, 0x22, 0x01, 0x14, 0x2b, 0x2d,
  0xb0, 0x34, 0x2c, 0x23, 0x20, 0x2e, 0x46, 0xb0, 0x02, 0x25, 0x46, 0x52,
  0x58, 0x20, 0x3c, 0x59, 0x23, 0x20, 0x2e, 0x46, 0xb0, 0x02, 0x25, 0x46,
  0x50, 0x58, 0x20, 0x3c, 0x59, 0x2e, 0xb1, 0x22, 0x01, 0x14, 0x2b, 0x2d,
  0xb0, 0x3b, 0x2c, 0xb0, 0x00, 0x15, 0x20, 0x47, 0xb0, 0x00, 0x23, 0x42,
  0xb2, 0x00, 0x01, 0x01, 0x15, 0x14, 0x13, 0x2e, 0xb0, 0x28, 0x2a, 0x2d,
  0xb0, 0x3c, 0x2c, 0xb0, 0x00, 0x15, 0x20, 0x47, 0xb0, 0x00, 0x23, 0x42,
  0xb2, 0x00, 0x01, 0x01, 0x15, 0x14, 0x13, 0x2e, 0xb0, 0x28, 0x2a, 0x2d,
  0xb0, 0x3d, 0x2c, 0xb1, 0x00, 0x01, 0x14, 0x13, 0xb0, 0x29, 0x2a, 0x2d,
  0xb0, 0x3e, 0x2c, 0xb0, 0x2b, 0x2a, 0x2d, 0xb0, 0x35, 0x2c, 0xb0, 0x2c,
  0x2b, 0x23, 0x20, 0x2e, 0x46, 0xb0, 0x02, 0x25, 0x46, 0x52, 0x58, 0x20,
  0x3c, 0x59, 0x2e, 0xb1, 0x22, 0x01, 0x14, 0x2b, 0x2d, 0xb0, 0x49, 0x2c,
  0xb2, 0x00, 0x00, 0x35, 0x2b, 0x2d, 0xb0, 0x4a, 0x2c, 0xb2, 0x00, 0x01,
  0x35, 0x2b, 0x2d, 0xb0, 0x4b, 0x2c, 0xb2, 0x01, 0x00, 0x35, 0x2b, 0x2d,
  0xb0, 0x4c, 0x2c, 0xb2, 0x01, 0x01, 0x35, 0x2b, 0x2d, 0xb0, 0x36, 0x2c,
  0xb0, 0x2d, 0x2b, 0x8a, 0x20, 0x20, 0x3c, 0xb0, 0x04, 0x23, 0x42, 0x8a,
  0x38, 0x23, 0x20, 0x2e, 0x46, 0xb0, 0x02, 0x25, 0x46, 0x52, 0x58, 0x20,
  0x3c, 0x59, 0x2e, 0xb1, 0x22, 0x01, 0x14, 0x2b, 0xb0, 0x04, 0x43, 0x2e,
  0xb0, 0x22, 0x2b, 0x2d, 0xb0, 0x55, 0x2c, 0xb2, 0x00, 0x00, 0x36, 0x2b,
  0x2d, 0xb0, 0x56, 0x2c, 0xb2, 0x00, 0x01, 0x36, 0x2b, 0x2d, 0xb0, 0x57,
  0x2c, 0xb2, 0x01, 0x00, 0x36, 0x2b, 0x2d, 0xb0, 0x58, 0x2c, 0xb2, 0x01,
  0x01, 0x36, 0x2b, 0x2d, 0xb0, 0x37, 0x2c, 0xb0, 0x00, 0x16, 0xb0, 0x04,
  0x25, 0xb0, 0x04, 0x26, 0x20, 0x2e, 0x47, 0x23, 0x47, 0x23, 0x61, 0xb0,
  0x06, 0x45, 0x2b, 0x23, 0x20, 0x3c, 0x20, 0x2e, 0x23, 0x38, 0xb1, 0x22,
  0x01, 0x14, 0x2b, 0x2d, 0xb0, 0x4d, 0x2c, 0xb2, 0x00, 0x00, 0x37, 0x2b,
  0x2d, 0xb0, 0x4e, 0x2c, 0xb2, 0x00, 0x01, 0x37, 0x2b, 0x2d, 0xb0, 0x4f,
  0x2c, 0xb2, 0x01, 0x00, 0x37, 0x2b, 0x2d, 0xb0, 0x50, 0x2c, 0xb2, 0x01,
  0x01, 0x37, 0x2b, 0x2d, 0xb0, 0x38, 0x2c, 0xb1, 0x09, 0x04, 0x25, 0x42,
  0xb0, 0x00, 0x16, 0xb0, 0x04, 0x25, 0xb0, 0x04, 0x25, 0x20, 0x2e, 0x47,
  0x23, 0x47, 0x23, 0x61, 0x20, 0xb0, 0x04, 0x23, 0x42, 0xb0, 0x06, 0x45,
  0x2b, 0x20, 0xb0, 0x60, 0x50, 0x58, 0x20, 0xb0, 0x40, 0x51, 0x58, 0xb3,
  0x02, 0x20, 0x03, 0x20, 0x1b, 0xb3, 0x02, 0x26, 0x03, 0x1a, 0x59, 0x42,
  0x42, 0x23, 0x20, 0x47, 0xb0, 0x04, 0x43, 0xb0, 0x80, 0x62, 0x60, 0x20,
  0xb0, 0x00, 0x2b, 0x20, 0x8a, 0x8a, 0x61, 0x20, 0xb0, 0x02, 0x43, 0x60,
  0x64, 0x23, 0xb0, 0x03, 0x43, 0x61, 0x64, 0x50, 0x58, 0xb0, 0x02, 0x43,
  0x61, 0x1b, 0xb0, 0x03, 0x43, 0x60, 0x59, 0xb0, 0x03, 0x25, 0xb0, 0x80,
  0x62, 0x61, 0xb0, 0x02, 0x25, 0x46, 0x61, 0x38, 0x23, 0x20, 0x3c, 0x23,
  0x38, 0x1b, 0x21, 0x20, 0x20, 0x46, 0x23, 0x47, 0xb0, 0x00, 0x2b, 0x23,
  0x61, 0x38, 0x21, 0x59, 0xb1, 0x22, 0x01, 0x14, 0x2b, 0x2d, 0xb0, 0x41,
  0x2c, 0xb2, 0x00, 0x00, 0x38, 0x2b, 0x2d, 0xb0, 0x42, 0x2c, 0xb2, 0x00,
  0x01, 0x38, 0x2b, 0x2d, 0xb0, 0x43, 0x2c, 0xb2, 0x01, 0x00, 0x38, 0x2b,
  0x2d, 0xb0, 0x44, 0x2c, 0xb2, 0x01, 0x01, 0x38, 0x2b, 0x2d, 0xb0, 0x40,
  0x2c, 0xb0, 0x09, 0x23, 0x42, 0xb0, 0x3f, 0x2b, 0x2d, 0xb0, 0x39, 0x2c,
  0xb0, 0x2c, 0x2b, 0x2e, 0xb1, 0x22, 0x01, 0x14, 0x2b, 0x2d, 0xb0, 0x45,
  0x2c, 0xb2, 0x00, 0x00, 0x39, 0x2b, 0x2d, 0xb0, 0x46, 0x2c, 0xb2, 0x00,
  0x01, 0x39, 0x2b, 0x2d, 0xb0, 0x47, 0x2c, 0xb2, 0x01, 0x00, 0x39, 0x2b,
  0x2d, 0xb0, 0x48, 0x2c, 0xb2, 0x01, 0x01, 0x39, 0x2b, 0x2d, 0xb0, 0x3a,
  0x2c, 0xb0, 0x2d, 0x2b, 0x21, 0x23, 0x20, 0x20, 0x3c, 0xb0, 0x04, 0x23,
  0x42, 0x23, 0x38, 0xb1, 0x22, 0x01, 0x14, 0x2b, 0xb0, 0x04, 0x43, 0x2e,
  0xb0, 0x22, 0x2b, 0x2d, 0xb0, 0x51, 0x2c, 0xb2, 0x00, 0x00, 0x3a, 0x2b,
  0x2d, 0xb0, 0x52, 0x2c, 0xb2, 0x00, 0x01, 0x3a, 0x2b, 0x2d, 0xb0, 0x53,
  0x2c, 0xb2, 0x01, 0x00, 0x3a, 0x2b, 0x2d, 0xb0, 0x54, 0x2c, 0xb2, 0x01,
  0x01, 0x3a, 0x2b, 0x2d, 0xb0, 0x3f, 0x2c, 0xb0, 0x00, 0x16, 0x45, 0x23,
  0x20, 0x2e, 0x20, 0x46, 0x8a, 0x23, 0x61, 0x38, 0xb1, 0x22, 0x01, 0x14,
  0x2b, 0x2d, 0xb0, 0x59, 0x2c, 0xb0, 0x2e, 0x2b, 0x2e, 0xb1, 0x22, 0x01,
  0x14, 0x2b, 0x2d, 0xb0, 0x5a, 0x2c, 0xb0, 0x2e, 0x2b, 0xb0, 0x32, 0x2b,
  0x2d, 0xb0, 0x5b, 0x2c, 0xb0, 0x2e, 0x2b, 0xb0, 0x33, 0x2b, 0x2d, 0xb0,
  0x5c, 0x2c, 0xb0, 0x00, 0x16, 0xb0, 0x2e, 0x2b, 0xb0, 0x34, 0x2b, 0x2d,
  0xb0, 0x5d, 0x2c, 0xb0, 0x2f, 0x2b, 0x2e, 0xb1, 0x22, 0x01, 0x14, 0x2b,
  0x2d, 0xb0, 0x5e, 0x2c, 0xb0, 0x2f, 0x2b, 0xb0, 0x32, 0x2b, 0x2d, 0xb0,
  0x5f, 0x2c, 0xb0, 0x2f, 0x2b, 0xb0, 0x33, 0x2b, 0x2d, 0xb0, 0x60, 0x2c,
  0xb0, 0x2f, 0x2b, 0xb0, 0x34, 0x2b, 0x2d, 0xb0, 0x61, 0x2c, 0xb0, 0x30,
  0x2b, 0x2e, 0xb1, 0x22, 0x01, 0x14, 0x2b, 0x2d, 0xb0, 0x62, 0x2c, 0xb0,
  0x30, 0x2b, 0xb0, 0x32, 0x2b, 0x2d, 0xb0, 0x63, 0x2c, 0xb0, 0x30, 0x2b,
  0xb0, 0x33, 0x2b, 0x2d, 0xb0, 0x64, 0x2c, 0xb0, 0x30, 0x2b, 0xb0, 0x34,
  0x2b, 0x2d, 0xb0, 0x65, 0x2c, 0xb0, 0x31, 0x2b, 0x2e, 0xb1, 0x22, 0x01,
  0x14, 0x2b, 0x2d, 0xb0, 0x66, 0x2c, 0xb0, 0x31, 0x2b, 0xb0, 0x32, 0x2b,
  0x2d, 0xb0, 0x67, 0x2c, 0xb0, 0x31, 0x2b, 0xb0, 0x33, 0x2b, 0x2d, 0xb0,
  0x68, 0x2c, 0xb0, 0x31, 0x2b, 0xb0, 0x34, 0x2b, 0x2d, 0xb0, 0x69, 0x2c,
  0x2b, 0xb0, 0x08, 0x65, 0xb0, 0x03, 0x24, 0x50, 0x78, 0xb0, 0x01, 0x15,
  0x30, 0x2d, 0x00, 0x00, 0x00, 0x02, 0x00, 0x66, 0x00, 0x00, 0x03, 0x9a,
  0x04, 0x44, 0x00, 0x03, 0x00, 0x07, 0x00, 0x08, 0xb5, 0x06, 0x04, 0x01,
  0x00, 0x02, 0x24, 0x2b, 0x33, 0x11, 0x21, 0x11, 0x25, 0x21, 0x11, 0x21,
  0x66, 0x03, 0x34, 0xfd, 0x32, 0x02, 0x68, 0xfd, 0x98, 0x04, 0x44, 0xfb,
  0xbc, 0x66, 0x03, 0x78, 0x00, 0x02, 0x00, 0xa0, 0xff, 0xf4, 0x01, 0xaa,
  0x05, 0xd8, 0x00, 0x09, 0x00, 0x0f, 0x00, 0x83, 0x4b, 0xb0, 0x0a, 0x50,
  0x58, 0x40, 0x16, 0x00, 0x02, 0x02, 0x03, 0x4d, 0x04, 0x01, 0x03, 0x03,
  0x0b, 0x3f, 0x00, 0x00, 0x00, 0x01, 0x4f, 0x00, 0x01, 0x01, 0x0c, 0x01,
  0x40, 0x1b, 0x4b, 0xb0, 0x0e, 0x50, 0x58, 0x40, 0x16, 0x00, 0x02, 0x02,
  0x03, 0x4d, 0x04, 0x01, 0x03, 0x03, 0x0b, 0x3f, 0x00, 0x00, 0x00, 0x01,
  0x4f, 0x00, 0x01, 0x01, 0x12, 0x01, 0x40, 0x1b, 0x4b, 0xb0, 0x10, 0x50,
  0x58, 0x40, 0x16, 0x00, 0x02, 0x02, 0x03, 0x4d, 0x04, 0x01, 0x03, 0x03,
  0x0b, 0x3f, 0x00, 0x00, 0x00, 0x01, 0x4f, 0x00, 0x01, 0x01, 0x0c, 0x01,
  0x40, 0x1b, 0x40, 0x16, 0x00, 0x02, 0x02, 0x03, 0x4d, 0x04, 0x01, 0x03,
  0x03, 0x0b, 0x3f, 0x00, 0x00, 0x00, 0x01, 0x4f, 0x00, 0x01, 0x01, 0x12,
  0x01, 0x40, 0x59, 0x59, 0x59, 0x40, 0x0b, 0x0a, 0x0a, 0x0a, 0x0f, 0x0a,
  0x0f, 0x13, 0x23, 0x22, 0x05, 0x0f, 0x2b, 0x36, 0x34, 0x36, 0x33, 0x32,
  0x16, 0x14, 0x06, 0x23, 0x22, 0x13, 0x15, 0x03, 0x23, 0x03, 0x35, 0xa0,
  0x47, 0x3e, 0x3f, 0x46, 0x46, 0x3f, 0x3e, 0xa0, 0x38, 0x4f, 0x3e, 0x43,
  0x6a, 0x4f, 0x4e, 0x6c, 0x4e, 0x05, 0xe4, 0x8e, 0xfc, 0x69, 0x03, 0x97,
  0x8e, 0x00, 0x00, 0x02, 0x00, 0x8b, 0x03, 0xf8, 0x02, 0x40, 0x05, 0xe6,
  0x00, 0x03, 0x00, 0x07, 0x00, 0x43, 0x4b, 0xb0, 0x2b, 0x50, 0x58, 0x40,
  0x0f, 0x05, 0x03, 0x04, 0x03, 0x01, 0x01, 0x00, 0x4d, 0x02, 0x01, 0x00,
  0x00, 0x0d, 0x01, 0x40, 0x1b, 0x40, 0x15, 0x02, 0x01, 0x00, 0x01, 0x01,
  0x00, 0x49, 0x02, 0x01, 0x00, 0x00, 0x01, 0x4d, 0x05, 0x03, 0x04, 0x03,
  0x01, 0x00, 0x01, 0x41, 0x59, 0x40, 0x11, 0x04, 0x04, 0x00, 0x00, 0x04,
  0x07, 0x04, 0x07, 0x06, 0x05, 0x00, 0x03, 0x00, 0x03, 0x11, 0x06, 0x0d,
  0x2b, 0x01, 0x03, 0x33, 0x03, 0x21, 0x03, 0x33, 0x03, 0x01, 0xbe, 0x15,
  0x97, 0x1d, 0xfe, 0x7d, 0x15, 0x97, 0x1d, 0x03, 0xf8, 0x01, 0xee, 0xfe,
  0x12, 0x01, 0xee, 0xfe, 0x12, 0x00, 0x00, 0x02, 0x00, 0x5b, 0xff, 0xe9,
  0x04, 0x08, 0x05, 0xb6, 0x00, 0x1b, 0x00, 0x1f, 0x00, 0xa8, 0x4b, 0xb0,
  0x19, 0x50, 0x58, 0x40, 0x28, 0x0f, 0x07, 0x02, 0x01, 0x06, 0x04, 0x02,
  0x02, 0x03, 0x01, 0x02, 0x55, 0x0c, 0x01, 0x0a, 0x0a, 0x0b, 0x3f, 0x0e,
  0x08, 0x02, 0x00, 0x00, 0x09, 0x4d, 0x10, 0x0d, 0x0b, 0x03, 0x09, 0x09,
  0x0e, 0x3f, 0x05, 0x01, 0x03, 0x03, 0x0c, 0x03, 0x40, 0x1b, 0x4b, 0xb0,
  0x2b, 0x50, 0x58, 0x40, 0x26, 0x10, 0x0d, 0x0b, 0x03, 0x09, 0x0e, 0x08,
  0x02, 0x00, 0x01, 0x09, 0x00, 0x56, 0x0f, 0x07, 0x02, 0x01, 0x06, 0x04,
  0x02, 0x02, 0x03, 0x01, 0x02, 0x55, 0x0c, 0x01, 0x0a, 0x0a, 0x0b, 0x3f,
  0x05, 0x01, 0x03, 0x03, 0x0c, 0x03, 0x40, 0x1b, 0x40, 0x26, 0x05, 0x01,
  0x03, 0x02, 0x03, 0x67, 0x10, 0x0d, 0x0b, 0x03, 0x09, 0x0e, 0x08, 0x02,
  0x00, 0x01, 0x09, 0x00, 0x56, 0x0f, 0x07, 0x02, 0x01, 0x06, 0x04, 0x02,
  0x02, 0x03, 0x01, 0x02, 0x55, 0x0c, 0x01, 0x0a, 0x0a, 0x0b, 0x0a, 0x40,
  0x59, 0x59, 0x40, 0x1d, 0x00, 0x00, 0x1f, 0x1e, 0x1d, 0x1c, 0x00, 0x1b,
  0x00, 0x1b, 0x1a, 0x19, 0x18, 0x17, 0x16, 0x15, 0x14, 0x13, 0x11, 0x11,
  0x11, 0x11, 0x11, 0x11, 0x11, 0x11, 0x11, 0x11, 0x15, 0x2b, 0x01, 0x07,
  0x23, 0x03, 0x33, 0x07, 0x23, 0x03, 0x23, 0x13, 0x23, 0x03, 0x23, 0x13,
  0x23, 0x37, 0x33, 0x13, 0x23, 0x37, 0x33, 0x13, 0x33, 0x03, 0x33, 0x13,
  0x33, 0x03, 0x07, 0x23, 0x03, 0x33, 0x04, 0x08, 0x0e, 0x93, 0x43, 0x93,
  0x0a, 0x9b, 0x56, 0x97, 0x54, 0xeb, 0x50, 0x81, 0x49, 0xab, 0x0a, 0xb7,
  0x3d, 0xb1, 0x09, 0xc1, 0x53, 0x99, 0x4f, 0xea, 0x47, 0x80, 0x42, 0x9d,
  0xeb, 0x50, 0xec, 0x04, 0x1f, 0x7c, 0xfe, 0x75, 0x7e, 0xfe, 0x4f, 0x01,
  0xb1, 0xfe, 0x4f, 0x01, 0xb1, 0x7e, 0x01, 0x8a, 0x7d, 0x01, 0x97, 0xfe,
  0x69, 0x01, 0x97, 0xfe, 0x69, 0x7c, 0xfe, 0x75, 0x00, 0x03, 0x00, 0x5e,
  0xff, 0x3d, 0x04, 0x79, 0x06, 0x9d, 0x00, 0x20, 0x00, 0x27, 0x00, 0x2e,
  0x00, 0x43, 0x40, 0x40, 0x04, 0x01, 0x02, 0x01, 0x28, 0x21, 0x1a, 0x17,
  0x09, 0x05, 0x06, 0x06, 0x02, 0x16, 0x01, 0x03, 0x06, 0x03, 0x3e, 0x00,
  0x00, 0x00, 0x04, 0x00, 0x04, 0x51, 0x08, 0x01, 0x02, 0x02, 0x01, 0x4f,
  0x07, 0x01, 0x01, 0x01, 0x0d, 0x3f, 0x09, 0x01, 0x06, 0x06, 0x03, 0x4f,
  0x05, 0x01, 0x03, 0x03, 0x12, 0x03, 0x40, 0x2a, 0x29, 0x12, 0x16, 0x14,
  0x11, 0x11, 0x17, 0x14, 0x11, 0x10, 0x0a, 0x15, 0x2b, 0x01, 0x33, 0x15,
  0x16, 0x17, 0x07, 0x26, 0x26, 0x27, 0x11, 0x17, 0x16, 0x16, 0x15, 0x14,
  0x06, 0x07, 0x15, 0x23, 0x35, 0x26, 0x26, 0x27, 0x37, 0x16, 0x17, 0x11,
  0x27, 0x24, 0x11, 0x34, 0x24, 0x37, 0x11, 0x11, 0x04, 0x15, 0x14, 0x16,
  0x17, 0x17, 0x11, 0x24, 0x11, 0x34, 0x26, 0x27, 0x02, 0x44, 0x5f, 0xff,
  0x9f, 0x32, 0x3d, 0xc7, 0x68, 0x68, 0xb4, 0xba, 0xfb, 0xdb, 0x5f, 0xa0,
  0xfb, 0x4b, 0x34, 0xca, 0xe8, 0x93, 0xfe, 0xaf, 0x01, 0x00, 0xe4, 0xfe,
  0xd0, 0x6f, 0x6f, 0xb1, 0x01, 0x23, 0x67, 0x88, 0x06, 0x9d, 0xa8, 0x08,
  0x63, 0x8d, 0x22, 0x37, 0x05, 0xfe, 0x04, 0x19, 0x2b, 0xbd, 0xae, 0xd7,
  0xe4, 0x0b, 0xad, 0xad, 0x05, 0x47, 0x2e, 0x90, 0x63, 0x0d, 0x02, 0x44,
  0x25, 0x55, 0x01, 0x13, 0xc5, 0xcd, 0x0c, 0xfd, 0x83, 0x01, 0xe4, 0x12,
  0xe7, 0x55, 0x67, 0x1b, 0xda, 0xfd, 0xd3, 0x0f, 0x01, 0x18, 0x60, 0x77,
  0x22, 0x00, 0x00, 0x05, 0x00, 0x67, 0xff, 0xf1, 0x06, 0xf8, 0x05, 0xd1,
  0x00, 0x0a, 0x00, 0x14, 0x00, 0x18, 0x00, 0x24, 0x00, 0x2f, 0x01, 0x36,
  0x4b, 0xb0, 0x0a, 0x50, 0x58, 0x40, 0x2b, 0x00, 0x09, 0x00, 0x07, 0x02,
  0x09, 0x07, 0x57, 0x0a, 0x01, 0x00, 0x00, 0x02, 0x03, 0x00, 0x02, 0x58,
  0x0d, 0x01, 0x08, 0x08, 0x04, 0x4f, 0x0c, 0x06, 0x02, 0x04, 0x04, 0x0b,
  0x3f, 0x00, 0x03, 0x03, 0x01, 0x4f, 0x0b, 0x05, 0x02, 0x01, 0x01, 0x12,
  0x01, 0x40, 0x1b, 0x4b, 0xb0, 0x0c, 0x50, 0x58, 0x40, 0x2f, 0x00, 0x09,
  0x00, 0x07, 0x02, 0x09, 0x07, 0x57, 0x0a, 0x01, 0x00, 0x00, 0x02, 0x03,
  0x00, 0x02, 0x58, 0x00, 0x04, 0x04, 0x0b, 0x3f, 0x0d, 0x01, 0x08, 0x08,
  0x06, 0x4f, 0x0c, 0x01, 0x06, 0x06, 0x0b, 0x3f, 0x00, 0x03, 0x03, 0x01,
  0x4f, 0x0b, 0x05, 0x02, 0x01, 0x01, 0x12, 0x01, 0x40, 0x1b, 0x4b, 0xb0,
  0x0e, 0x50, 0x58, 0x40, 0x2b, 0x00, 0x09, 0x00, 0x07, 0x02, 0x09, 0x07,
  0x57, 0x0a, 0x01, 0x00, 0x00, 0x02, 0x03, 0x00, 0x02, 0x58, 0x0d, 0x01,
  0x08, 0x08, 0x04, 0x4f, 0x0c, 0x06, 0x02, 0x04, 0x04, 0x0b, 0x3f, 0x00,
  0x03, 0x03, 0x01, 0x4f, 0x0b, 0x05, 0x02, 0x01, 0x01, 0x12, 0x01, 0x40,
  0x1b, 0x4b, 0xb0, 0x2d, 0x50, 0x58, 0x40, 0x2f, 0x00, 0x09, 0x00, 0x07,
  0x02, 0x09, 0x07, 0x57, 0x0a, 0x01, 0x00, 0x00, 0x02, 0x03, 0x00, 0x02,
  0x58, 0x00, 0x04, 0x04, 0x0b, 0x3f, 0x0d, 0x01, 0x08, 0x08, 0x06, 0x4f,
  0x0c, 0x01, 0x06, 0x06, 0x0b, 0x3f, 0x00, 0x03, 0x03, 0x01, 0x4f, 0x0b,
  0x05, 0x02, 0x01, 0x01, 0x12, 0x01, 0x40, 0x1b, 0x40, 0x33, 0x00, 0x09,
  0x00, 0x07, 0x02, 0x09, 0x07, 0x57, 0x0a, 0x01, 0x00, 0x00, 0x02, 0x03,
  0x00, 0x02, 0x58, 0x00, 0x04, 0x04, 0x0b, 0x3f, 0x0d, 0x01, 0x08, 0x08,
  0x06, 0x4f, 0x0c, 0x01, 0x06, 0x06, 0x0b, 0x3f, 0x0b, 0x01, 0x05, 0x05,
  0x0c, 0x3f, 0x00, 0x03, 0x03, 0x01, 0x4f, 0x00, 0x01, 0x01, 0x12, 0x01,
  0x40, 0x59, 0x59, 0x59, 0x59, 0x40, 0x26, 0x26, 0x25, 0x1a, 0x19, 0x15,
  0x15, 0x01, 0x00, 0x2b, 0x2a, 0x25, 0x2f, 0x26, 0x2f, 0x20, 0x1e, 0x19,
  0x24, 0x1a, 0x24, 0x15, 0x18, 0x15, 0x18, 0x17, 0x16, 0x11, 0x10, 0x0c,
  0x0b, 0x07, 0x05, 0x00, 0x0a, 0x01, 0x0a, 0x0e, 0x0c, 0x2b, 0x01, 0x32,
  0x16, 0x15, 0x14, 0x06, 0x23, 0x22, 0x26, 0x10, 0x36, 0x04, 0x22, 0x06,
  0x15, 0x14, 0x16, 0x32, 0x36, 0x35, 0x34, 0x01, 0x01, 0x33, 0x01, 0x03,
  0x32, 0x16, 0x15, 0x14, 0x06, 0x23, 0x22, 0x26, 0x35, 0x34, 0x36, 0x17,
  0x22, 0x06, 0x15, 0x14, 0x16, 0x32, 0x36, 0x35, 0x34, 0x26, 0x05, 0x97,
  0xa9, 0xb8, 0xbb, 0xa6, 0xa8, 0xb8, 0xba, 0x01, 0x11, 0xd6, 0x77, 0x77,
  0xd6, 0x77, 0xfb, 0x18, 0x03, 0x1b, 0xa2, 0xfc, 0xca, 0x74, 0x91, 0xaf,
  0xb0, 0x90, 0x91, 0xac, 0xad, 0x90, 0x5a, 0x64, 0x63, 0xb6, 0x64, 0x66,
  0x02, 0xf2, 0xd5, 0xac, 0xa8, 0xd8, 0xd7, 0x01, 0x52, 0xd8, 0x72, 0x9e,
  0x71, 0x73, 0x9c, 0x9e, 0x71, 0x73, 0xfe, 0x18, 0x05, 0xba, 0xfa, 0x46,
  0x05, 0xd5, 0xd9, 0xa8, 0xa4, 0xd4, 0xd3, 0xa5, 0xa7, 0xda, 0x6f, 0xa0,
  0x72, 0x73, 0x91, 0x95, 0x6f, 0x73, 0x9f, 0x00, 0x00, 0x03, 0x00, 0x68,
  0xff, 0xe9, 0x05, 0x71, 0x05, 0xd1, 0x00, 0x20, 0x00, 0x2b, 0x00, 0x39,
  0x00, 0x5d, 0x40, 0x14, 0x32, 0x29, 0x21, 0x19, 0x15, 0x13, 0x12, 0x10,
  0x0f, 0x00, 0x0a, 0x02, 0x03, 0x18, 0x16, 0x02, 0x01, 0x02, 0x02, 0x3e,
  0x4b, 0xb0, 0x10, 0x50, 0x58, 0x40, 0x16, 0x04, 0x01, 0x03, 0x03, 0x00,
  0x4f, 0x00, 0x00, 0x00, 0x0b, 0x3f, 0x00, 0x02, 0x02, 0x01, 0x4f, 0x00,
  0x01, 0x01, 0x12, 0x01, 0x40, 0x1b, 0x40, 0x16, 0x04, 0x01, 0x03, 0x03,
  0x00, 0x4f, 0x00, 0x00, 0x00, 0x0b, 0x3f, 0x00, 0x02, 0x02, 0x01, 0x4f,
  0x00, 0x01, 0x01, 0x15, 0x01, 0x40, 0x59, 0x40, 0x0d, 0x2d, 0x2c, 0x2c,
  0x39, 0x2d, 0x39, 0x28, 0x26, 0x1c, 0x1a, 0x25, 0x05, 0x0d, 0x2b, 0x01,
  0x26, 0x26, 0x35, 0x34, 0x36, 0x33, 0x32, 0x16, 0x16, 0x15, 0x14, 0x0e,
  0x02, 0x07, 0x01, 0x36, 0x37, 0x17, 0x06, 0x07, 0x17, 0x06, 0x07, 0x27,
  0x06, 0x21, 0x22, 0x24, 0x35, 0x34, 0x36, 0x05, 0x06, 0x06, 0x15, 0x14,
  0x16, 0x33, 0x32, 0x37, 0x26, 0x00, 0x13, 0x22, 0x06, 0x15, 0x14, 0x16,
  0x17, 0x3e, 0x03, 0x35, 0x34, 0x26, 0x01, 0xb9, 0x5d, 0x50, 0xd3, 0xb2,
  0x69, 0xad, 0x6f, 0x33, 0x61, 0x73, 0x4c, 0x01, 0x91, 0x50, 0x3e, 0x79,
  0x3e, 0x61, 0xb5, 0x4a, 0x53, 0x88, 0xce, 0xfe, 0xee, 0xfd, 0xfe, 0xf9,
  0xad, 0x01, 0x0b, 0x7e, 0x89, 0xb8, 0xa4, 0xc4, 0xa0, 0x4a, 0xfe, 0xdb,
  0x2a, 0x5d, 0x70, 0x49, 0x4d, 0x3d, 0x4b, 0x50, 0x25, 0x72, 0x03, 0x47,
  0x65, 0x88, 0x59, 0x95, 0xaf, 0x41, 0x8f, 0x63, 0x40, 0x71, 0x5c, 0x4a,
  0x23, 0xfe, 0x53, 0x54, 0x8c, 0x5c, 0x88, 0x72, 0xd8, 0x1c, 0x18, 0x9a,
  0xa6, 0xdd, 0xc5, 0x99, 0xd0, 0x1e, 0x40, 0x98, 0x68, 0x81, 0x91, 0x7f,
  0x50, 0x01, 0x34, 0x02, 0xba, 0x5f, 0x55, 0x44, 0x71, 0x4a, 0x1e, 0x2c,
  0x41, 0x4c, 0x2e, 0x53, 0x5b, 0x00, 0x00, 0x01, 0x00, 0x7f, 0x03, 0xcf,
  0x01, 0x1b, 0x05, 0xce, 0x00, 0x03, 0x00, 0x18, 0x40, 0x15, 0x00, 0x00,
  0x00, 0x01, 0x4d, 0x02, 0x01, 0x01, 0x01, 0x0b, 0x00, 0x40, 0x00, 0x00,
  0x00, 0x03, 0x00, 0x03, 0x11, 0x03, 0x0d, 0x2b, 0x01, 0x03, 0x23, 0x03,
  0x01, 0x1b, 0x14, 0x73, 0x15, 0x05, 0xce, 0xfe, 0x01, 0x01, 0xff, 0x00,
  0x00, 0x01, 0x00, 0x67, 0xfe, 0xf1, 0x02, 0x13, 0x05, 0xce, 0x00, 0x0b,
  0x00, 0x12, 0x40, 0x0f, 0x00, 0x01, 0x01, 0x00, 0x4d, 0x00, 0x00, 0x00,
  0x0b, 0x01, 0x40, 0x15, 0x12, 0x02, 0x0e, 0x2b, 0x13, 0x10, 0x01, 0x33,
  0x00, 0x11, 0x14, 0x12, 0x17, 0x23, 0x26, 0x02, 0x67, 0x01, 0x11, 0x9b,
  0xfe, 0xfe, 0x88, 0x7a, 0x99, 0x81, 0x92, 0x02, 0x56, 0x01, 0xea, 0x01,
  0x8e, 0xfe, 0x6e, 0xfe, 0x1e, 0xe2, 0xfe, 0x34, 0xbb, 0xb3, 0x01, 0xc1,
  0x00, 0x01, 0x00, 0x4d, 0xfe, 0xf1, 0x01, 0xfa, 0x05, 0xce, 0x00, 0x0b,
  0x00, 0x12, 0x40, 0x0f, 0x00, 0x00, 0x00, 0x01, 0x4d, 0x00, 0x01, 0x01,
  0x0b, 0x00, 0x40, 0x15, 0x13, 0x02, 0x0e, 0x2b, 0x01, 0x14, 0x02, 0x07,
  0x23, 0x36, 0x12, 0x35, 0x10, 0x01, 0x33, 0x00, 0x01, 0xfa, 0x92, 0x82,
  0x98, 0x7a, 0x88, 0xfe, 0xfd, 0x9b, 0x01, 0x12, 0x02, 0x56, 0xf1, 0xfe,
  0x40, 0xb4, 0xbb, 0x01, 0xcc, 0xe2, 0x01, 0xe0, 0x01, 0x94, 0xfe, 0x6c,
  0x00, 0x01, 0x00, 0x57, 0x02, 0x45, 0x03, 0xf8, 0x05, 0xf2, 0x00, 0x12,
  0x00, 0x20, 0x40, 0x1d, 0x11, 0x10, 0x0f, 0x0e, 0x0d, 0x0c, 0x0b, 0x07,
  0x03, 0x02, 0x01, 0x0b, 0x00, 0x3b, 0x01, 0x01, 0x00, 0x00, 0x0d, 0x00,
  0x40, 0x00, 0x00, 0x00, 0x12, 0x00, 0x12, 0x02, 0x0c, 0x2b, 0x01, 0x03,
  0x25, 0x17, 0x05, 0x16, 0x16, 0x17, 0x06, 0x06, 0x07, 0x03, 0x03, 0x27,
  0x13, 0x25, 0x37, 0x05, 0x03, 0x02, 0x83, 0x24, 0x01, 0x67, 0x32, 0xfe,
  0x91, 0x0b, 0xc1, 0x30, 0x1a, 0x66, 0x1a, 0xc8, 0xbd, 0x9c, 0xf8, 0xfe,
  0x95, 0x32, 0x01, 0x65, 0x25, 0x05, 0xf2, 0xfe, 0x65, 0x97, 0xab, 0x53,
  0x0f, 0xfe, 0x40, 0x10, 0x3e, 0x10, 0x01, 0x6a, 0xfe, 0x96, 0x5e, 0x01,
  0x4d, 0x53, 0xab, 0x97, 0x01, 0x9b, 0x00, 0x01, 0x00, 0x66, 0x00, 0x99,
  0x04, 0x03, 0x04, 0x76, 0x00, 0x0b, 0x00, 0x44, 0x4b, 0xb0, 0x17, 0x50,
  0x58, 0x40, 0x15, 0x04, 0x01, 0x00, 0x03, 0x01, 0x01, 0x02, 0x00, 0x01,
  0x55, 0x00, 0x02, 0x02, 0x05, 0x4d, 0x00, 0x05, 0x05, 0x0e, 0x02, 0x40,
  0x1b, 0x40, 0x1a, 0x00, 0x05, 0x00, 0x02, 0x05, 0x49, 0x04, 0x01, 0x00,
  0x03, 0x01, 0x01, 0x02, 0x00, 0x01, 0x55, 0x00, 0x05, 0x05, 0x02, 0x4d,
  0x00, 0x02, 0x05, 0x02, 0x41, 0x59, 0xb7, 0x11, 0x11, 0x11, 0x11, 0x11,
  0x10, 0x06, 0x12, 0x2b, 0x01, 0x21, 0x15, 0x21, 0x11, 0x23, 0x11, 0x21,
  0x35, 0x21, 0x11, 0x33, 0x02, 0x7d, 0x01, 0x86, 0xfe, 0x79, 0x89, 0xfe,
  0x73, 0x01, 0x8e, 0x89, 0x02, 0xce, 0x88, 0xfe, 0x53, 0x01, 0xad, 0x88,
  0x01, 0xa8, 0x00, 0x01, 0x00, 0x6d, 0xfe, 0xea, 0x01, 0x66, 0x00, 0xea,
  0x00, 0x08, 0x00, 0x23, 0x40, 0x20, 0x06, 0x01, 0x01, 0x00, 0x01, 0x3e,
  0x00, 0x00, 0x01, 0x01, 0x00, 0x49, 0x00, 0x00, 0x00, 0x01, 0x4d, 0x02,
  0x01, 0x01, 0x00, 0x01, 0x41, 0x00, 0x00, 0x00, 0x08, 0x00, 0x08, 0x14,
  0x03, 0x0d, 0x2b, 0x13, 0x3e, 0x02, 0x37, 0x33, 0x15, 0x06, 0x03, 0x6d,
  0x03, 0x1d, 0x10, 0x04, 0xc5, 0x31, 0x5f, 0xfe, 0xea, 0x1d, 0xf9, 0xaa,
  0x40, 0x2c, 0xc6, 0xfe, 0xf2, 0x00, 0x00, 0x01, 0x00, 0x56, 0x01, 0xf1,
  0x02, 0x4a, 0x02, 0x84, 0x00, 0x03, 0x00, 0x1d, 0x40, 0x1a, 0x00, 0x00,
  0x01, 0x01, 0x00, 0x49, 0x00, 0x00, 0x00, 0x01, 0x4d, 0x02, 0x01, 0x01,
  0x00, 0x01, 0x41, 0x00, 0x00, 0x00, 0x03, 0x00, 0x03, 0x11, 0x03, 0x0d,
  0x2b, 0x13, 0x35, 0x21, 0x15, 0x56, 0x01, 0xf4, 0x01, 0xf1, 0x93, 0x93,
  0x00, 0x01, 0x00, 0x80, 0xff, 0xf4, 0x01, 0x8a, 0x00, 0xfc, 0x00, 0x09,
  0x00, 0x5a, 0x4b, 0xb0, 0x0a, 0x50, 0x58, 0x40, 0x0c, 0x00, 0x01, 0x01,
  0x00, 0x4f, 0x02, 0x01, 0x00, 0x00, 0x0c, 0x00, 0x40, 0x1b, 0x4b, 0xb0,
  0x0e, 0x50, 0x58, 0x40, 0x0c, 0x00, 0x01, 0x01, 0x00, 0x4f, 0x02, 0x01,
  0x00, 0x00, 0x12, 0x00, 0x40, 0x1b, 0x4b, 0xb0, 0x10, 0x50, 0x58, 0x40,
  0x0c, 0x00, 0x01, 0x01, 0x00, 0x4f, 0x02, 0x01, 0x00, 0x00, 0x0c, 0x00,
  0x40, 0x1b, 0x40, 0x0c, 0x00, 0x01, 0x01, 0x00, 0x4f, 0x02, 0x01, 0x00,
  0x00, 0x12, 0x00, 0x40, 0x59, 0x59, 0x59, 0x40, 0x0a, 0x01, 0x00, 0x06,
  0x05, 0x00, 0x09, 0x01, 0x09, 0x03, 0x0c, 0x2b, 0x05, 0x22, 0x26, 0x35,
  0x34, 0x36, 0x32, 0x16, 0x14, 0x06, 0x01, 0x05, 0x3e, 0x47, 0x46, 0x7e,
  0x46, 0x46, 0x0c, 0x4f, 0x35, 0x36, 0x4e, 0x4e, 0x6c, 0x4e, 0x00, 0x01,
  0x00, 0x32, 0xff, 0x26, 0x03, 0x68, 0x05, 0xba, 0x00, 0x03, 0x00, 0x12,
  0x40, 0x0f, 0x00, 0x00, 0x01, 0x00, 0x67, 0x00, 0x01, 0x01, 0x0b, 0x01,
  0x40, 0x11, 0x10, 0x02, 0x0e, 0x2b, 0x17, 0x23, 0x01, 0x33, 0xc2, 0x90,
  0x02, 0xa4, 0x92, 0xda, 0x06, 0x94, 0x00, 0x02, 0x00, 0x6d, 0xff, 0xe9,
  0x04, 0x6c, 0x05, 0xf5, 0x00, 0x13, 0x00, 0x21, 0x00, 0x3d, 0x4b, 0xb0,
  0x10, 0x50, 0x58, 0x40, 0x15, 0x00, 0x02, 0x02, 0x01, 0x4f, 0x00, 0x01,
  0x01, 0x0d, 0x3f, 0x00, 0x03, 0x03, 0x00, 0x4f, 0x00, 0x00, 0x00, 0x12,
  0x00, 0x40, 0x1b, 0x40, 0x15, 0x00, 0x02, 0x02, 0x01, 0x4f, 0x00, 0x01,
  0x01, 0x0d, 0x3f, 0x00, 0x03, 0x03, 0x00, 0x4f, 0x00, 0x00, 0x00, 0x15,
  0x00, 0x40, 0x59, 0xb5, 0x16, 0x18, 0x29, 0x10, 0x04, 0x10, 0x2b, 0x04,
  0x20, 0x26, 0x26, 0x02, 0x35, 0x34, 0x3e, 0x03, 0x33, 0x32, 0x16, 0x16,
  0x12, 0x15, 0x14, 0x02, 0x06, 0x02, 0x22, 0x06, 0x02, 0x15, 0x14, 0x12,
  0x16, 0x32, 0x36, 0x12, 0x35, 0x34, 0x02, 0x02, 0xf3, 0xfe, 0xf6, 0xc8,
  0x79, 0x3b, 0x27, 0x52, 0x79, 0xa8, 0x67, 0x80, 0xc5, 0x7b, 0x3e, 0x3a,
  0x78, 0xe6, 0xcc, 0x92, 0x49, 0x49, 0x92, 0xcc, 0x92, 0x49, 0x49, 0x17,
  0x75, 0xd4, 0x01, 0x14, 0xa9, 0x8b, 0xec, 0xc0, 0x86, 0x49, 0x70, 0xcf,
  0xfe, 0xe7, 0xae, 0xa9, 0xfe, 0xec, 0xd4, 0x04, 0xff, 0xa1, 0xfe, 0xed,
  0xb4, 0xb7, 0xfe, 0xe7, 0xa4, 0xa4, 0x01, 0x19, 0xb7, 0xb4, 0x01, 0x13,
  0x00, 0x01, 0x00, 0x25, 0x00, 0x00, 0x01, 0xcd, 0x05, 0xd8, 0x00, 0x0b,
  0x00, 0x1a, 0x40, 0x17, 0x07, 0x06, 0x04, 0x03, 0x01, 0x00, 0x01, 0x3e,
  0x00, 0x00, 0x00, 0x0b, 0x3f, 0x00, 0x01, 0x01, 0x0c, 0x01, 0x40, 0x11,
  0x10, 0x02, 0x0e, 0x2b, 0x01, 0x33, 0x11, 0x23, 0x11, 0x06, 0x07, 0x35,
  0x3e, 0x03, 0x01, 0x2e, 0x9f, 0xb1, 0x65, 0x92, 0x10, 0x62, 0x31, 0x4a,
  0x05, 0xd8, 0xfa, 0x28, 0x05, 0x1f, 0x42, 0x2f, 0xa7, 0x07, 0x2a, 0x16,
  0x28, 0x00, 0x00, 0x01, 0x00, 0x5a, 0x00, 0x00, 0x03, 0xe7, 0x05, 0xf5,
  0x00, 0x1a, 0x00, 0x30, 0x40, 0x2d, 0x0c, 0x01, 0x00, 0x01, 0x11, 0x0b,
  0x06, 0x03, 0x02, 0x00, 0x02, 0x3e, 0x00, 0x00, 0x00, 0x01, 0x4f, 0x00,
  0x01, 0x01, 0x0d, 0x3f, 0x00, 0x02, 0x02, 0x03, 0x4d, 0x04, 0x01, 0x03,
  0x03, 0x0c, 0x03, 0x40, 0x00, 0x00, 0x00, 0x1a, 0x00, 0x1a, 0x19, 0x23,
  0x28, 0x05, 0x0f, 0x2b, 0x33, 0x27, 0x01, 0x36, 0x36, 0x37, 0x37, 0x34,
  0x26, 0x23, 0x22, 0x07, 0x27, 0x36, 0x21, 0x32, 0x16, 0x15, 0x0e, 0x04,
  0x07, 0x01, 0x21, 0x07, 0x71, 0x17, 0x02, 0x05, 0x34, 0x61, 0x16, 0x17,
  0x8a, 0x7f, 0xd4, 0x7a, 0x3a, 0x8a, 0x01, 0x0a, 0xcc, 0xf2, 0x04, 0x10,
  0x35, 0x3a, 0x59, 0x2e, 0xfe, 0x5a, 0x02, 0xb5, 0x0b, 0xa4, 0x02, 0x3e,
  0x3a, 0xb8, 0x40, 0x3f, 0x7c, 0x89, 0x7b, 0x96, 0x82, 0xdd, 0xb9, 0x0e,
  0x2f, 0x88, 0x7a, 0x92, 0x31, 0xfe, 0x3d, 0x9a, 0x00, 0x01, 0x00, 0x69,
  0xff, 0xe9, 0x03, 0xe7, 0x05, 0xf5, 0x00, 0x2e, 0x00, 0x74, 0x40, 0x16,
  0x20, 0x01, 0x04, 0x05, 0x1f, 0x01, 0x03, 0x04, 0x29, 0x01, 0x02, 0x03,
  0x04, 0x01, 0x01, 0x02, 0x03, 0x01, 0x00, 0x01, 0x05, 0x3e, 0x4b, 0xb0,
  0x10, 0x50, 0x58, 0x40, 0x1e, 0x00, 0x03, 0x00, 0x02, 0x01, 0x03, 0x02,
  0x57, 0x00, 0x04, 0x04, 0x05, 0x4f, 0x00, 0x05, 0x05, 0x0d, 0x3f, 0x00,
  0x01, 0x01, 0x00, 0x4f, 0x06, 0x01, 0x00, 0x00, 0x12, 0x00, 0x40, 0x1b,
  0x40, 0x1e, 0x00, 0x03, 0x00, 0x02, 0x01, 0x03, 0x02, 0x57, 0x00, 0x04,
  0x04, 0x05, 0x4f, 0x00, 0x05, 0x05, 0x0d, 0x3f, 0x00, 0x01, 0x01, 0x00,
  0x4f, 0x06, 0x01, 0x00, 0x00, 0x15, 0x00, 0x40, 0x59, 0x40, 0x12, 0x01,
  0x00, 0x23, 0x21, 0x1d, 0x1b, 0x15, 0x13, 0x12, 0x0e, 0x07, 0x05, 0x00,
  0x2e, 0x01, 0x2e, 0x07, 0x0c, 0x2b, 0x05, 0x22, 0x26, 0x27, 0x37, 0x16,
  0x33, 0x32, 0x36, 0x35, 0x34, 0x2e, 0x03, 0x27, 0x22, 0x26, 0x23, 0x35,
  0x33, 0x3e, 0x04, 0x35, 0x34, 0x21, 0x22, 0x06, 0x07, 0x27, 0x36, 0x21,
  0x32, 0x16, 0x16, 0x15, 0x14, 0x06, 0x07, 0x16, 0x16, 0x15, 0x14, 0x04,
  0x01, 0xf0, 0x86, 0xd1, 0x30, 0x38, 0x8d, 0xc3, 0x96, 0xb1, 0x2d, 0x4b,
  0x75, 0x7b, 0x51, 0x0a, 0x28, 0x0a, 0x32, 0x46, 0x6b, 0x6b, 0x46, 0x2c,
  0xfe, 0xed, 0x63, 0xae, 0x3e, 0x38, 0x95, 0x01, 0x18, 0x71, 0xc0, 0x7c,
  0x8a, 0x7d, 0x8c, 0x9f, 0xfe, 0xe6, 0x17, 0x46, 0x2e, 0x93, 0x6f, 0x95,
  0x86, 0x49, 0x6d, 0x43, 0x29, 0x11, 0x02, 0x01, 0x95, 0x01, 0x0d, 0x22,
  0x38, 0x5e, 0x40, 0xf0, 0x3a, 0x31, 0x92, 0x71, 0x53, 0xab, 0x73, 0x8c,
  0xb4, 0x27, 0x1e, 0xca, 0x9b, 0xc5, 0xec, 0x00, 0x00, 0x02, 0x00, 0x6c,
  0x00, 0x00, 0x04, 0x70, 0x05, 0xd8, 0x00, 0x0a, 0x00, 0x0d, 0x00, 0x27,
  0x40, 0x24, 0x0b, 0x06, 0x02, 0x04, 0x03, 0x01, 0x3e, 0x05, 0x01, 0x04,
  0x02, 0x01, 0x00, 0x01, 0x04, 0x00, 0x56, 0x00, 0x03, 0x03, 0x0b, 0x3f,
  0x00, 0x01, 0x01, 0x0c, 0x01, 0x40, 0x12, 0x11, 0x12, 0x11, 0x11, 0x10,
  0x06, 0x12, 0x2b, 0x01, 0x23, 0x11, 0x23, 0x11, 0x21, 0x35, 0x01, 0x33,
  0x11, 0x33, 0x01, 0x01, 0x21, 0x04, 0x62, 0xaa, 0xa8, 0xfd, 0x5c, 0x02,
  0x91, 0xbb, 0xb8, 0xfe, 0xa0, 0xfe, 0x0c, 0x01, 0xf4, 0x01, 0x73, 0xfe,
  0x8d, 0x01, 0x73, 0x99, 0x03, 0xcc, 0xfc, 0x2c, 0x02, 0xf1, 0xfd, 0x0f,
  0x00, 0x01, 0x00, 0x79, 0xff, 0xe9, 0x04, 0x28, 0x05, 0xd8, 0x00, 0x1c,
  0x00, 0x69, 0x40, 0x10, 0x04, 0x01, 0x04, 0x01, 0x1b, 0x1a, 0x11, 0x03,
  0x03, 0x04, 0x10, 0x01, 0x02, 0x03, 0x03, 0x3e, 0x4b, 0xb0, 0x10, 0x50,
  0x58, 0x40, 0x1e, 0x00, 0x01, 0x00, 0x04, 0x03, 0x01, 0x04, 0x57, 0x00,
  0x00, 0x00, 0x05, 0x4d, 0x06, 0x01, 0x05, 0x05, 0x0b, 0x3f, 0x00, 0x03,
  0x03, 0x02, 0x4f, 0x00, 0x02, 0x02, 0x12, 0x02, 0x40, 0x1b, 0x40, 0x1e,
  0x00, 0x01, 0x00, 0x04, 0x03, 0x01, 0x04, 0x57, 0x00, 0x00, 0x00, 0x05,
  0x4d, 0x06, 0x01, 0x05, 0x05, 0x0b, 0x3f, 0x00, 0x03, 0x03, 0x02, 0x4f,
  0x00, 0x02, 0x02, 0x15, 0x02, 0x40, 0x59, 0x40, 0x0d, 0x00, 0x00, 0x00,
  0x1c, 0x00, 0x1c, 0x14, 0x23, 0x26, 0x23, 0x11, 0x07, 0x11, 0x2b, 0x01,
  0x07, 0x21, 0x02, 0x07, 0x36, 0x33, 0x32, 0x1e, 0x02, 0x15, 0x14, 0x00,
  0x23, 0x22, 0x27, 0x37, 0x16, 0x33, 0x32, 0x36, 0x35, 0x34, 0x26, 0x20,
  0x07, 0x27, 0x13, 0x03, 0xec, 0x0e, 0xfd, 0x9d, 0x0a, 0x05, 0x71, 0x84,
  0x6f, 0xaf, 0x6f, 0x3a, 0xfe, 0xdd, 0xfa, 0xfb, 0x97, 0x41, 0x94, 0xc3,
  0xa4, 0xbe, 0xa0, 0xfe, 0xd8, 0x5a, 0x8b, 0x27, 0x05, 0xd8, 0xa4, 0xfe,
  0xdd, 0xb4, 0x48, 0x47, 0x7c, 0xa5, 0x60, 0xe3, 0xfe, 0xef, 0x89, 0x8d,
  0x74, 0xba, 0x96, 0x86, 0xa7, 0x63, 0x13, 0x03, 0x20, 0x00, 0x00, 0x02,
  0x00, 0x67, 0xff, 0xe9, 0x04, 0x53, 0x05, 0xd1, 0x00, 0x16, 0x00, 0x23,
  0x00, 0x57, 0xb5, 0x15, 0x01, 0x04, 0x00, 0x01, 0x3e, 0x4b, 0xb0, 0x10,
  0x50, 0x58, 0x40, 0x19, 0x05, 0x01, 0x00, 0x00, 0x04, 0x03, 0x00, 0x04,
  0x58, 0x00, 0x02, 0x02, 0x0b, 0x3f, 0x00, 0x03, 0x03, 0x01, 0x4f, 0x00,
  0x01, 0x01, 0x12, 0x01, 0x40, 0x1b, 0x40, 0x19, 0x05, 0x01, 0x00, 0x00,
  0x04, 0x03, 0x00, 0x04, 0x58, 0x00, 0x02, 0x02, 0x0b, 0x3f, 0x00, 0x03,
  0x03, 0x01, 0x4f, 0x00, 0x01, 0x01, 0x15, 0x01, 0x40, 0x59, 0x40, 0x10,
  0x01, 0x00, 0x22, 0x20, 0x1c, 0x1a, 0x14, 0x13, 0x08, 0x06, 0x00, 0x16,
  0x01, 0x16, 0x06, 0x0c, 0x2b, 0x01, 0x32, 0x16, 0x16, 0x15, 0x14, 0x00,
  0x23, 0x22, 0x2e, 0x02, 0x35, 0x34, 0x12, 0x37, 0x36, 0x36, 0x37, 0x37,
  0x33, 0x01, 0x36, 0x03, 0x14, 0x16, 0x16, 0x33, 0x32, 0x36, 0x35, 0x34,
  0x26, 0x23, 0x22, 0x06, 0x02, 0x7d, 0x7e, 0xd6, 0x82, 0xfe, 0xed, 0xe1,
  0x75, 0xc1, 0x7d, 0x45, 0x77, 0x9c, 0x26, 0xa4, 0x40, 0x3f, 0xe7, 0xfd,
  0xf2, 0x71, 0xe9, 0x43, 0x8f, 0x63, 0x94, 0xa9, 0xa9, 0x94, 0x9d, 0x98,
  0x03, 0x99, 0x77, 0xdb, 0x86, 0xcc, 0xfe, 0xf4, 0x4f, 0x87, 0xb3, 0x66,
  0xa3, 0x01, 0x01, 0xc5, 0x30, 0xc8, 0x4c, 0x4c, 0xfd, 0x8c, 0x3c, 0xfe,
  0x2c, 0x59, 0x90, 0x5b, 0xb6, 0x87, 0x8e, 0xb7, 0xb2, 0x00, 0x00, 0x01,
  0x00, 0x64, 0x00, 0x00, 0x03, 0xd2, 0x05, 0xd8, 0x00, 0x06, 0x00, 0x24,
  0x40, 0x21, 0x05, 0x01, 0x00, 0x01, 0x01, 0x3e, 0x00, 0x00, 0x00, 0x01,
  0x4d, 0x00, 0x01, 0x01, 0x0b, 0x3f, 0x03, 0x01, 0x02, 0x02, 0x0c, 0x02,
  0x40, 0x00, 0x00, 0x00, 0x06, 0x00, 0x06, 0x11, 0x11, 0x04, 0x0e, 0x2b,
  0x21, 0x01, 0x21, 0x37, 0x21, 0x15, 0x01, 0x01, 0x05, 0x02, 0x02, 0xfd,
  0x5d, 0x0b, 0x03, 0x63, 0xfd, 0xe9, 0x05, 0x3d, 0x9b, 0x88, 0xfa, 0xb0,
  0x00, 0x03, 0x00, 0x67, 0xff, 0xe9, 0x04, 0x38, 0x05, 0xf5, 0x00, 0x17,
  0x00, 0x22, 0x00, 0x2c, 0x00, 0x59, 0x40, 0x09, 0x28, 0x18, 0x12, 0x07,
  0x04, 0x02, 0x03, 0x01, 0x3e, 0x4b, 0xb0, 0x10, 0x50, 0x58, 0x40, 0x17,
  0x05, 0x01, 0x03, 0x03, 0x01, 0x4f, 0x00, 0x01, 0x01, 0x0d, 0x3f, 0x00,
  0x02, 0x02, 0x00, 0x4f, 0x04, 0x01, 0x00, 0x00, 0x12, 0x00, 0x40, 0x1b,
  0x40, 0x17, 0x05, 0x01, 0x03, 0x03, 0x01, 0x4f, 0x00, 0x01, 0x01, 0x0d,
  0x3f, 0x00, 0x02, 0x02, 0x00, 0x4f, 0x04, 0x01, 0x00, 0x00, 0x15, 0x00,
  0x40, 0x59, 0x40, 0x12, 0x24, 0x23, 0x01, 0x00, 0x23, 0x2c, 0x24, 0x2c,
  0x1e, 0x1d, 0x0d, 0x0b, 0x00, 0x17, 0x01, 0x17, 0x06, 0x0c, 0x2b, 0x05,
  0x22, 0x26, 0x26, 0x35, 0x34, 0x36, 0x37, 0x24, 0x11, 0x34, 0x24, 0x33,
  0x32, 0x16, 0x15, 0x14, 0x06, 0x07, 0x16, 0x16, 0x15, 0x14, 0x04, 0x03,
  0x06, 0x06, 0x15, 0x14, 0x16, 0x20, 0x36, 0x35, 0x34, 0x26, 0x03, 0x22,
  0x06, 0x15, 0x14, 0x05, 0x24, 0x35, 0x34, 0x26, 0x02, 0x52, 0x88, 0xdb,
  0x88, 0xa4, 0x93, 0xfe, 0xe8, 0x01, 0x00, 0xcc, 0xcb, 0xfc, 0x88, 0x7a,
  0x87, 0x9a, 0xfe, 0xeb, 0xd1, 0x8f, 0xac, 0xb2, 0x01, 0x12, 0xad, 0xa8,
  0x8e, 0x76, 0xa5, 0x01, 0x1b, 0x01, 0x17, 0xa2, 0x17, 0x5b, 0xbc, 0x81,
  0x8f, 0xd4, 0x30, 0x63, 0x01, 0x05, 0xb1, 0xc8, 0xc8, 0xb1, 0x84, 0xb4,
  0x30, 0x30, 0xd4, 0x8f, 0xc0, 0xd8, 0x02, 0xd6, 0x21, 0x9b, 0x76, 0x7b,
  0x91, 0x91, 0x7b, 0x77, 0x9b, 0x02, 0xbe, 0x76, 0x67, 0xec, 0x3f, 0x3f,
  0xec, 0x67, 0x76, 0x00, 0x00, 0x02, 0x00, 0x56, 0x00, 0x00, 0x04, 0x42,
  0x05, 0xf5, 0x00, 0x16, 0x00, 0x22, 0x00, 0x32, 0x40, 0x2f, 0x15, 0x01,
  0x00, 0x04, 0x01, 0x3e, 0x00, 0x04, 0x05, 0x01, 0x00, 0x02, 0x04, 0x00,
  0x57, 0x00, 0x03, 0x03, 0x01, 0x4f, 0x00, 0x01, 0x01, 0x0d, 0x3f, 0x00,
  0x02, 0x02, 0x0c, 0x02, 0x40, 0x01, 0x00, 0x21, 0x1f, 0x1b, 0x19, 0x14,
  0x13, 0x08, 0x06, 0x00, 0x16, 0x01, 0x16, 0x06, 0x0c, 0x2b, 0x01, 0x22,
  0x26, 0x26, 0x35, 0x34, 0x00, 0x33, 0x32, 0x1e, 0x02, 0x15, 0x14, 0x06,
  0x07, 0x06, 0x06, 0x07, 0x07, 0x23, 0x01, 0x06, 0x13, 0x34, 0x26, 0x23,
  0x22, 0x06, 0x15, 0x14, 0x16, 0x33, 0x32, 0x36, 0x02, 0x2c, 0x7f, 0xd5,
  0x82, 0x01, 0x18, 0xe2, 0x75, 0xbf, 0x7b, 0x43, 0x62, 0x78, 0x2b, 0xc9,
  0x4f, 0x4f, 0xdc, 0x02, 0x13, 0x71, 0xe9, 0x9b, 0x94, 0x95, 0xae, 0xa8,
  0x95, 0x9e, 0x97, 0x02, 0x56, 0x6f, 0xd2, 0x86, 0xcc, 0x01, 0x0c, 0x4b,
  0x83, 0xaf, 0x66, 0x8f, 0xe8, 0xa3, 0x39, 0xfc, 0x61, 0x62, 0x02, 0x92,
  0x3c, 0x01, 0xcf, 0x89, 0xaf, 0xb7, 0x86, 0x8c, 0xa8, 0xae, 0x00, 0x02,
  0x00, 0x92, 0xff, 0xe7, 0x01, 0x60, 0x04, 0x64, 0x00, 0x03, 0x00, 0x07,
  0x00, 0x6e, 0x4b, 0xb0, 0x26, 0x50, 0x58, 0x40, 0x17, 0x04, 0x01, 0x01,
  0x01, 0x00, 0x4d, 0x00, 0x00, 0x00, 0x0e, 0x3f, 0x00, 0x02, 0x02, 0x03,
  0x4d, 0x05, 0x01, 0x03, 0x03, 0x0c, 0x03, 0x40, 0x1b, 0x4b, 0xb0, 0x29,
  0x50, 0x58, 0x40, 0x15, 0x00, 0x00, 0x04, 0x01, 0x01, 0x02, 0x00, 0x01,
  0x55, 0x00, 0x02, 0x02, 0x03, 0x4d, 0x05, 0x01, 0x03, 0x03, 0x0c, 0x03,
  0x40, 0x1b, 0x40, 0x1a, 0x00, 0x00, 0x04, 0x01, 0x01, 0x02, 0x00, 0x01,
  0x55, 0x00, 0x02, 0x03, 0x03, 0x02, 0x49, 0x00, 0x02, 0x02, 0x03, 0x4d,
  0x05, 0x01, 0x03, 0x02, 0x03, 0x41, 0x59, 0x59, 0x40, 0x11, 0x04, 0x04,
  0x00, 0x00, 0x04, 0x07, 0x04, 0x07, 0x06, 0x05, 0x00, 0x03, 0x00, 0x03,
  0x11, 0x06, 0x0d, 0x2b, 0x13, 0x35, 0x33, 0x15, 0x03, 0x35, 0x33, 0x15,
  0x92, 0xce, 0xce, 0xce, 0x03, 0x7d, 0xe7, 0xe7, 0xfc, 0x6a, 0xe9, 0xe9,
  0x00, 0x02, 0x00, 0x8a, 0xfe, 0xca, 0x01, 0x7c, 0x04, 0x64, 0x00, 0x03,
  0x00, 0x07, 0x00, 0x4e, 0x4b, 0xb0, 0x26, 0x50, 0x58, 0x40, 0x14, 0x05,
  0x01, 0x03, 0x00, 0x02, 0x03, 0x02, 0x51, 0x04, 0x01, 0x01, 0x01, 0x00,
  0x4d, 0x00, 0x00, 0x00, 0x0e, 0x01, 0x40, 0x1b, 0x40, 0x1b, 0x00, 0x00,
  0x04, 0x01, 0x01, 0x03, 0x00, 0x01, 0x55, 0x05, 0x01, 0x03, 0x02, 0x02,
  0x03, 0x49, 0x05, 0x01, 0x03, 0x03, 0x02, 0x4d, 0x00, 0x02, 0x03, 0x02,
  0x41, 0x59, 0x40, 0x11, 0x04, 0x04, 0x00, 0x00, 0x04, 0x07, 0x04, 0x07,
  0x06, 0x05, 0x00, 0x03, 0x00, 0x03, 0x11, 0x06, 0x0d, 0x2b, 0x13, 0x35,
  0x33, 0x15, 0x03, 0x03, 0x23, 0x13, 0xae, 0xce, 0x04, 0x7d, 0x71, 0x38,
  0x03, 0x7d, 0xe7, 0xe7, 0xfd, 0x48, 0xfe, 0x05, 0x01, 0xfb, 0x00, 0x01,
  0x00, 0x67, 0x00, 0x92, 0x04, 0x27, 0x04, 0xab, 0x00, 0x06, 0x00, 0x06,
  0xb3, 0x03, 0x00, 0x01, 0x24, 0x2b, 0x25, 0x01, 0x35, 0x01, 0x15, 0x01,
  0x01, 0x04, 0x25, 0xfc, 0x42, 0x03, 0xc0, 0xfc, 0xf9, 0x03, 0x05, 0x92,
  0x01, 0xcb, 0x61, 0x01, 0xed, 0x9e, 0xfe, 0x85, 0xfe, 0x9e, 0x00, 0x02,
  0x00, 0x83, 0x01, 0x79, 0x04, 0x49, 0x03, 0xaf, 0x00, 0x03, 0x00, 0x07,
  0x00, 0x2e, 0x40, 0x2b, 0x00, 0x02, 0x05, 0x01, 0x03, 0x00, 0x02, 0x03,
  0x55, 0x00, 0x00, 0x01, 0x01, 0x00, 0x49, 0x00, 0x00, 0x00, 0x01, 0x4d,
  0x04, 0x01, 0x01, 0x00, 0x01, 0x41, 0x04, 0x04, 0x00, 0x00, 0x04, 0x07,
  0x04, 0x07, 0x06, 0x05, 0x00, 0x03, 0x00, 0x03, 0x11, 0x06, 0x0d, 0x2b,
  0x13, 0x35, 0x21, 0x15, 0x01, 0x35, 0x21, 0x15, 0x84, 0x03, 0xc5, 0xfc,
  0x3a, 0x03, 0xc6, 0x01, 0x79, 0x8e, 0x8e, 0x01, 0xa6, 0x90, 0x90, 0x00,
  0x00, 0x01, 0x00, 0x73, 0x00, 0x98, 0x04, 0x33, 0x04, 0xb0, 0x00, 0x06,
  0x00, 0x06, 0xb3, 0x06, 0x03, 0x01, 0x24, 0x2b, 0x13, 0x01, 0x01, 0x35,
  0x01, 0x15, 0x01, 0x73, 0x03, 0x06, 0xfc, 0xfc, 0x03, 0xbe, 0xfc, 0x40,
  0x01, 0x37, 0x01, 0x5b, 0x01, 0x82, 0x9c, 0xfe, 0x0d, 0x61, 0xfe, 0x3c,
  0x00, 0x02, 0x00, 0x49, 0xff, 0xf4, 0x02, 0xfd, 0x05, 0xf4, 0x00, 0x17,
  0x00, 0x21, 0x00, 0xa6, 0x40, 0x0a, 0x0d, 0x01, 0x01, 0x02, 0x0c, 0x01,
  0x00, 0x01, 0x02, 0x3e, 0x4b, 0xb0, 0x0a, 0x50, 0x58, 0x40, 0x1d, 0x00,
  0x00, 0x01, 0x03, 0x01, 0x00, 0x03, 0x64, 0x00, 0x01, 0x01, 0x02, 0x4f,
  0x00, 0x02, 0x02, 0x0d, 0x3f, 0x00, 0x03, 0x03, 0x04, 0x4f, 0x00, 0x04,
  0x04, 0x0c, 0x04, 0x40, 0x1b, 0x4b, 0xb0, 0x0e, 0x50, 0x58, 0x40, 0x1d,
  0x00, 0x00, 0x01, 0x03, 0x01, 0x00, 0x03, 0x64, 0x00, 0x01, 0x01, 0x02,
  0x4f, 0x00, 0x02, 0x02, 0x0d, 0x3f, 0x00, 0x03, 0x03, 0x04, 0x4f, 0x00,
  0x04, 0x04, 0x12, 0x04, 0x40, 0x1b, 0x4b, 0xb0, 0x10, 0x50, 0x58, 0x40,
  0x1d, 0x00, 0x00, 0x01, 0x03, 0x01, 0x00, 0x03, 0x64, 0x00, 0x01, 0x01,
  0x02, 0x4f, 0x00, 0x02, 0x02, 0x0d, 0x3f, 0x00, 0x03, 0x03, 0x04, 0x4f,
  0x00, 0x04, 0x04, 0x0c, 0x04, 0x40, 0x1b, 0x40, 0x1d, 0x00, 0x00, 0x01,
  0x03, 0x01, 0x00, 0x03, 0x64, 0x00, 0x01, 0x01, 0x02, 0x4f, 0x00, 0x02,
  0x02, 0x0d, 0x3f, 0x00, 0x03, 0x03, 0x04, 0x4f, 0x00, 0x04, 0x04, 0x12,
  0x04, 0x40, 0x59, 0x59, 0x59, 0xb6, 0x23, 0x2a, 0x23, 0x28, 0x10, 0x05,
  0x11, 0x2b, 0x01, 0x23, 0x34, 0x3e, 0x03, 0x35, 0x26, 0x26, 0x23, 0x22,
  0x07, 0x27, 0x36, 0x33, 0x32, 0x16, 0x15, 0x14, 0x0e, 0x03, 0x02, 0x34,
  0x36, 0x33, 0x32, 0x16, 0x14, 0x06, 0x23, 0x22, 0x01, 0x94, 0x57, 0x3b,
  0x54, 0x53, 0x3b, 0x01, 0x78, 0x68, 0x81, 0x82, 0x2d, 0x7b, 0xd0, 0xa2,
  0xc7, 0x2d, 0x50, 0x57, 0x6d, 0xca, 0x47, 0x3e, 0x3f, 0x46, 0x46, 0x3f,
  0x3e, 0x01, 0xb3, 0x40, 0xa6, 0x9f, 0x9c, 0x98, 0x36, 0x5f, 0x5c, 0x51,
  0x87, 0x61, 0xab, 0x99, 0x4d, 0x92, 0x8b, 0x83, 0xb8, 0xfe, 0x38, 0x6a,
  0x4f, 0x4e, 0x6c, 0x4e, 0x00, 0x02, 0x00, 0x6f, 0xff, 0x7d, 0x06, 0xa7,
  0x05, 0xd4, 0x00, 0x37, 0x00, 0x45, 0x00, 0x8f, 0x4b, 0xb0, 0x22, 0x50,
  0x58, 0x40, 0x0c, 0x40, 0x08, 0x02, 0x03, 0x09, 0x2a, 0x29, 0x02, 0x05,
  0x00, 0x02, 0x3e, 0x1b, 0x40, 0x0c, 0x40, 0x08, 0x02, 0x08, 0x09, 0x2a,
  0x29, 0x02, 0x05, 0x00, 0x02, 0x3e, 0x59, 0x4b, 0xb0, 0x22, 0x50, 0x58,
  0x40, 0x26, 0x08, 0x01, 0x03, 0x01, 0x01, 0x00, 0x05, 0x03, 0x00, 0x57,
  0x00, 0x05, 0x00, 0x06, 0x05, 0x06, 0x53, 0x00, 0x04, 0x04, 0x07, 0x4f,
  0x00, 0x07, 0x07, 0x0b, 0x3f, 0x00, 0x09, 0x09, 0x02, 0x4f, 0x00, 0x02,
  0x02, 0x0e, 0x09, 0x40, 0x1b, 0x40, 0x2b, 0x00, 0x08, 0x03, 0x00, 0x08,
  0x4b, 0x00, 0x03, 0x01, 0x01, 0x00, 0x05, 0x03, 0x00, 0x57, 0x00, 0x05,
  0x00, 0x06, 0x05, 0x06, 0x53, 0x00, 0x04, 0x04, 0x07, 0x4f, 0x00, 0x07,
  0x07, 0x0b, 0x3f, 0x00, 0x09, 0x09, 0x02, 0x4f, 0x00, 0x02, 0x02, 0x0e,
  0x09, 0x40, 0x59, 0x40, 0x0d, 0x43, 0x41, 0x25, 0x26, 0x23, 0x25, 0x24,
  0x27, 0x24, 0x24, 0x24, 0x0a, 0x15, 0x2b, 0x01, 0x14, 0x0e, 0x02, 0x23,
  0x22, 0x26, 0x27, 0x06, 0x06, 0x23, 0x22, 0x26, 0x35, 0x34, 0x12, 0x33,
  0x32, 0x17, 0x0e, 0x03, 0x15, 0x14, 0x33, 0x32, 0x36, 0x35, 0x10, 0x00,
  0x21, 0x22, 0x04, 0x02, 0x15, 0x10, 0x00, 0x21, 0x32, 0x37, 0x17, 0x06,
  0x21, 0x20, 0x00, 0x11, 0x34, 0x12, 0x36, 0x24, 0x33, 0x32, 0x04, 0x12,
  0x01, 0x14, 0x16, 0x33, 0x32, 0x36, 0x37, 0x36, 0x37, 0x26, 0x23, 0x22,
  0x06, 0x06, 0x06, 0xa7, 0x47, 0x75, 0x94, 0x4d, 0x51, 0x6c, 0x0b, 0x2d,
  0x88, 0x57, 0x82, 0x9a, 0xdf, 0xc3, 0x8f, 0xa1, 0x07, 0x1d, 0x0f, 0x0e,
  0x6f, 0x65, 0xa5, 0xfe, 0xa1, 0xfe, 0xe9, 0xc9, 0xfe, 0xc1, 0xb1, 0x01,
  0x5d, 0x01, 0x24, 0xf9, 0xc5, 0x23, 0xbe, 0xfe, 0xdc, 0xfe, 0xa2, 0xfe,
  0x58, 0x7d, 0xdb, 0x01, 0x3a, 0xb6, 0xd6, 0x01, 0x54, 0xc6, 0xfc, 0x01,
  0x51, 0x50, 0x6a, 0x6e, 0x14, 0x09, 0x11, 0x39, 0x59, 0x5c, 0x7f, 0x3a,
  0x03, 0x10, 0x75, 0xca, 0x84, 0x4a, 0x5a, 0x51, 0x40, 0x62, 0xbb, 0xa1,
  0xcf, 0x01, 0x14, 0x37, 0x32, 0xbd, 0x6c, 0x84, 0x2a, 0x8e, 0xf1, 0xa9,
  0x01, 0x09, 0x01, 0x38, 0xba, 0xfe, 0xb8, 0xcd, 0xfe, 0xce, 0xfe, 0xa4,
  0x71, 0x6f, 0x80, 0x01, 0xa2, 0x01, 0x66, 0xb2, 0x01, 0x3a, 0xe1, 0x82,
  0xac, 0xfe, 0xbc, 0xfe, 0x7d, 0x63, 0x72, 0xaf, 0x9f, 0x47, 0x9d, 0x14,
  0x66, 0xa3, 0x00, 0x02, 0x00, 0x03, 0x00, 0x00, 0x05, 0x13, 0x05, 0xca,
  0x00, 0x04, 0x00, 0x0c, 0x00, 0x2d, 0x40, 0x2a, 0x05, 0x01, 0x00, 0x00,
  0x01, 0x02, 0x00, 0x01, 0x56, 0x00, 0x03, 0x03, 0x0b, 0x3f, 0x06, 0x04,
  0x02, 0x02, 0x02, 0x0c, 0x02, 0x40, 0x05, 0x05, 0x00, 0x00, 0x05, 0x0c,
  0x05, 0x0c, 0x0b, 0x0a, 0x09, 0x08, 0x07, 0x06, 0x00, 0x04, 0x00, 0x04,
  0x07, 0x0c, 0x2b, 0x01, 0x02, 0x27, 0x30, 0x03, 0x01, 0x03, 0x21, 0x03,
  0x23, 0x01, 0x33, 0x01, 0x03, 0x7c, 0xd3, 0x16, 0xf3, 0x02, 0xc1, 0xad,
  0xfd, 0xb2, 0xb3, 0xb0, 0x02, 0x38, 0xb1, 0x02, 0x27, 0x02, 0x66, 0x02,
  0x65, 0x4c, 0xfd, 0x4f, 0xfd, 0x9a, 0x01, 0xd5, 0xfe, 0x2b, 0x05, 0xca,
  0xfa, 0x36, 0x00, 0x03, 0x00, 0xae, 0x00, 0x00, 0x04, 0xbd, 0x05, 0xc7,
  0x00, 0x08, 0x00, 0x11, 0x00, 0x23, 0x00, 0x38, 0x40, 0x35, 0x1c, 0x01,
  0x01, 0x02, 0x01, 0x3e, 0x00, 0x02, 0x06, 0x01, 0x01, 0x00, 0x02, 0x01,
  0x57, 0x00, 0x03, 0x03, 0x04, 0x4f, 0x00, 0x04, 0x04, 0x0b, 0x3f, 0x00,
  0x00, 0x00, 0x05, 0x4f, 0x00, 0x05, 0x05, 0x0c, 0x05, 0x40, 0x00, 0x00,
  0x23, 0x21, 0x14, 0x12, 0x11, 0x0f, 0x0b, 0x09, 0x00, 0x08, 0x00, 0x07,
  0x21, 0x07, 0x0d, 0x2b, 0x01, 0x11, 0x21, 0x32, 0x36, 0x35, 0x34, 0x26,
  0x23, 0x25, 0x21, 0x32, 0x36, 0x35, 0x34, 0x26, 0x23, 0x23, 0x27, 0x21,
  0x20, 0x04, 0x15, 0x14, 0x0e, 0x03, 0x07, 0x16, 0x16, 0x15, 0x14, 0x04,
  0x21, 0x21, 0x01, 0x5b, 0x01, 0x35, 0xbc, 0xbc, 0xcb, 0xd7, 0xfe, 0xf5,
  0x01, 0x3d, 0x9b, 0x9e, 0xbd, 0xc7, 0xf2, 0xad, 0x01, 0xa8, 0x01, 0x1d,
  0x01, 0x13, 0x07, 0x1d, 0x32, 0x61, 0x41, 0x95, 0x9a, 0xfe, 0xf9, 0xfe,
  0xfc, 0xfd, 0xfc, 0x02, 0xc0, 0xfd, 0xce, 0x8b, 0x93, 0x99, 0x7b, 0x8b,
  0x6c, 0x8a, 0x8b, 0x69, 0x92, 0xae, 0xbe, 0x1c, 0x37, 0x56, 0x47, 0x47,
  0x15, 0x1c, 0xc4, 0x8a, 0xc9, 0xdc, 0x00, 0x01, 0x00, 0x70, 0xff, 0xea,
  0x04, 0xd9, 0x05, 0xe0, 0x00, 0x1c, 0x00, 0x36, 0x40, 0x33, 0x1a, 0x01,
  0x00, 0x03, 0x1b, 0x0b, 0x02, 0x01, 0x00, 0x0c, 0x01, 0x02, 0x01, 0x03,
  0x3e, 0x04, 0x01, 0x00, 0x00, 0x03, 0x4f, 0x00, 0x03, 0x03, 0x11, 0x3f,
  0x00, 0x01, 0x01, 0x02, 0x4f, 0x00, 0x02, 0x02, 0x12, 0x02, 0x40, 0x01,
  0x00, 0x19, 0x17, 0x0f, 0x0d, 0x0a, 0x08, 0x00, 0x1c, 0x01, 0x1c, 0x05,
  0x0c, 0x2b, 0x01, 0x22, 0x06, 0x02, 0x15, 0x14, 0x1e, 0x02, 0x33, 0x32,
  0x37, 0x17, 0x06, 0x23, 0x22, 0x24, 0x26, 0x02, 0x35, 0x34, 0x12, 0x36,
  0x24, 0x33, 0x32, 0x17, 0x07, 0x26, 0x03, 0x37, 0xa7, 0xf1, 0x76, 0x40,
  0x80, 0xcd, 0x85, 0xab, 0xb7, 0x1d, 0x95, 0xfe, 0xa7, 0xfe, 0xf7, 0xad,
  0x5a, 0x62, 0xb3, 0x01, 0x0c, 0xa4, 0xf9, 0xab, 0x44, 0xa4, 0x05, 0x48,
  0xa2, 0xfe, 0xee, 0xb2, 0x85, 0xdb, 0xa5, 0x5b, 0x59, 0x93, 0x5e, 0x6f,
  0xcb, 0x01, 0x19, 0xac, 0xa6, 0x01, 0x18, 0xc9, 0x70, 0x6e, 0x8d, 0x63,
  0x00, 0x02, 0x00, 0xae, 0x00, 0x00, 0x05, 0x6e, 0x05, 0xc7, 0x00, 0x08,
  0x00, 0x13, 0x00, 0x1e, 0x40, 0x1b, 0x00, 0x00, 0x00, 0x03, 0x4f, 0x00,
  0x03, 0x03, 0x0b, 0x3f, 0x00, 0x01, 0x01, 0x02, 0x4f, 0x00, 0x02, 0x02,
  0x0c, 0x02, 0x40, 0x21, 0x24, 0x21, 0x22, 0x04, 0x10, 0x2b, 0x01, 0x10,
  0x00, 0x21, 0x23, 0x11, 0x21, 0x20, 0x00, 0x13, 0x10, 0x00, 0x21, 0x21,
  0x11, 0x21, 0x32, 0x04, 0x16, 0x12, 0x04, 0xb5, 0xfe, 0xc0, 0xfe, 0xce,
  0xe8, 0x01, 0x05, 0x01, 0x24, 0x01, 0x31, 0xb9, 0xfe, 0x66, 0xfe, 0x91,
  0xfe, 0x49, 0x01, 0x9a, 0xb9, 0x01, 0x24, 0xd7, 0x72, 0x02, 0xe0, 0x01,
  0x36, 0x01, 0x1a, 0xfb, 0x67, 0x01, 0x27, 0x01, 0x27, 0xfe, 0x97, 0xfe,
  0x84, 0x05, 0xc7, 0x57, 0xb1, 0xfe, 0xe3, 0x00, 0x00, 0x01, 0x00, 0xae,
  0x00, 0x00, 0x04, 0x0d, 0x05, 0xc7, 0x00, 0x0b, 0x00, 0x2e, 0x40, 0x2b,
  0x00, 0x02, 0x00, 0x03, 0x04, 0x02, 0x03, 0x55, 0x00, 0x01, 0x01, 0x00,
  0x4d, 0x00, 0x00, 0x00, 0x0b, 0x3f, 0x00, 0x04, 0x04, 0x05, 0x4d, 0x06,
  0x01, 0x05, 0x05, 0x0c, 0x05, 0x40, 0x00, 0x00, 0x00, 0x0b, 0x00, 0x0b,
  0x11, 0x11, 0x11, 0x11, 0x11, 0x07, 0x11, 0x2b, 0x33, 0x11, 0x21, 0x07,
  0x21, 0x11, 0x21, 0x15, 0x21, 0x11, 0x21, 0x07, 0xae, 0x03, 0x50, 0x07,
  0xfd, 0x64, 0x02, 0x7b, 0xfd, 0x85, 0x02, 0xb2, 0x08, 0x05, 0xc7, 0x99,
  0xfe, 0x1c, 0x97, 0xfd, 0xe6, 0x99, 0x00, 0x01, 0x00, 0xae, 0x00, 0x00,
  0x03, 0xe3, 0x05, 0xc7, 0x00, 0x09, 0x00, 0x22, 0x40, 0x1f, 0x00, 0x03,
  0x00, 0x04, 0x00, 0x03, 0x04, 0x55, 0x00, 0x02, 0x02, 0x01, 0x4d, 0x00,
  0x01, 0x01, 0x0b, 0x3f, 0x00, 0x00, 0x00, 0x0c, 0x00, 0x40, 0x11, 0x11,
  0x11, 0x11, 0x10, 0x05, 0x11, 0x2b, 0x21, 0x23, 0x11, 0x21, 0x07, 0x21,
  0x11, 0x21, 0x15, 0x21, 0x01, 0x5b, 0xad, 0x03, 0x35, 0x07, 0xfd, 0x7f,
  0x02, 0x63, 0xfd, 0x9d, 0x05, 0xc7, 0x99, 0xfd, 0xf9, 0x93, 0x00, 0x01,
  0x00, 0x71, 0xff, 0xea, 0x05, 0x33, 0x05, 0xe0, 0x00, 0x1f, 0x00, 0x45,
  0x40, 0x42, 0x0b, 0x01, 0x02, 0x01, 0x0c, 0x01, 0x05, 0x02, 0x18, 0x01,
  0x03, 0x04, 0x1d, 0x01, 0x00, 0x03, 0x04, 0x3e, 0x00, 0x05, 0x00, 0x04,
  0x03, 0x05, 0x04, 0x55, 0x00, 0x02, 0x02, 0x01, 0x4f, 0x00, 0x01, 0x01,
  0x11, 0x3f, 0x00, 0x03, 0x03, 0x00, 0x4f, 0x06, 0x01, 0x00, 0x00, 0x12,
  0x00, 0x40, 0x01, 0x00, 0x1c, 0x1b, 0x1a, 0x19, 0x17, 0x15, 0x0f, 0x0d,
  0x0a, 0x08, 0x00, 0x1f, 0x01, 0x1f, 0x07, 0x0c, 0x2b, 0x05, 0x22, 0x24,
  0x26, 0x02, 0x35, 0x34, 0x12, 0x24, 0x33, 0x32, 0x17, 0x07, 0x26, 0x23,
  0x22, 0x0e, 0x02, 0x15, 0x10, 0x00, 0x21, 0x32, 0x37, 0x11, 0x21, 0x37,
  0x21, 0x11, 0x06, 0x06, 0x03, 0x33, 0xa9, 0xfe, 0xf3, 0xaf, 0x5d, 0xaa,
  0x01, 0x50, 0xe6, 0xff, 0xc1, 0x42, 0xba, 0xc2, 0x87, 0xd5, 0x87, 0x47,
  0x01, 0x19, 0x01, 0x12, 0x9c, 0xa1, 0xfe, 0xa3, 0x06, 0x01, 0xf9, 0x7e,
  0xeb, 0x16, 0x71, 0xcb, 0x01, 0x16, 0xa6, 0xe0, 0x01, 0x58, 0xc6, 0x74,
  0x8f, 0x6b, 0x5d, 0xa5, 0xdf, 0x85, 0xfe, 0xe6, 0xfe, 0xb9, 0x3f, 0x01,
  0xa6, 0x97, 0xfd, 0x5c, 0x3c, 0x33, 0x00, 0x01, 0x00, 0xae, 0x00, 0x00,
  0x05, 0x22, 0x05, 0xc7, 0x00, 0x0b, 0x00, 0x20, 0x40, 0x1d, 0x00, 0x04,
  0x00, 0x01, 0x00, 0x04, 0x01, 0x55, 0x05, 0x01, 0x03, 0x03, 0x0b, 0x3f,
  0x02, 0x01, 0x00, 0x00, 0x0c, 0x00, 0x40, 0x11, 0x11, 0x11, 0x11, 0x11,
  0x10, 0x06, 0x12, 0x2b, 0x21, 0x23, 0x11, 0x21, 0x11, 0x23, 0x11, 0x33,
  0x11, 0x21, 0x11, 0x33, 0x05, 0x22, 0xad, 0xfc, 0xe6, 0xad, 0xad, 0x03,
  0x1a, 0xad, 0x02, 0xb4, 0xfd, 0x4c, 0x05, 0xc7, 0xfd, 0x85, 0x02, 0x7b,
  0x00, 0x01, 0x00, 0xb6, 0x00, 0x00, 0x01, 0x63, 0x05, 0xc7, 0x00, 0x03,
  0x00, 0x12, 0x40, 0x0f, 0x00, 0x01, 0x01, 0x0b, 0x3f, 0x00, 0x00, 0x00,
  0x0c, 0x00, 0x40, 0x11, 0x10, 0x02, 0x0e, 0x2b, 0x21, 0x23, 0x11, 0x33,
  0x01, 0x63, 0xad, 0xad, 0x05, 0xc7, 0x00, 0x01, 0xff, 0xd8, 0xff, 0x2a,
  0x01, 0x93, 0x05, 0xd8, 0x00, 0x13, 0x00, 0x15, 0x40, 0x12, 0x00, 0x02,
  0x00, 0x01, 0x02, 0x01, 0x53, 0x00, 0x00, 0x00, 0x0b, 0x00, 0x40, 0x21,
  0x28, 0x11, 0x03, 0x0f, 0x2b, 0x37, 0x11, 0x33, 0x11, 0x14, 0x0e, 0x05,
  0x23, 0x23, 0x27, 0x33, 0x32, 0x3e, 0x03, 0xe2, 0xb1, 0x06, 0x12, 0x23,
  0x38, 0x53, 0x72, 0x4b, 0x23, 0x15, 0x4a, 0x35, 0x49, 0x28, 0x15, 0x05,
  0xb5, 0x05, 0x23, 0xfb, 0x19, 0x49, 0x64, 0x67, 0x42, 0x3d, 0x21, 0x13,
  0x8e, 0x1a, 0x27, 0x48, 0x3f, 0x00, 0x00, 0x01, 0x00, 0xad, 0x00, 0x00,
  0x04, 0xec, 0x05, 0xc7, 0x00, 0x0b, 0x00, 0x1f, 0x40, 0x1c, 0x0b, 0x08,
  0x03, 0x02, 0x04, 0x00, 0x02, 0x01, 0x3e, 0x03, 0x01, 0x02, 0x02, 0x0b,
  0x3f, 0x01, 0x01, 0x00, 0x00, 0x0c, 0x00, 0x40, 0x12, 0x11, 0x13, 0x10,
  0x04, 0x10, 0x2b, 0x21, 0x23, 0x01, 0x07, 0x11, 0x23, 0x11, 0x33, 0x11,
  0x01, 0x33, 0x01, 0x04, 0xec, 0xd4, 0xfd, 0xca, 0x87, 0xae, 0xae, 0x02,
  0x8a, 0xd9, 0xfd, 0xa8, 0x02, 0xc2, 0x77, 0xfd, 0xb5, 0x05, 0xc7, 0xfd,
  0x2a, 0x02, 0xd6, 0xfd, 0x66, 0x00, 0x00, 0x01, 0x00, 0xae, 0x00, 0x00,
  0x03, 0xe7, 0x05, 0xc7, 0x00, 0x05, 0x00, 0x1e, 0x40, 0x1b, 0x00, 0x00,
  0x00, 0x0b, 0x3f, 0x00, 0x01, 0x01, 0x02, 0x4e, 0x03, 0x01, 0x02, 0x02,
  0x0c, 0x02, 0x40, 0x00, 0x00, 0x00, 0x05, 0x00, 0x05, 0x11, 0x11, 0x04,
  0x0e, 0x2b, 0x33, 0x11, 0x33, 0x11, 0x21, 0x07, 0xae, 0xae, 0x02, 0x8b,
  0x06, 0x05, 0xc7, 0xfa, 0xd3, 0x9a, 0x00, 0x01, 0x00, 0xaf, 0x00, 0x00,
  0x06, 0x6a, 0x05, 0xc7, 0x00, 0x10, 0x00, 0x2d, 0x40, 0x2a, 0x0e, 0x08,
  0x02, 0x03, 0x04, 0x01, 0x01, 0x3e, 0x05, 0x01, 0x04, 0x01, 0x00, 0x01,
  0x04, 0x00, 0x64, 0x02, 0x01, 0x01, 0x01, 0x0b, 0x3f, 0x03, 0x01, 0x00,
  0x00, 0x0c, 0x00, 0x40, 0x00, 0x00, 0x00, 0x10, 0x00, 0x10, 0x11, 0x12,
  0x11, 0x14, 0x06, 0x10, 0x2b, 0x25, 0x01, 0x27, 0x13, 0x11, 0x23, 0x11,
  0x33, 0x01, 0x01, 0x33, 0x11, 0x23, 0x11, 0x13, 0x07, 0x01, 0x03, 0x36,
  0xfe, 0x3a, 0x26, 0x07, 0xa2, 0xe0, 0x02, 0x03, 0x01, 0xfe, 0xda, 0xa8,
  0x07, 0x25, 0xfe, 0x3b, 0x5b, 0x04, 0x20, 0x65, 0xfe, 0x96, 0xfc, 0x8a,
  0x05, 0xc7, 0xfb, 0x66, 0x04, 0x9a, 0xfa, 0x39, 0x03, 0x7a, 0x01, 0x62,
  0x65, 0xfb, 0xe4, 0x00, 0x00, 0x01, 0x00, 0xae, 0x00, 0x00, 0x05, 0x3e,
  0x05, 0xc7, 0x00, 0x0f, 0x00, 0x1d, 0x40, 0x1a, 0x0b, 0x03, 0x02, 0x00,
  0x02, 0x01, 0x3e, 0x03, 0x01, 0x02, 0x02, 0x0b, 0x3f, 0x01, 0x01, 0x00,
  0x00, 0x0c, 0x00, 0x40, 0x15, 0x11, 0x15, 0x10, 0x04, 0x10, 0x2b, 0x21,
  0x23, 0x01, 0x27, 0x16, 0x15, 0x11, 0x23, 0x11, 0x33, 0x01, 0x17, 0x02,
  0x35, 0x11, 0x33, 0x05, 0x3e, 0xc4, 0xfd, 0x00, 0x32, 0x08, 0xa2, 0xc1,
  0x03, 0x02, 0x33, 0x07, 0xa1, 0x04, 0x8c, 0x45, 0xd2, 0xa5, 0xfc, 0xa6,
  0x05, 0xc7, 0xfb, 0x74, 0x45, 0x01, 0x3f, 0x32, 0x03, 0x60, 0x00, 0x02,
  0x00, 0x70, 0xff, 0xea, 0x05, 0xea, 0x05, 0xe1, 0x00, 0x09, 0x00, 0x18,
  0x00, 0x1e, 0x40, 0x1b, 0x00, 0x01, 0x01, 0x03, 0x4f, 0x00, 0x03, 0x03,
  0x11, 0x3f, 0x00, 0x00, 0x00, 0x02, 0x4f, 0x00, 0x02, 0x02, 0x12, 0x02,
  0x40, 0x25, 0x26, 0x14, 0x12, 0x04, 0x10, 0x2b, 0x01, 0x10, 0x00, 0x20,
  0x00, 0x11, 0x10, 0x00, 0x20, 0x00, 0x01, 0x14, 0x02, 0x06, 0x04, 0x23,
  0x22, 0x24, 0x02, 0x35, 0x10, 0x00, 0x21, 0x20, 0x00, 0x01, 0x28, 0x01,
  0x06, 0x02, 0x00, 0x01, 0x03, 0xfe, 0xfb, 0xfe, 0x06, 0xfe, 0xf6, 0x04,
  0xc2, 0x5d, 0xaf, 0xfe, 0xf6, 0xa6, 0xe0, 0xfe, 0xc1, 0x9f, 0x01, 0x72,
  0x01, 0x4d, 0x01, 0x48, 0x01, 0x73, 0x02, 0xe3, 0xfe, 0xe3, 0xfe, 0xbb,
  0x01, 0x44, 0x01, 0x1e, 0x01, 0x24, 0x01, 0x42, 0xfe, 0xbe, 0xfe, 0xdc,
  0xa9, 0xfe, 0xe8, 0xc9, 0x6f, 0xbf, 0x01, 0x55, 0xe6, 0x01, 0x63, 0x01,
  0x9a, 0xfe, 0x63, 0x00, 0x00, 0x02, 0x00, 0x92, 0x00, 0x00, 0x04, 0x6a,
  0x05, 0xd8, 0x00, 0x10, 0x00, 0x1d, 0x00, 0x2f, 0x40, 0x2c, 0x10, 0x01,
  0x02, 0x03, 0x01, 0x3e, 0x05, 0x01, 0x03, 0x00, 0x02, 0x00, 0x03, 0x02,
  0x57, 0x00, 0x04, 0x04, 0x01, 0x4f, 0x00, 0x01, 0x01, 0x11, 0x3f, 0x00,
  0x00, 0x00, 0x0c, 0x00, 0x40, 0x12, 0x11, 0x1b, 0x19, 0x11, 0x1d, 0x12,
  0x1c, 0x29, 0x21, 0x10, 0x06, 0x0f, 0x2b, 0x21, 0x23, 0x11, 0x21, 0x32,
  0x1e, 0x02, 0x15, 0x14, 0x0e, 0x03, 0x23, 0x22, 0x27, 0x25, 0x32, 0x3e,
  0x03, 0x35, 0x34, 0x26, 0x23, 0x21, 0x11, 0x16, 0x01, 0x43, 0xb1, 0x01,
  0xe2, 0x6e, 0xb2, 0x8a, 0x4c, 0x20, 0x4e, 0x7e, 0xc5, 0x82, 0x67, 0x8d,
  0x01, 0x05, 0x62, 0x8c, 0x4b, 0x2b, 0x0a, 0xab, 0x93, 0xfe, 0xcb, 0xc1,
  0x05, 0xd8, 0x2e, 0x5e, 0x9e, 0x69, 0x57, 0x89, 0x78, 0x4f, 0x2d, 0x0d,
  0x8c, 0x26, 0x38, 0x5a, 0x4b, 0x35, 0x7f, 0x78, 0xfd, 0xd3, 0x02, 0x00,
  0x00, 0x02, 0x00, 0x70, 0xfe, 0x2a, 0x05, 0xea, 0x05, 0xe1, 0x00, 0x16,
  0x00, 0x20, 0x00, 0x2a, 0x40, 0x27, 0x12, 0x03, 0x02, 0x00, 0x02, 0x01,
  0x3e, 0x16, 0x00, 0x02, 0x00, 0x3b, 0x00, 0x03, 0x03, 0x01, 0x4f, 0x00,
  0x01, 0x01, 0x11, 0x3f, 0x00, 0x02, 0x02, 0x00, 0x4f, 0x00, 0x00, 0x00,
  0x12, 0x00, 0x40, 0x14, 0x1a, 0x25, 0x24, 0x04, 0x10, 0x2b, 0x01, 0x26,
  0x02, 0x27, 0x06, 0x23, 0x22, 0x24, 0x02, 0x35, 0x10, 0x00, 0x21, 0x20,
  0x00, 0x11, 0x10, 0x02, 0x07, 0x1e, 0x02, 0x17, 0x00, 0x20, 0x00, 0x11,
  0x10, 0x00, 0x20, 0x00, 0x11, 0x10, 0x04, 0xf3, 0x30, 0xde, 0x37, 0x3e,
  0x42, 0xe0, 0xfe, 0xc1, 0x9f, 0x01, 0x72, 0x01, 0x4d, 0x01, 0x48, 0x01,
  0x73, 0xd2, 0xc4, 0x10, 0x38, 0x93, 0x3a, 0xfc, 0xc5, 0x02, 0x00, 0x01,
  0x03, 0xfe, 0xfb, 0xfe, 0x06, 0xfe, 0xf6, 0xfe, 0x2a, 0x30, 0x01, 0x27,
  0x72, 0x09, 0xbf, 0x01, 0x55, 0xe6, 0x01, 0x63, 0x01, 0x9a, 0xfe, 0x63,
  0xfe, 0x9f, 0xfe, 0xff, 0xfe, 0x8d, 0x50, 0x1c, 0x5b, 0xcd, 0x39, 0x01,
  0xdf, 0x01, 0x44, 0x01, 0x1e, 0x01, 0x24, 0x01, 0x42, 0xfe, 0xbe, 0xfe,
  0xdc, 0xfe, 0xe3, 0x00, 0x00, 0x02, 0x00, 0x93, 0x00, 0x00, 0x04, 0xf8,
  0x05, 0xd8, 0x00, 0x0a, 0x00, 0x25, 0x00, 0x34, 0x40, 0x31, 0x21, 0x01,
  0x03, 0x00, 0x01, 0x3e, 0x00, 0x00, 0x00, 0x03, 0x02, 0x00, 0x03, 0x55,
  0x06, 0x01, 0x01, 0x01, 0x05, 0x4f, 0x00, 0x05, 0x05, 0x0b, 0x3f, 0x04,
  0x01, 0x02, 0x02, 0x0c, 0x02, 0x40, 0x00, 0x00, 0x18, 0x15, 0x14, 0x13,
  0x12, 0x0f, 0x0c, 0x0b, 0x00, 0x0a, 0x00, 0x09, 0x41, 0x07, 0x0d, 0x2b,
  0x01, 0x11, 0x32, 0x04, 0x33, 0x32, 0x36, 0x35, 0x34, 0x26, 0x23, 0x01,
  0x23, 0x03, 0x26, 0x27, 0x06, 0x23, 0x25, 0x11, 0x23, 0x11, 0x21, 0x32,
  0x1e, 0x05, 0x15, 0x14, 0x06, 0x07, 0x14, 0x16, 0x16, 0x17, 0x01, 0x44,
  0x29, 0x01, 0x01, 0x46, 0xbf, 0x96, 0x90, 0xa9, 0x02, 0x28, 0xc8, 0xcc,
  0x53, 0x17, 0x49, 0x64, 0xfe, 0xf7, 0xb1, 0x01, 0xd9, 0x52, 0x7e, 0x7d,
  0x5c, 0x50, 0x31, 0x1c, 0x93, 0x87, 0x28, 0x37, 0x0f, 0x05, 0x3d, 0xfe,
  0x0c, 0x04, 0x7f, 0x8a, 0x79, 0x76, 0xfa, 0xc3, 0x01, 0xd0, 0xbb, 0x26,
  0x05, 0x08, 0xfd, 0x4c, 0x05, 0xd8, 0x08, 0x15, 0x25, 0x3b, 0x52, 0x71,
  0x47, 0x8c, 0xca, 0x27, 0x02, 0x44, 0x63, 0x21, 0x00, 0x01, 0x00, 0x5e,
  0xff, 0xe9, 0x04, 0x79, 0x05, 0xf5, 0x00, 0x23, 0x00, 0x4e, 0x40, 0x0f,
  0x10, 0x01, 0x02, 0x01, 0x11, 0x00, 0x02, 0x00, 0x02, 0x23, 0x01, 0x03,
  0x00, 0x03, 0x3e, 0x4b, 0xb0, 0x10, 0x50, 0x58, 0x40, 0x15, 0x00, 0x02,
  0x02, 0x01, 0x4f, 0x00, 0x01, 0x01, 0x0d, 0x3f, 0x00, 0x00, 0x00, 0x03,
  0x4f, 0x00, 0x03, 0x03, 0x12, 0x03, 0x40, 0x1b, 0x40, 0x15, 0x00, 0x02,
  0x02, 0x01, 0x4f, 0x00, 0x01, 0x01, 0x0d, 0x3f, 0x00, 0x00, 0x00, 0x03,
  0x4f, 0x00, 0x03, 0x03, 0x15, 0x03, 0x40, 0x59, 0xb5, 0x2a, 0x25, 0x29,
  0x21, 0x04, 0x10, 0x2b, 0x37, 0x16, 0x21, 0x20, 0x11, 0x34, 0x26, 0x27,
  0x25, 0x24, 0x11, 0x34, 0x24, 0x21, 0x32, 0x16, 0x17, 0x07, 0x26, 0x26,
  0x23, 0x20, 0x15, 0x14, 0x16, 0x17, 0x05, 0x16, 0x16, 0x15, 0x14, 0x04,
  0x23, 0x22, 0x24, 0x27, 0x92, 0xe7, 0x01, 0x08, 0x01, 0x45, 0x67, 0x88,
  0xfe, 0xda, 0xfe, 0xaf, 0x01, 0x22, 0x01, 0x00, 0x86, 0xea, 0x4f, 0x32,
  0x43, 0xdd, 0x71, 0xfe, 0x96, 0x6f, 0x6f, 0x01, 0x19, 0xb4, 0xba, 0xfe,
  0xeb, 0xee, 0xb2, 0xfe, 0xeb, 0x51, 0xf4, 0x72, 0x01, 0x28, 0x60, 0x77,
  0x22, 0x4a, 0x55, 0x01, 0x13, 0xd3, 0xcd, 0x3a, 0x31, 0x8d, 0x25, 0x3a,
  0xfb, 0x55, 0x67, 0x1b, 0x44, 0x2b, 0xbd, 0xae, 0xe2, 0xe5, 0x49, 0x32,
  0x00, 0x01, 0x00, 0x07, 0x00, 0x00, 0x04, 0x43, 0x05, 0xc7, 0x00, 0x07,
  0x00, 0x1a, 0x40, 0x17, 0x03, 0x01, 0x01, 0x01, 0x02, 0x4d, 0x00, 0x02,
  0x02, 0x0b, 0x3f, 0x00, 0x00, 0x00, 0x0c, 0x00, 0x40, 0x11, 0x11, 0x11,
  0x10, 0x04, 0x10, 0x2b, 0x21, 0x23, 0x11, 0x21, 0x35, 0x21, 0x15, 0x21,
  0x02, 0x7c, 0xae, 0xfe, 0x39, 0x04, 0x3c, 0xfe, 0x39, 0x05, 0x2e, 0x99,
  0x99, 0x00, 0x00, 0x01, 0x00, 0x9c, 0xff, 0xea, 0x04, 0xfd, 0x05, 0xc7,
  0x00, 0x10, 0x00, 0x20, 0x40, 0x1d, 0x04, 0x03, 0x02, 0x01, 0x01, 0x0b,
  0x3f, 0x00, 0x02, 0x02, 0x00, 0x4f, 0x00, 0x00, 0x00, 0x12, 0x00, 0x40,
  0x00, 0x00, 0x00, 0x10, 0x00, 0x10, 0x23, 0x13, 0x13, 0x05, 0x0f, 0x2b,
  0x01, 0x11, 0x14, 0x00, 0x20, 0x00, 0x11, 0x11, 0x33, 0x11, 0x14, 0x16,
  0x33, 0x32, 0x36, 0x35, 0x11, 0x04, 0xfd, 0xfe, 0xe9, 0xfd, 0xc6, 0xfe,
  0xf0, 0xae, 0xbe, 0xc7, 0xc2, 0xbf, 0x05, 0xc7, 0xfc, 0x40, 0xff, 0xfe,
  0xe2, 0x01, 0x1e, 0x01, 0x01, 0x03, 0xbe, 0xfc, 0x3f, 0xc9, 0xbe, 0xc0,
  0xc8, 0x03, 0xc0, 0x00, 0x00, 0x01, 0xff, 0xfb, 0x00, 0x00, 0x04, 0xdf,
  0x05, 0xc7, 0x00, 0x0b, 0x00, 0x1a, 0x40, 0x17, 0x08, 0x01, 0x01, 0x00,
  0x01, 0x3e, 0x02, 0x01, 0x00, 0x00, 0x0b, 0x3f, 0x00, 0x01, 0x01, 0x0c,
  0x01, 0x40, 0x11, 0x11, 0x10, 0x03, 0x0f, 0x2b, 0x01, 0x33, 0x01, 0x23,
  0x01, 0x33, 0x01, 0x16, 0x17, 0x36, 0x13, 0x12, 0x04, 0x26, 0xb9, 0xfd,
  0xe7, 0xb4, 0xfd, 0xe9, 0xb9, 0x01, 0x49, 0x40, 0x2f, 0x0f, 0x61, 0x9c,
  0x05, 0xc7, 0xfa, 0x39, 0x05, 0xc7, 0xfc, 0x56, 0xb7, 0xa2, 0x4b, 0x01,
  0x11, 0x01, 0xbf, 0x00, 0x00, 0x01, 0x00, 0x00, 0x00, 0x00, 0x07, 0xdd,
  0x05, 0xc7, 0x00, 0x0c, 0x00, 0xc8, 0x4b, 0xb0, 0x0a, 0x50, 0x58, 0xb7,
  0x0b, 0x06, 0x03, 0x03, 0x03, 0x00, 0x01, 0x3e, 0x1b, 0x4b, 0xb0, 0x0c,
  0x50, 0x58, 0xb7, 0x0b, 0x06, 0x03, 0x03, 0x03, 0x01, 0x01, 0x3e, 0x1b,
  0x4b, 0xb0, 0x0e, 0x50, 0x58, 0xb7, 0x0b, 0x06, 0x03, 0x03, 0x03, 0x00,
  0x01, 0x3e, 0x1b, 0xb7, 0x0b, 0x06, 0x03, 0x03, 0x03, 0x01, 0x01, 0x3e,
  0x59, 0x59, 0x59, 0x4b, 0xb0, 0x0a, 0x50, 0x58, 0x40, 0x0f, 0x02, 0x01,
  0x02, 0x00, 0x00, 0x0b, 0x3f, 0x05, 0x04, 0x02, 0x03, 0x03, 0x0c, 0x03,
  0x40, 0x1b, 0x4b, 0xb0, 0x0c, 0x50, 0x58, 0x40, 0x13, 0x02, 0x01, 0x00,
  0x00, 0x0b, 0x3f, 0x00, 0x01, 0x01, 0x0b, 0x3f, 0x05, 0x04, 0x02, 0x03,
  0x03, 0x0c, 0x03, 0x40, 0x1b, 0x4b, 0xb0, 0x0e, 0x50, 0x58, 0x40, 0x0f,
  0x02, 0x01, 0x02, 0x00, 0x00, 0x0b, 0x3f, 0x05, 0x04, 0x02, 0x03, 0x03,
  0x0c, 0x03, 0x40, 0x1b, 0x4b, 0xb0, 0x26, 0x50, 0x58, 0x40, 0x13, 0x02,
  0x01, 0x00, 0x00, 0x0b, 0x3f, 0x00, 0x01, 0x01, 0x0b, 0x3f, 0x05, 0x04,
  0x02, 0x03, 0x03, 0x0c, 0x03, 0x40, 0x1b, 0x40, 0x16, 0x00, 0x01, 0x00,
  0x03, 0x00, 0x01, 0x03, 0x64, 0x02, 0x01, 0x00, 0x00, 0x0b, 0x3f, 0x05,
  0x04, 0x02, 0x03, 0x03, 0x0c, 0x03, 0x40, 0x59, 0x59, 0x59, 0x59, 0x40,
  0x0c, 0x00, 0x00, 0x00, 0x0c, 0x00, 0x0c, 0x11, 0x12, 0x12, 0x11, 0x06,
  0x10, 0x2b, 0x21, 0x01, 0x33, 0x01, 0x01, 0x33, 0x01, 0x01, 0x33, 0x01,
  0x23, 0x01, 0x01, 0x01, 0xbe, 0xfe, 0x42, 0xb5, 0x01, 0x6e, 0x01, 0x6e,
  0xc3, 0x01, 0x63, 0x01, 0x71, 0xb5, 0xfe, 0x3c, 0xbd, 0xfe, 0x98, 0xfe,
  0x86, 0x05, 0xc7, 0xfb, 0x07, 0x04, 0xde, 0xfb, 0x21, 0x04, 0xfa, 0xfa,
  0x39, 0x04, 0xdb, 0xfb, 0x25, 0x00, 0x00, 0x01, 0x00, 0x09, 0x00, 0x00,
  0x04, 0xcf, 0x05, 0xc7, 0x00, 0x0b, 0x00, 0x1f, 0x40, 0x1c, 0x0b, 0x08,
  0x05, 0x02, 0x04, 0x00, 0x02, 0x01, 0x3e, 0x03, 0x01, 0x02, 0x02, 0x0b,
  0x3f, 0x01, 0x01, 0x00, 0x00, 0x0c, 0x00, 0x40, 0x12, 0x12, 0x12, 0x10,
  0x04, 0x10, 0x2b, 0x21, 0x23, 0x01, 0x01, 0x23, 0x01, 0x01, 0x33, 0x01,
  0x01, 0x33, 0x01, 0x04, 0xcf, 0xc7, 0xfe, 0x64, 0xfe, 0x59, 0xbc, 0x01,
  0xfa, 0xfe, 0x27, 0xc9, 0x01, 0x7f, 0x01, 0x8e, 0xb9, 0xfe, 0x24, 0x02,
  0x95, 0xfd, 0x6b, 0x03, 0x04, 0x02, 0xc3, 0xfd, 0xb0, 0x02, 0x50, 0xfd,
  0x40, 0x00, 0x00, 0x01, 0xff, 0xff, 0x00, 0x00, 0x04, 0xab, 0x05, 0xc7,
  0x00, 0x08, 0x00, 0x1c, 0x40, 0x19, 0x06, 0x03, 0x00, 0x03, 0x01, 0x00,
  0x01, 0x3e, 0x02, 0x01, 0x00, 0x00, 0x0b, 0x3f, 0x00, 0x01, 0x01, 0x0c,
  0x01, 0x40, 0x12, 0x12, 0x11, 0x03, 0x0f, 0x2b, 0x01, 0x01, 0x33, 0x01,
  0x11, 0x23, 0x11, 0x01, 0x33, 0x02, 0x4f, 0x01, 0xa0, 0xbc, 0xfd, 0xf6,
  0xaf, 0xfe, 0x0d, 0xbb, 0x02, 0xf2, 0x02, 0xd5, 0xfc, 0x87, 0xfd, 0xb2,
  0x02, 0x4a, 0x03, 0x7d, 0x00, 0x01, 0x00, 0x56, 0x00, 0x00, 0x04, 0x5e,
  0x05, 0xc7, 0x00, 0x09, 0x00, 0x2e, 0x40, 0x2b, 0x06, 0x01, 0x00, 0x01,
  0x01, 0x01, 0x03, 0x02, 0x02, 0x3e, 0x00, 0x00, 0x00, 0x01, 0x4d, 0x00,
  0x01, 0x01, 0x0b, 0x3f, 0x00, 0x02, 0x02, 0x03, 0x4d, 0x04, 0x01, 0x03,
  0x03, 0x0c, 0x03, 0x40, 0x00, 0x00, 0x00, 0x09, 0x00, 0x09, 0x12, 0x11,
  0x12, 0x05, 0x0f, 0x2b, 0x33, 0x35, 0x01, 0x21, 0x35, 0x21, 0x15, 0x01,
  0x21, 0x07, 0x56, 0x03, 0x24, 0xfc, 0xf9, 0x03, 0xe4, 0xfc, 0xd7, 0x03,
  0x30, 0x06, 0x88, 0x04, 0xa5, 0x9a, 0x81, 0xfb, 0x54, 0x9a, 0x00, 0x01,
  0x00, 0x8f, 0xfe, 0xdb, 0x02, 0x54, 0x05, 0xcb, 0x00, 0x07, 0x00, 0x1b,
  0x40, 0x18, 0x00, 0x03, 0x00, 0x00, 0x03, 0x00, 0x51, 0x00, 0x02, 0x02,
  0x01, 0x4d, 0x00, 0x01, 0x01, 0x0b, 0x02, 0x40, 0x11, 0x11, 0x11, 0x10,
  0x04, 0x10, 0x2b, 0x01, 0x21, 0x11, 0x21, 0x15, 0x21, 0x11, 0x21, 0x02,
  0x54, 0xfe, 0x3b, 0x01, 0xc5, 0xfe, 0xe8, 0x01, 0x18, 0xfe, 0xdb, 0x06,
  0xf0, 0x84, 0xfa, 0x18, 0x00, 0x01, 0x00, 0x34, 0xff, 0xc4, 0x03, 0x27,
  0x05, 0xb8, 0x00, 0x03, 0x00, 0x18, 0x40, 0x15, 0x00, 0x00, 0x01, 0x00,
  0x67, 0x02, 0x01, 0x01, 0x01, 0x0b, 0x01, 0x40, 0x00, 0x00, 0x00, 0x03,
  0x00, 0x03, 0x11, 0x03, 0x0d, 0x2b, 0x13, 0x01, 0x23, 0x01, 0xd0, 0x02,
  0x57, 0x9c, 0xfd, 0xa9, 0x05, 0xb8, 0xfa, 0x0c, 0x05, 0xf4, 0x00, 0x01,
  0x00, 0x50, 0xfe, 0xdb, 0x02, 0x15, 0x05, 0xcb, 0x00, 0x07, 0x00, 0x1b,
  0x40, 0x18, 0x00, 0x00, 0x00, 0x03, 0x00, 0x03, 0x51, 0x00, 0x01, 0x01,
  0x02, 0x4d, 0x00, 0x02, 0x02, 0x0b, 0x01, 0x40, 0x11, 0x11, 0x11, 0x10,
  0x04, 0x10, 0x2b, 0x17, 0x21, 0x11, 0x21, 0x35, 0x21, 0x11, 0x21, 0x50,
  0x01, 0x18, 0xfe, 0xe8, 0x01, 0xc5, 0xfe, 0x3b, 0xa1, 0x05, 0xe8, 0x84,
  0xf9, 0x10, 0x00, 0x01, 0x00, 0x45, 0x02, 0x4d, 0x04, 0x3e, 0x05, 0xec,
  0x00, 0x06, 0x00, 0x20, 0x40, 0x1d, 0x05, 0x01, 0x01, 0x00, 0x01, 0x3e,
  0x03, 0x02, 0x02, 0x01, 0x00, 0x01, 0x67, 0x00, 0x00, 0x00, 0x0d, 0x00,
  0x40, 0x00, 0x00, 0x00, 0x06, 0x00, 0x06, 0x11, 0x11, 0x04, 0x0e, 0x2b,
  0x13, 0x01, 0x33, 0x01, 0x23, 0x01, 0x01, 0x45, 0x01, 0xbd, 0x66, 0x01,
  0xd6, 0x8f, 0xfe, 0x86, 0xfe, 0xa1, 0x02, 0x4d, 0x03, 0x9f, 0xfc, 0x61,
  0x02, 0xea, 0xfd, 0x16, 0x00, 0x01, 0x00, 0x49, 0xfe, 0xd0, 0x03, 0xf4,
  0xff, 0x56, 0x00, 0x03, 0x00, 0x17, 0x40, 0x14, 0x00, 0x01, 0x00, 0x00,
  0x01, 0x49, 0x00, 0x01, 0x01, 0x00, 0x4d, 0x00, 0x00, 0x01, 0x00, 0x41,
  0x11, 0x10, 0x02, 0x0e, 0x2b, 0x01, 0x21, 0x35, 0x21, 0x03, 0xf4, 0xfc,
  0x55, 0x03, 0xab, 0xfe, 0xd0, 0x86, 0x00, 0x01, 0x00, 0x55, 0x04, 0xe3,
  0x02, 0x08, 0x06, 0x66, 0x00, 0x03, 0x00, 0x16, 0x40, 0x13, 0x00, 0x00,
  0x01, 0x00, 0x66, 0x02, 0x01, 0x01, 0x01, 0x5d, 0x00, 0x00, 0x00, 0x03,
  0x00, 0x03, 0x11, 0x03, 0x0d, 0x2b, 0x01, 0x01, 0x33, 0x13, 0x01, 0x98,
  0xfe, 0xbd, 0xfa, 0xb9, 0x04, 0xe3, 0x01, 0x83, 0xfe, 0x7d, 0x00, 0x02,
  0x00, 0x5e, 0xff, 0xe9, 0x03, 0xb9, 0x04, 0x60, 0x00, 0x0c, 0x00, 0x2b,
  0x00, 0xed, 0x4b, 0xb0, 0x2d, 0x50, 0x58, 0x40, 0x0c, 0x21, 0x1b, 0x02,
  0x01, 0x04, 0x0f, 0x03, 0x02, 0x00, 0x01, 0x02, 0x3e, 0x1b, 0x40, 0x0c,
  0x21, 0x1b, 0x02, 0x01, 0x04, 0x0f, 0x03, 0x02, 0x00, 0x02, 0x02, 0x3e,
  0x59, 0x4b, 0xb0, 0x10, 0x50, 0x58, 0x40, 0x21, 0x02, 0x01, 0x01, 0x04,
  0x00, 0x04, 0x01, 0x00, 0x64, 0x00, 0x04, 0x04, 0x05, 0x4f, 0x00, 0x05,
  0x05, 0x14, 0x3f, 0x07, 0x01, 0x00, 0x00, 0x03, 0x4f, 0x08, 0x06, 0x02,
  0x03, 0x03, 0x12, 0x03, 0x40, 0x1b, 0x4b, 0xb0, 0x15, 0x50, 0x58, 0x40,
  0x21, 0x02, 0x01, 0x01, 0x04, 0x00, 0x04, 0x01, 0x00, 0x64, 0x00, 0x04,
  0x04, 0x05, 0x4f, 0x00, 0x05, 0x05, 0x14, 0x3f, 0x07, 0x01, 0x00, 0x00,
  0x03, 0x4f, 0x08, 0x06, 0x02, 0x03, 0x03, 0x15, 0x03, 0x40, 0x1b, 0x4b,
  0xb0, 0x2d, 0x50, 0x58, 0x40, 0x25, 0x02, 0x01, 0x01, 0x04, 0x00, 0x04,
  0x01, 0x00, 0x64, 0x00, 0x04, 0x04, 0x05, 0x4f, 0x00, 0x05, 0x05, 0x14,
  0x3f, 0x08, 0x01, 0x06, 0x06, 0x0c, 0x3f, 0x07, 0x01, 0x00, 0x00, 0x03,
  0x4f, 0x00, 0x03, 0x03, 0x15, 0x03, 0x40, 0x1b, 0x40, 0x2b, 0x00, 0x01,
  0x04, 0x02, 0x04, 0x01, 0x02, 0x64, 0x00, 0x02, 0x00, 0x04, 0x02, 0x00,
  0x62, 0x00, 0x04, 0x04, 0x05, 0x4f, 0x00, 0x05, 0x05, 0x14, 0x3f, 0x08,
  0x01, 0x06, 0x06, 0x0c, 0x3f, 0x07, 0x01, 0x00, 0x00, 0x03, 0x4f, 0x00,
  0x03, 0x03, 0x15, 0x03, 0x40, 0x59, 0x59, 0x59, 0x40, 0x18, 0x0d, 0x0d,
  0x01, 0x00, 0x0d, 0x2b, 0x0d, 0x2b, 0x28, 0x26, 0x20, 0x1e, 0x13, 0x11,
  0x07, 0x06, 0x05, 0x04, 0x00, 0x0c, 0x01, 0x0c, 0x09, 0x0c, 0x2b, 0x25,
  0x32, 0x36, 0x37, 0x35, 0x22, 0x06, 0x07, 0x06, 0x06, 0x15, 0x14, 0x16,
  0x05, 0x26, 0x27, 0x06, 0x06, 0x23, 0x22, 0x26, 0x35, 0x34, 0x36, 0x37,
  0x36, 0x36, 0x37, 0x35, 0x34, 0x26, 0x23, 0x22, 0x07, 0x26, 0x26, 0x27,
  0x36, 0x36, 0x33, 0x32, 0x16, 0x15, 0x11, 0x01, 0xcc, 0x77, 0xb5, 0x1a,
  0x05, 0x6f, 0x11, 0xd9, 0xab, 0x68, 0x01, 0xc6, 0x0f, 0x0e, 0x5b, 0xa0,
  0x6c, 0x9a, 0xbb, 0xff, 0xf0, 0x21, 0x85, 0x21, 0x6c, 0x74, 0xa2, 0xa5,
  0x05, 0x2a, 0x01, 0x49, 0xc9, 0x68, 0xcd, 0xb5, 0x70, 0x83, 0x6f, 0xb9,
  0x0a, 0x01, 0x13, 0x68, 0x73, 0x58, 0x5a, 0x70, 0x40, 0x4a, 0x5b, 0x46,
  0xa1, 0x97, 0xa8, 0xa2, 0x14, 0x03, 0x0b, 0x03, 0x61, 0x74, 0x70, 0x50,
  0x0c, 0x73, 0x02, 0x29, 0x31, 0xb3, 0xd7, 0xfd, 0x2a, 0x00, 0x00, 0x02,
  0x00, 0x94, 0xff, 0xe9, 0x04, 0x63, 0x05, 0xfd, 0x00, 0x0d, 0x00, 0x22,
  0x00, 0x90, 0xb6, 0x20, 0x19, 0x02, 0x01, 0x00, 0x01, 0x3e, 0x4b, 0xb0,
  0x10, 0x50, 0x58, 0x40, 0x1d, 0x00, 0x05, 0x05, 0x0d, 0x3f, 0x06, 0x01,
  0x00, 0x00, 0x02, 0x4f, 0x07, 0x01, 0x02, 0x02, 0x14, 0x3f, 0x00, 0x01,
  0x01, 0x03, 0x4f, 0x04, 0x01, 0x03, 0x03, 0x12, 0x03, 0x40, 0x1b, 0x4b,
  0xb0, 0x15, 0x50, 0x58, 0x40, 0x1d, 0x00, 0x05, 0x05, 0x0d, 0x3f, 0x06,
  0x01, 0x00, 0x00, 0x02, 0x4f, 0x07, 0x01, 0x02, 0x02, 0x14, 0x3f, 0x00,
  0x01, 0x01, 0x03, 0x4f, 0x04, 0x01, 0x03, 0x03, 0x15, 0x03, 0x40, 0x1b,
  0x40, 0x21, 0x00, 0x05, 0x05, 0x0d, 0x3f, 0x06, 0x01, 0x00, 0x00, 0x02,
  0x4f, 0x07, 0x01, 0x02, 0x02, 0x14, 0x3f, 0x00, 0x04, 0x04, 0x0c, 0x3f,
  0x00, 0x01, 0x01, 0x03, 0x4f, 0x00, 0x03, 0x03, 0x15, 0x03, 0x40, 0x59,
  0x59, 0x40, 0x16, 0x0f, 0x0e, 0x01, 0x00, 0x1d, 0x1c, 0x1b, 0x1a, 0x17,
  0x15, 0x0e, 0x22, 0x0f, 0x22, 0x06, 0x04, 0x00, 0x0d, 0x01, 0x0d, 0x08,
  0x0c, 0x2b, 0x01, 0x22, 0x06, 0x15, 0x10, 0x21, 0x32, 0x3e, 0x02, 0x35,
  0x34, 0x26, 0x26, 0x27, 0x32, 0x16, 0x16, 0x15, 0x14, 0x02, 0x06, 0x23,
  0x22, 0x26, 0x27, 0x07, 0x23, 0x11, 0x37, 0x11, 0x14, 0x07, 0x36, 0x36,
  0x02, 0x82, 0x9f, 0xa9, 0x01, 0x47, 0x51, 0x7b, 0x47, 0x23, 0x3b, 0x8e,
  0x5b, 0x92, 0xd4, 0x6a, 0x69, 0xd5, 0x94, 0x6d, 0xb4, 0x3c, 0x11, 0x8f,
  0xa7, 0x04, 0x3a, 0xb9, 0x03, 0xd5, 0xdb, 0xd4, 0xfe, 0x4e, 0x43, 0x79,
  0x98, 0x5d, 0x7e, 0xbc, 0x76, 0x8b, 0x94, 0xfe, 0xa4, 0xaa, 0xfe, 0xfe,
  0x95, 0x5e, 0x51, 0x98, 0x05, 0xf3, 0x0a, 0xfe, 0x95, 0x86, 0x60, 0x53,
  0x61, 0x00, 0x00, 0x01, 0x00, 0x5c, 0xff, 0xe9, 0x03, 0x85, 0x04, 0x60,
  0x00, 0x16, 0x00, 0x59, 0x40, 0x0f, 0x09, 0x01, 0x02, 0x01, 0x14, 0x0a,
  0x02, 0x03, 0x02, 0x15, 0x01, 0x00, 0x03, 0x03, 0x3e, 0x4b, 0xb0, 0x10,
  0x50, 0x58, 0x40, 0x16, 0x00, 0x02, 0x02, 0x01, 0x4f, 0x00, 0x01, 0x01,
  0x14, 0x3f, 0x00, 0x03, 0x03, 0x00, 0x4f, 0x04, 0x01, 0x00, 0x00, 0x12,
  0x00, 0x40, 0x1b, 0x40, 0x16, 0x00, 0x02, 0x02, 0x01, 0x4f, 0x00, 0x01,
  0x01, 0x14, 0x3f, 0x00, 0x03, 0x03, 0x00, 0x4f, 0x04, 0x01, 0x00, 0x00,
  0x15, 0x00, 0x40, 0x59, 0x40, 0x0e, 0x01, 0x00, 0x13, 0x11, 0x0d, 0x0b,
  0x07, 0x05, 0x00, 0x16, 0x01, 0x16, 0x05, 0x0c, 0x2b, 0x05, 0x22, 0x00,
  0x35, 0x12, 0x00, 0x33, 0x32, 0x16, 0x17, 0x07, 0x26, 0x23, 0x22, 0x06,
  0x15, 0x14, 0x16, 0x33, 0x32, 0x37, 0x17, 0x06, 0x02, 0x5f, 0xf2, 0xfe,
  0xef, 0x01, 0x01, 0x15, 0xf1, 0x55, 0x9f, 0x2e, 0x2e, 0x75, 0x82, 0x9f,
  0xb9, 0xb7, 0xa2, 0x81, 0x87, 0x15, 0x6d, 0x17, 0x01, 0x3a, 0xfe, 0x01,
  0x00, 0x01, 0x3f, 0x2a, 0x22, 0x82, 0x3f, 0xe8, 0xc9, 0xc4, 0xe5, 0x46,
  0x85, 0x4f, 0x00, 0x02, 0x00, 0x5c, 0xff, 0xea, 0x04, 0x28, 0x05, 0xfd,
  0x00, 0x0e, 0x00, 0x20, 0x00, 0x64, 0xb6, 0x1b, 0x0f, 0x02, 0x00, 0x01,
  0x01, 0x3e, 0x4b, 0xb0, 0x17, 0x50, 0x58, 0x40, 0x1c, 0x00, 0x04, 0x04,
  0x0d, 0x3f, 0x00, 0x01, 0x01, 0x03, 0x4f, 0x00, 0x03, 0x03, 0x14, 0x3f,
  0x06, 0x01, 0x00, 0x00, 0x02, 0x4f, 0x05, 0x01, 0x02, 0x02, 0x12, 0x02,
  0x40, 0x1b, 0x40, 0x20, 0x00, 0x04, 0x04, 0x0d, 0x3f, 0x00, 0x01, 0x01,
  0x03, 0x4f, 0x00, 0x03, 0x03, 0x14, 0x3f, 0x00, 0x05, 0x05, 0x0c, 0x3f,
  0x06, 0x01, 0x00, 0x00, 0x02, 0x4f, 0x00, 0x02, 0x02, 0x12, 0x02, 0x40,
  0x59, 0x40, 0x12, 0x01, 0x00, 0x20, 0x1f, 0x1e, 0x1d, 0x19, 0x17, 0x13,
  0x11, 0x07, 0x05, 0x00, 0x0e, 0x01, 0x0e, 0x07, 0x0c, 0x2b, 0x25, 0x32,
  0x36, 0x35, 0x34, 0x26, 0x23, 0x22, 0x0e, 0x02, 0x15, 0x14, 0x16, 0x16,
  0x25, 0x06, 0x06, 0x23, 0x22, 0x02, 0x11, 0x34, 0x12, 0x33, 0x32, 0x16,
  0x17, 0x27, 0x11, 0x37, 0x11, 0x23, 0x02, 0x3b, 0xa5, 0xa1, 0x9b, 0xad,
  0x4d, 0x76, 0x48, 0x25, 0x3f, 0x8c, 0x01, 0xb0, 0x36, 0xb4, 0x6f, 0xd9,
  0xf6, 0xfa, 0xd2, 0x6d, 0xc1, 0x30, 0x03, 0xa5, 0x8e, 0x79, 0xd4, 0xc5,
  0xde, 0xe1, 0x42, 0x76, 0x99, 0x5b, 0x80, 0xbc, 0x70, 0x26, 0x53, 0x62,
  0x01, 0x35, 0x01, 0x0a, 0xfe, 0x01, 0x39, 0x5f, 0x50, 0x5f, 0x01, 0xe3,
  0x0a, 0xfa, 0x03, 0x00, 0x00, 0x02, 0x00, 0x5d, 0xff, 0xe9, 0x03, 0xfb,
  0x04, 0x60, 0x00, 0x05, 0x00, 0x1a, 0x00, 0x66, 0x40, 0x0a, 0x18, 0x01,
  0x05, 0x04, 0x19, 0x01, 0x02, 0x05, 0x02, 0x3e, 0x4b, 0xb0, 0x10, 0x50,
  0x58, 0x40, 0x1e, 0x00, 0x01, 0x00, 0x04, 0x05, 0x01, 0x04, 0x55, 0x00,
  0x00, 0x00, 0x03, 0x4f, 0x00, 0x03, 0x03, 0x14, 0x3f, 0x00, 0x05, 0x05,
  0x02, 0x4f, 0x06, 0x01, 0x02, 0x02, 0x12, 0x02, 0x40, 0x1b, 0x40, 0x1e,
  0x00, 0x01, 0x00, 0x04, 0x05, 0x01, 0x04, 0x55, 0x00, 0x00, 0x00, 0x03,
  0x4f, 0x00, 0x03, 0x03, 0x14, 0x3f, 0x00, 0x05, 0x05, 0x02, 0x4f, 0x06,
  0x01, 0x02, 0x02, 0x15, 0x02, 0x40, 0x59, 0x40, 0x10, 0x07, 0x06, 0x17,
  0x15, 0x13, 0x12, 0x0d, 0x0b, 0x06, 0x1a, 0x07, 0x1a, 0x12, 0x10, 0x07,
  0x0e, 0x2b, 0x00, 0x20, 0x06, 0x07, 0x21, 0x34, 0x03, 0x22, 0x00, 0x11,
  0x34, 0x00, 0x37, 0x32, 0x12, 0x15, 0x14, 0x06, 0x15, 0x21, 0x16, 0x16,
  0x33, 0x32, 0x37, 0x17, 0x06, 0x02, 0xbe, 0xff, 0x00, 0xa2, 0x0e, 0x02,
  0x43, 0xf2, 0xef, 0xfe, 0xed, 0x01, 0x0a, 0xd9, 0xcc, 0xef, 0x01, 0xfd,
  0x0f, 0x03, 0xbb, 0x9e, 0xae, 0xaf, 0x1a, 0xa7, 0x03, 0xd6, 0xb5, 0x9d,
  0xa3, 0xfc, 0xc2, 0x01, 0x30, 0x01, 0x08, 0xff, 0x01, 0x3d, 0x03, 0xfe,
  0xe9, 0xe9, 0x0c, 0x40, 0x0e, 0xbb, 0xd1, 0x5c, 0x87, 0x66, 0x00, 0x01,
  0x00, 0x22, 0x00, 0x00, 0x02, 0xc2, 0x06, 0x0d, 0x00, 0x15, 0x00, 0x40,
  0x40, 0x3d, 0x13, 0x01, 0x00, 0x05, 0x14, 0x01, 0x01, 0x00, 0x02, 0x3e,
  0x0d, 0x01, 0x01, 0x01, 0x3d, 0x06, 0x01, 0x00, 0x00, 0x05, 0x4f, 0x00,
  0x05, 0x05, 0x13, 0x3f, 0x04, 0x01, 0x02, 0x02, 0x01, 0x4d, 0x00, 0x01,
  0x01, 0x0e, 0x3f, 0x00, 0x03, 0x03, 0x0c, 0x03, 0x40, 0x01, 0x00, 0x12,
  0x10, 0x0b, 0x0a, 0x09, 0x08, 0x07, 0x06, 0x05, 0x04, 0x00, 0x15, 0x01,
  0x15, 0x07, 0x0c, 0x2b, 0x01, 0x22, 0x06, 0x15, 0x15, 0x21, 0x15, 0x21,
  0x11, 0x23, 0x11, 0x23, 0x37, 0x37, 0x35, 0x36, 0x36, 0x33, 0x32, 0x17,
  0x07, 0x26, 0x02, 0x30, 0x68, 0x4d, 0x01, 0x08, 0xfe, 0xf8, 0xa7, 0xb2,
  0x0e, 0xa4, 0x02, 0x9b, 0xad, 0x43, 0x61, 0x0b, 0x59, 0x05, 0x88, 0x78,
  0x94, 0x33, 0x7c, 0xfc, 0x33, 0x03, 0xcd, 0x6e, 0x0e, 0x31, 0xd4, 0xbf,
  0x0f, 0x83, 0x0d, 0x00, 0x00, 0x02, 0x00, 0x46, 0xfe, 0x0a, 0x04, 0x1c,
  0x04, 0x60, 0x00, 0x16, 0x00, 0x3d, 0x00, 0x76, 0xb6, 0x32, 0x21, 0x02,
  0x00, 0x01, 0x01, 0x3e, 0x4b, 0xb0, 0x15, 0x50, 0x58, 0x40, 0x22, 0x00,
  0x01, 0x01, 0x04, 0x4f, 0x05, 0x01, 0x04, 0x04, 0x14, 0x3f, 0x07, 0x01,
  0x00, 0x00, 0x03, 0x4f, 0x00, 0x03, 0x03, 0x0c, 0x3f, 0x00, 0x02, 0x02,
  0x06, 0x4f, 0x08, 0x01, 0x06, 0x06, 0x16, 0x06, 0x40, 0x1b, 0x40, 0x26,
  0x00, 0x05, 0x05, 0x0e, 0x3f, 0x00, 0x01, 0x01, 0x04, 0x4f, 0x00, 0x04,
  0x04, 0x14, 0x3f, 0x07, 0x01, 0x00, 0x00, 0x03, 0x4f, 0x00, 0x03, 0x03,
  0x0c, 0x3f, 0x00, 0x02, 0x02, 0x06, 0x4f, 0x08, 0x01, 0x06, 0x06, 0x16,
  0x06, 0x40, 0x59, 0x40, 0x18, 0x17, 0x17, 0x01, 0x00, 0x17, 0x3d, 0x17,
  0x3c, 0x34, 0x33, 0x30, 0x2e, 0x25, 0x23, 0x1a, 0x18, 0x0c, 0x0a, 0x00,
  0x16, 0x01, 0x16, 0x09, 0x0c, 0x2b, 0x25, 0x32, 0x3e, 0x02, 0x35, 0x35,
  0x34, 0x2e, 0x02, 0x23, 0x22, 0x0e, 0x03, 0x15, 0x14, 0x1e, 0x03, 0x03,
  0x27, 0x33, 0x32, 0x3e, 0x04, 0x35, 0x35, 0x06, 0x06, 0x23, 0x22, 0x2e,
  0x03, 0x35, 0x34, 0x3e, 0x02, 0x33, 0x32, 0x16, 0x17, 0x35, 0x33, 0x11,
  0x14, 0x0e, 0x05, 0x23, 0x02, 0x39, 0x55, 0x80, 0x48, 0x23, 0x24, 0x4b,
  0x7d, 0x53, 0x45, 0x71, 0x49, 0x33, 0x16, 0x18, 0x34, 0x4a, 0x6f, 0xbf,
  0x0f, 0xcc, 0x55, 0x7e, 0x54, 0x34, 0x1b, 0x09, 0x3c, 0x9e, 0x7a, 0x5e,
  0x9f, 0x6d, 0x4d, 0x23, 0x3b, 0x74, 0xbd, 0x7a, 0x6c, 0xa1, 0x40, 0xa3,
  0x07, 0x1b, 0x2e, 0x53, 0x73, 0xaa, 0x6b, 0x8f, 0x3c, 0x6a, 0x82, 0x4d,
  0x51, 0x50, 0x87, 0x6b, 0x3c, 0x34, 0x55, 0x71, 0x74, 0x3b, 0x3a, 0x72,
  0x6c, 0x51, 0x32, 0xfd, 0x7b, 0x97, 0x18, 0x37, 0x43, 0x6b, 0x69, 0x4c,
  0x61, 0x56, 0x5d, 0x41, 0x6c, 0x8e, 0x98, 0x4d, 0x78, 0xcc, 0xa0, 0x5b,
  0x53, 0x56, 0x92, 0xfc, 0x06, 0x46, 0x69, 0x80, 0x5c, 0x5d, 0x39, 0x24,
  0x00, 0x01, 0x00, 0x91, 0x00, 0x00, 0x04, 0x19, 0x05, 0xfd, 0x00, 0x15,
  0x00, 0x2c, 0x40, 0x29, 0x10, 0x01, 0x01, 0x00, 0x01, 0x3e, 0x00, 0x02,
  0x02, 0x0d, 0x3f, 0x00, 0x00, 0x00, 0x03, 0x4f, 0x00, 0x03, 0x03, 0x14,
  0x3f, 0x05, 0x04, 0x02, 0x01, 0x01, 0x0c, 0x01, 0x40, 0x00, 0x00, 0x00,
  0x15, 0x00, 0x15, 0x24, 0x11, 0x15, 0x23, 0x06, 0x10, 0x2b, 0x21, 0x11,
  0x34, 0x26, 0x23, 0x22, 0x06, 0x07, 0x06, 0x15, 0x11, 0x23, 0x11, 0x37,
  0x11, 0x14, 0x07, 0x36, 0x33, 0x20, 0x11, 0x11, 0x03, 0x72, 0x69, 0x83,
  0x7e, 0xad, 0x1a, 0x09, 0xa7, 0xa7, 0x04, 0x8d, 0xe9, 0x01, 0x6f, 0x02,
  0x97, 0xa5, 0x96, 0x7e, 0x64, 0x4b, 0x5c, 0xfd, 0xb7, 0x05, 0xf3, 0x0a,
  0xfe, 0x42, 0x39, 0x54, 0xae, 0xfe, 0x51, 0xfd, 0x4f, 0x00, 0x00, 0x02,
  0x00, 0xac, 0x00, 0x00, 0x01, 0x54, 0x05, 0xd8, 0x00, 0x03, 0x00, 0x07,
  0x00, 0x2b, 0x40, 0x28, 0x00, 0x02, 0x02, 0x03, 0x4d, 0x05, 0x01, 0x03,
  0x03, 0x0b, 0x3f, 0x04, 0x01, 0x01, 0x01, 0x0e, 0x3f, 0x00, 0x00, 0x00,
  0x0c, 0x00, 0x40, 0x04, 0x04, 0x00, 0x00, 0x04, 0x07, 0x04, 0x07, 0x06,
  0x05, 0x00, 0x03, 0x00, 0x03, 0x11, 0x06, 0x0d, 0x2b, 0x01, 0x11, 0x23,
  0x11, 0x13, 0x15, 0x23, 0x35, 0x01, 0x54, 0xa8, 0xa8, 0xa8, 0x04, 0x49,
  0xfb, 0xb7, 0x04, 0x49, 0x01, 0x8f, 0xc6, 0xc6, 0x00, 0x02, 0xff, 0xb3,
  0xfe, 0x0a, 0x01, 0x4a, 0x05, 0xd8, 0x00, 0x12, 0x00, 0x16, 0x00, 0x31,
  0x40, 0x2e, 0x00, 0x03, 0x03, 0x04, 0x4d, 0x06, 0x01, 0x04, 0x04, 0x0b,
  0x3f, 0x05, 0x01, 0x02, 0x02, 0x0e, 0x3f, 0x00, 0x01, 0x01, 0x00, 0x4f,
  0x00, 0x00, 0x00, 0x16, 0x00, 0x40, 0x13, 0x13, 0x00, 0x00, 0x13, 0x16,
  0x13, 0x16, 0x15, 0x14, 0x00, 0x12, 0x00, 0x12, 0x21, 0x25, 0x07, 0x0e,
  0x2b, 0x01, 0x11, 0x14, 0x0e, 0x02, 0x23, 0x23, 0x27, 0x33, 0x32, 0x3e,
  0x05, 0x35, 0x11, 0x13, 0x15, 0x23, 0x35, 0x01, 0x4a, 0x1b, 0x4b, 0x80,
  0x67, 0x34, 0x16, 0x34, 0x27, 0x39, 0x29, 0x1a, 0x0f, 0x07, 0x02, 0xa8,
  0xa8, 0x04, 0x49, 0xfb, 0x2c, 0x6a, 0x82, 0x5b, 0x24, 0x97, 0x09, 0x0e,
  0x20, 0x1d, 0x3a, 0x2e, 0x2a, 0x04, 0xc2, 0x01, 0x8f, 0xc6, 0xc6, 0x00,
  0x00, 0x01, 0x00, 0x91, 0x00, 0x00, 0x04, 0x12, 0x05, 0xfd, 0x00, 0x10,
  0x00, 0x29, 0x40, 0x26, 0x0f, 0x0e, 0x0b, 0x04, 0x04, 0x02, 0x01, 0x01,
  0x3e, 0x00, 0x00, 0x00, 0x0d, 0x3f, 0x00, 0x01, 0x01, 0x0e, 0x3f, 0x04,
  0x03, 0x02, 0x02, 0x02, 0x0c, 0x02, 0x40, 0x00, 0x00, 0x00, 0x10, 0x00,
  0x10, 0x12, 0x17, 0x11, 0x05, 0x0f, 0x2b, 0x33, 0x11, 0x37, 0x11, 0x15,
  0x36, 0x36, 0x37, 0x36, 0x01, 0x33, 0x01, 0x01, 0x23, 0x01, 0x07, 0x11,
  0x91, 0xa6, 0x06, 0x18, 0x07, 0x57, 0x01, 0x6b, 0xd4, 0xfe, 0x38, 0x01,
  0xe8, 0xd0, 0xfe, 0x6f, 0x7a, 0x05, 0xf3, 0x0a, 0xfc, 0xe3, 0x8c, 0x06,
  0x1c, 0x07, 0x5f, 0x01, 0x6d, 0xfe, 0x32, 0xfd, 0x85, 0x02, 0x1c, 0x69,
  0xfe, 0x4d, 0x00, 0x01, 0x00, 0x91, 0xff, 0xec, 0x02, 0x63, 0x05, 0xfd,
  0x00, 0x11, 0x00, 0x2a, 0x40, 0x27, 0x0f, 0x01, 0x02, 0x01, 0x10, 0x01,
  0x00, 0x02, 0x02, 0x3e, 0x00, 0x01, 0x01, 0x0d, 0x3f, 0x00, 0x02, 0x02,
  0x00, 0x50, 0x03, 0x01, 0x00, 0x00, 0x12, 0x00, 0x40, 0x01, 0x00, 0x0e,
  0x0c, 0x05, 0x04, 0x00, 0x11, 0x01, 0x11, 0x04, 0x0c, 0x2b, 0x05, 0x22,
  0x26, 0x35, 0x11, 0x37, 0x11, 0x14, 0x1e, 0x04, 0x33, 0x32, 0x37, 0x17,
  0x06, 0x01, 0xb6, 0xa0, 0x85, 0xa6, 0x03, 0x0c, 0x14, 0x26, 0x35, 0x27,
  0x20, 0x5e, 0x09, 0x67, 0x14, 0xac, 0xd5, 0x04, 0x86, 0x0a, 0xfb, 0xb2,
  0x44, 0x52, 0x4f, 0x28, 0x21, 0x0b, 0x0c, 0x85, 0x11, 0x00, 0x00, 0x01,
  0x00, 0x8f, 0x00, 0x00, 0x06, 0xa7, 0x04, 0x60, 0x00, 0x2f, 0x00, 0x55,
  0xb6, 0x29, 0x20, 0x02, 0x01, 0x00, 0x01, 0x3e, 0x4b, 0xb0, 0x15, 0x50,
  0x58, 0x40, 0x16, 0x02, 0x01, 0x00, 0x00, 0x04, 0x4f, 0x06, 0x05, 0x02,
  0x04, 0x04, 0x0e, 0x3f, 0x08, 0x07, 0x03, 0x03, 0x01, 0x01, 0x0c, 0x01,
  0x40, 0x1b, 0x40, 0x1a, 0x00, 0x04, 0x04, 0x0e, 0x3f, 0x02, 0x01, 0x00,
  0x00, 0x05, 0x4f, 0x06, 0x01, 0x05, 0x05, 0x14, 0x3f, 0x08, 0x07, 0x03,
  0x03, 0x01, 0x01, 0x0c, 0x01, 0x40, 0x59, 0x40, 0x0f, 0x00, 0x00, 0x00,
  0x2f, 0x00, 0x2f, 0x26, 0x23, 0x12, 0x15, 0x26, 0x15, 0x26, 0x09, 0x13,
  0x2b, 0x21, 0x11, 0x34, 0x2e, 0x03, 0x23, 0x22, 0x06, 0x07, 0x06, 0x15,
  0x11, 0x23, 0x11, 0x34, 0x2e, 0x03, 0x23, 0x22, 0x06, 0x07, 0x06, 0x15,
  0x11, 0x23, 0x02, 0x35, 0x33, 0x17, 0x36, 0x36, 0x33, 0x32, 0x1e, 0x03,
  0x17, 0x36, 0x33, 0x32, 0x16, 0x15, 0x11, 0x06, 0x00, 0x07, 0x19, 0x2d,
  0x50, 0x38, 0x6e, 0x9b, 0x21, 0x09, 0xa7, 0x0a, 0x1c, 0x2f, 0x4e, 0x36,
  0x78, 0xa3, 0x1c, 0x09, 0xa7, 0x02, 0x8c, 0x15, 0x32, 0xb8, 0x75, 0x3d,
  0x67, 0x45, 0x36, 0x1e, 0x0a, 0x78, 0xf7, 0xb7, 0xab, 0x02, 0x3b, 0x50,
  0x6c, 0x70, 0x41, 0x29, 0x76, 0x6b, 0x48, 0x52, 0xfd, 0xaa, 0x02, 0x4d,
  0x4a, 0x6d, 0x67, 0x40, 0x26, 0x7a, 0x65, 0x4d, 0x5a, 0xfd, 0xb5, 0x04,
  0x05, 0x44, 0x9d, 0x4c, 0x68, 0x19, 0x26, 0x35, 0x33, 0x1c, 0xc3, 0xd1,
  0xcd, 0xfd, 0x3e, 0x00, 0x00, 0x01, 0x00, 0x8f, 0x00, 0x00, 0x04, 0x19,
  0x04, 0x60, 0x00, 0x16, 0x00, 0x4b, 0xb5, 0x03, 0x01, 0x02, 0x03, 0x01,
  0x3e, 0x4b, 0xb0, 0x15, 0x50, 0x58, 0x40, 0x13, 0x00, 0x03, 0x03, 0x00,
  0x4f, 0x01, 0x01, 0x00, 0x00, 0x0e, 0x3f, 0x05, 0x04, 0x02, 0x02, 0x02,
  0x0c, 0x02, 0x40, 0x1b, 0x40, 0x17, 0x00, 0x00, 0x00, 0x0e, 0x3f, 0x00,
  0x03, 0x03, 0x01, 0x4f, 0x00, 0x01, 0x01, 0x14, 0x3f, 0x05, 0x04, 0x02,
  0x02, 0x02, 0x0c, 0x02, 0x40, 0x59, 0x40, 0x0c, 0x00, 0x00, 0x00, 0x16,
  0x00, 0x16, 0x24, 0x13, 0x23, 0x11, 0x06, 0x10, 0x2b, 0x33, 0x11, 0x33,
  0x17, 0x36, 0x36, 0x33, 0x32, 0x16, 0x15, 0x11, 0x23, 0x10, 0x27, 0x26,
  0x26, 0x23, 0x22, 0x06, 0x07, 0x06, 0x15, 0x11, 0x8f, 0x8c, 0x15, 0x41,
  0xc3, 0x71, 0xbe, 0xb6, 0xa7, 0x01, 0x04, 0x69, 0x7b, 0x81, 0xac, 0x1a,
  0x0a, 0x04, 0x49, 0x9d, 0x51, 0x63, 0xd5, 0xdd, 0xfd, 0x52, 0x02, 0x94,
  0x2f, 0x8c, 0x82, 0x7c, 0x63, 0x43, 0x57, 0xfd, 0xa8, 0x00, 0x00, 0x02,
  0x00, 0x5c, 0xff, 0xe9, 0x04, 0x54, 0x04, 0x60, 0x00, 0x0b, 0x00, 0x17,
  0x00, 0x3d, 0x4b, 0xb0, 0x10, 0x50, 0x58, 0x40, 0x15, 0x00, 0x01, 0x01,
  0x03, 0x4f, 0x00, 0x03, 0x03, 0x14, 0x3f, 0x00, 0x00, 0x00, 0x02, 0x4f,
  0x00, 0x02, 0x02, 0x12, 0x02, 0x40, 0x1b, 0x40, 0x15, 0x00, 0x01, 0x01,
  0x03, 0x4f, 0x00, 0x03, 0x03, 0x14, 0x3f, 0x00, 0x00, 0x00, 0x02, 0x4f,
  0x00, 0x02, 0x02, 0x15, 0x02, 0x40, 0x59, 0xb5, 0x24, 0x24, 0x24, 0x22,
  0x04, 0x10, 0x2b, 0x01, 0x14, 0x16, 0x33, 0x32, 0x36, 0x35, 0x34, 0x26,
  0x23, 0x22, 0x06, 0x05, 0x14, 0x00, 0x23, 0x22, 0x00, 0x35, 0x10, 0x00,
  0x33, 0x32, 0x00, 0x01, 0x09, 0xad, 0xa6, 0xa4, 0xa7, 0xa5, 0xa9, 0xa4,
  0xac, 0x03, 0x4b, 0xfe, 0xf0, 0xf0, 0xe7, 0xfe, 0xef, 0x01, 0x12, 0xef,
  0xeb, 0x01, 0x0c, 0x02, 0x22, 0xc3, 0xeb, 0xea, 0xc6, 0xc9, 0xe7, 0xec,
  0xc3, 0xff, 0xfe, 0xc3, 0x01, 0x40, 0xfb, 0x01, 0x00, 0x01, 0x3c, 0xfe,
  0xc3, 0x00, 0x00, 0x02, 0x00, 0x8f, 0xfe, 0x24, 0x04, 0x55, 0x04, 0x60,
  0x00, 0x13, 0x00, 0x20, 0x00, 0x8d, 0xb6, 0x10, 0x03, 0x02, 0x04, 0x05,
  0x01, 0x3e, 0x4b, 0xb0, 0x10, 0x50, 0x58, 0x40, 0x1d, 0x00, 0x05, 0x05,
  0x00, 0x4f, 0x01, 0x01, 0x00, 0x00, 0x0e, 0x3f, 0x07, 0x01, 0x04, 0x04,
  0x02, 0x4f, 0x00, 0x02, 0x02, 0x12, 0x3f, 0x06, 0x01, 0x03, 0x03, 0x10,
  0x03, 0x40, 0x1b, 0x4b, 0xb0, 0x15, 0x50, 0x58, 0x40, 0x1d, 0x00, 0x05,
  0x05, 0x00, 0x4f, 0x01, 0x01, 0x00, 0x00, 0x0e, 0x3f, 0x07, 0x01, 0x04,
  0x04, 0x02, 0x4f, 0x00, 0x02, 0x02, 0x15, 0x3f, 0x06, 0x01, 0x03, 0x03,
  0x10, 0x03, 0x40, 0x1b, 0x40, 0x21, 0x00, 0x00, 0x00, 0x0e, 0x3f, 0x00,
  0x05, 0x05, 0x01, 0x4f, 0x00, 0x01, 0x01, 0x14, 0x3f, 0x07, 0x01, 0x04,
  0x04, 0x02, 0x4f, 0x00, 0x02, 0x02, 0x15, 0x3f, 0x06, 0x01, 0x03, 0x03,
  0x10, 0x03, 0x40, 0x59, 0x59, 0x40, 0x13, 0x15, 0x14, 0x00, 0x00, 0x1d,
  0x1b, 0x14, 0x20, 0x15, 0x20, 0x00, 0x13, 0x00, 0x13, 0x26, 0x22, 0x11,
  0x08, 0x0f, 0x2b, 0x13, 0x11, 0x33, 0x17, 0x36, 0x33, 0x32, 0x16, 0x12,
  0x15, 0x14, 0x06, 0x06, 0x23, 0x22, 0x26, 0x27, 0x16, 0x15, 0x11, 0x01,
  0x32, 0x3e, 0x02, 0x35, 0x34, 0x26, 0x23, 0x20, 0x11, 0x14, 0x16, 0x8f,
  0x93, 0x10, 0x90, 0xca, 0x96, 0xd0, 0x63, 0x6c, 0xd1, 0x8c, 0x6a, 0xba,
  0x38, 0x06, 0x01, 0x3f, 0x4c, 0x78, 0x4a, 0x26, 0x9e, 0x98, 0xfe, 0xc2,
  0x95, 0xfe, 0x24, 0x06, 0x25, 0x95, 0xac, 0x96, 0xff, 0x00, 0xab, 0xa4,
  0xff, 0x93, 0x5f, 0x4e, 0x6c, 0x66, 0xfe, 0x6b, 0x02, 0x47, 0x45, 0x78,
  0x99, 0x59, 0xbc, 0xf1, 0xfe, 0x65, 0xdf, 0xe2, 0x00, 0x02, 0x00, 0x60,
  0xfe, 0x24, 0x04, 0x29, 0x04, 0x60, 0x00, 0x13, 0x00, 0x22, 0x00, 0x90,
  0xb6, 0x11, 0x0a, 0x02, 0x04, 0x05, 0x01, 0x3e, 0x4b, 0xb0, 0x10, 0x50,
  0x58, 0x40, 0x1d, 0x00, 0x05, 0x05, 0x01, 0x4f, 0x02, 0x01, 0x01, 0x01,
  0x14, 0x3f, 0x07, 0x01, 0x04, 0x04, 0x00, 0x4f, 0x06, 0x01, 0x00, 0x00,
  0x12, 0x3f, 0x00, 0x03, 0x03, 0x10, 0x03, 0x40, 0x1b, 0x4b, 0xb0, 0x15,
  0x50, 0x58, 0x40, 0x1d, 0x00, 0x05, 0x05, 0x01, 0x4f, 0x02, 0x01, 0x01,
  0x01, 0x14, 0x3f, 0x07, 0x01, 0x04, 0x04, 0x00, 0x4f, 0x06, 0x01, 0x00,
  0x00, 0x15, 0x3f, 0x00, 0x03, 0x03, 0x10, 0x03, 0x40, 0x1b, 0x40, 0x21,
  0x00, 0x02, 0x02, 0x0e, 0x3f, 0x00, 0x05, 0x05, 0x01, 0x4f, 0x00, 0x01,
  0x01, 0x14, 0x3f, 0x07, 0x01, 0x04, 0x04, 0x00, 0x4f, 0x06, 0x01, 0x00,
  0x00, 0x15, 0x3f, 0x00, 0x03, 0x03, 0x10, 0x03, 0x40, 0x59, 0x59, 0x40,
  0x16, 0x15, 0x14, 0x01, 0x00, 0x1b, 0x19, 0x14, 0x22, 0x15, 0x22, 0x0e,
  0x0d, 0x0c, 0x0b, 0x09, 0x07, 0x00, 0x13, 0x01, 0x13, 0x08, 0x0c, 0x2b,
  0x05, 0x22, 0x26, 0x26, 0x35, 0x34, 0x12, 0x36, 0x33, 0x32, 0x17, 0x37,
  0x33, 0x11, 0x07, 0x11, 0x34, 0x37, 0x06, 0x06, 0x27, 0x32, 0x36, 0x37,
  0x34, 0x26, 0x23, 0x22, 0x06, 0x06, 0x15, 0x14, 0x1e, 0x02, 0x02, 0x28,
  0x8f, 0xd1, 0x68, 0x68, 0xd4, 0x94, 0xcd, 0x8c, 0x0c, 0x94, 0xa7, 0x05,
  0x38, 0xb6, 0x5b, 0xa6, 0x9d, 0x02, 0x9a, 0xac, 0x68, 0x8d, 0x3c, 0x23,
  0x48, 0x77, 0x17, 0x94, 0xfc, 0xa4, 0xaa, 0x01, 0x03, 0x96, 0xb2, 0x9b,
  0xf9, 0xe5, 0x0a, 0x01, 0xe7, 0x49, 0x4b, 0x54, 0x62, 0x90, 0xd0, 0xc8,
  0xdd, 0xe2, 0x77, 0xbb, 0x7b, 0x5d, 0x97, 0x75, 0x41, 0x00, 0x00, 0x01,
  0x00, 0x94, 0x00, 0x00, 0x02, 0xcd, 0x04, 0x53, 0x00, 0x10, 0x00, 0x65,
  0x4b, 0xb0, 0x31, 0x50, 0x58, 0x40, 0x0b, 0x02, 0x01, 0x01, 0x00, 0x0e,
  0x03, 0x02, 0x02, 0x01, 0x02, 0x3e, 0x1b, 0x40, 0x0b, 0x02, 0x01, 0x03,
  0x00, 0x0e, 0x03, 0x02, 0x02, 0x01, 0x02, 0x3e, 0x59, 0x4b, 0xb0, 0x31,
  0x50, 0x58, 0x40, 0x12, 0x00, 0x01, 0x01, 0x00, 0x4f, 0x03, 0x04, 0x02,
  0x00, 0x00, 0x0e, 0x3f, 0x00, 0x02, 0x02, 0x0c, 0x02, 0x40, 0x1b, 0x40,
  0x16, 0x00, 0x03, 0x03, 0x0e, 0x3f, 0x00, 0x01, 0x01, 0x00, 0x4f, 0x04,
  0x01, 0x00, 0x00, 0x0e, 0x3f, 0x00, 0x02, 0x02, 0x0c, 0x02, 0x40, 0x59,
  0x40, 0x0e, 0x01, 0x00, 0x0d, 0x0c, 0x0a, 0x09, 0x06, 0x04, 0x00, 0x10,
  0x01, 0x10, 0x05, 0x0c, 0x2b, 0x01, 0x32, 0x17, 0x07, 0x26, 0x23, 0x22,
  0x06, 0x15, 0x11, 0x23, 0x02, 0x35, 0x33, 0x17, 0x36, 0x36, 0x02, 0x7b,
  0x2d, 0x25, 0x06, 0x2e, 0x22, 0x8c, 0xaf, 0xa7, 0x01, 0x8b, 0x10, 0x39,
  0xb0, 0x04, 0x53, 0x06, 0x9a, 0x08, 0xc3, 0x90, 0xfd, 0x98, 0x03, 0xf2,
  0x57, 0xc5, 0x5d, 0x72, 0x00, 0x01, 0x00, 0x67, 0xff, 0xe9, 0x03, 0x64,
  0x04, 0x60, 0x00, 0x24, 0x00, 0x59, 0x40, 0x0f, 0x14, 0x01, 0x03, 0x02,
  0x15, 0x04, 0x02, 0x01, 0x03, 0x03, 0x01, 0x00, 0x01, 0x03, 0x3e, 0x4b,
  0xb0, 0x10, 0x50, 0x58, 0x40, 0x16, 0x00, 0x03, 0x03, 0x02, 0x4f, 0x00,
  0x02, 0x02, 0x14, 0x3f, 0x00, 0x01, 0x01, 0x00, 0x4f, 0x04, 0x01, 0x00,
  0x00, 0x12, 0x00, 0x40, 0x1b, 0x40, 0x16, 0x00, 0x03, 0x03, 0x02, 0x4f,
  0x00, 0x02, 0x02, 0x14, 0x3f, 0x00, 0x01, 0x01, 0x00, 0x4f, 0x04, 0x01,
  0x00, 0x00, 0x15, 0x00, 0x40, 0x59, 0x40, 0x0e, 0x01, 0x00, 0x18, 0x16,
  0x13, 0x11, 0x07, 0x05, 0x00, 0x24, 0x01, 0x24, 0x05, 0x0c, 0x2b, 0x05,
  0x22, 0x26, 0x27, 0x37, 0x16, 0x33, 0x32, 0x37, 0x34, 0x26, 0x27, 0x27,
  0x26, 0x26, 0x27, 0x34, 0x36, 0x33, 0x32, 0x17, 0x07, 0x26, 0x23, 0x22,
  0x06, 0x15, 0x14, 0x16, 0x17, 0x16, 0x17, 0x16, 0x16, 0x15, 0x06, 0x06,
  0x01, 0xd6, 0x70, 0xbd, 0x3b, 0x15, 0xa7, 0xa1, 0xf4, 0x07, 0x68, 0x98,
  0x53, 0x90, 0x7b, 0x01, 0xcf, 0xb4, 0xba, 0x99, 0x31, 0x9b, 0x87, 0x69,
  0x77, 0x56, 0x81, 0x21, 0x32, 0xa6, 0x8a, 0x02, 0xd6, 0x17, 0x30, 0x26,
  0x8d, 0x59, 0xac, 0x49, 0x54, 0x34, 0x1d, 0x30, 0x8e, 0x6a, 0x81, 0xaa,
  0x48, 0x80, 0x40, 0x53, 0x4b, 0x40, 0x44, 0x2c, 0x0c, 0x10, 0x36, 0x93,
  0x7d, 0x98, 0xa7, 0x00, 0x00, 0x01, 0x00, 0x1c, 0xff, 0xec, 0x02, 0xa3,
  0x05, 0x48, 0x00, 0x15, 0x00, 0x3f, 0x40, 0x3c, 0x06, 0x01, 0x01, 0x03,
  0x13, 0x01, 0x05, 0x01, 0x14, 0x01, 0x00, 0x05, 0x03, 0x3e, 0x00, 0x02,
  0x03, 0x02, 0x66, 0x04, 0x01, 0x01, 0x01, 0x03, 0x4d, 0x00, 0x03, 0x03,
  0x0e, 0x3f, 0x00, 0x05, 0x05, 0x00, 0x50, 0x06, 0x01, 0x00, 0x00, 0x12,
  0x00, 0x40, 0x01, 0x00, 0x12, 0x10, 0x0d, 0x0c, 0x0b, 0x0a, 0x09, 0x08,
  0x05, 0x04, 0x00, 0x15, 0x01, 0x15, 0x07, 0x0c, 0x2b, 0x05, 0x22, 0x26,
  0x27, 0x11, 0x23, 0x3f, 0x03, 0x15, 0x21, 0x15, 0x21, 0x11, 0x14, 0x16,
  0x33, 0x32, 0x37, 0x17, 0x06, 0x01, 0xed, 0xa2, 0x88, 0x04, 0xa3, 0x07,
  0x9b, 0x39, 0x6e, 0x01, 0x31, 0xfe, 0xcf, 0x4c, 0x5c, 0x21, 0x6e, 0x07,
  0x77, 0x14, 0x9e, 0xb0, 0x02, 0x93, 0x6e, 0x0e, 0xfb, 0x04, 0xff, 0x7c,
  0xfd, 0x8b, 0x7d, 0x66, 0x10, 0x84, 0x15, 0x00, 0x00, 0x01, 0x00, 0x69,
  0xff, 0xe7, 0x03, 0xe2, 0x04, 0x49, 0x00, 0x19, 0x00, 0x69, 0x4b, 0xb0,
  0x10, 0x50, 0x58, 0x40, 0x11, 0x02, 0x01, 0x00, 0x00, 0x0e, 0x3f, 0x00,
  0x01, 0x01, 0x03, 0x4f, 0x00, 0x03, 0x03, 0x12, 0x03, 0x40, 0x1b, 0x4b,
  0xb0, 0x19, 0x50, 0x58, 0x40, 0x11, 0x02, 0x01, 0x00, 0x00, 0x0e, 0x3f,
  0x00, 0x01, 0x01, 0x03, 0x4f, 0x00, 0x03, 0x03, 0x15, 0x03, 0x40, 0x1b,
  0x4b, 0xb0, 0x1b, 0x50, 0x58, 0x40, 0x11, 0x02, 0x01, 0x00, 0x00, 0x0e,
  0x3f, 0x00, 0x01, 0x01, 0x03, 0x4f, 0x00, 0x03, 0x03, 0x12, 0x03, 0x40,
  0x1b, 0x40, 0x11, 0x02, 0x01, 0x00, 0x00, 0x0e, 0x3f, 0x00, 0x01, 0x01,
  0x03, 0x4f, 0x00, 0x03, 0x03, 0x15, 0x03, 0x40, 0x59, 0x59, 0x59, 0xb5,
  0x26, 0x13, 0x25, 0x11, 0x04, 0x10, 0x2b, 0x13, 0x11, 0x33, 0x11, 0x14,
  0x1e, 0x02, 0x33, 0x32, 0x36, 0x35, 0x11, 0x33, 0x11, 0x14, 0x0e, 0x03,
  0x23, 0x22, 0x2e, 0x03, 0x69, 0xa8, 0x29, 0x4d, 0x61, 0x3f, 0x82, 0x91,
  0xa8, 0x30, 0x51, 0x72, 0x7f, 0x49, 0x48, 0x80, 0x73, 0x53, 0x30, 0x01,
  0x6e, 0x02, 0xdb, 0xfd, 0x23, 0x48, 0x64, 0x37, 0x18, 0x72, 0x89, 0x02,
  0xdd, 0xfd, 0x25, 0x54, 0x86, 0x59, 0x3a, 0x1a, 0x1a, 0x3b, 0x59, 0x86,
  0x00, 0x01, 0xff, 0xff, 0x00, 0x00, 0x04, 0x04, 0x04, 0x49, 0x00, 0x0b,
  0x00, 0x20, 0x40, 0x1d, 0x05, 0x01, 0x02, 0x00, 0x01, 0x3e, 0x01, 0x01,
  0x00, 0x00, 0x0e, 0x3f, 0x03, 0x01, 0x02, 0x02, 0x0c, 0x02, 0x40, 0x00,
  0x00, 0x00, 0x0b, 0x00, 0x0b, 0x17, 0x11, 0x04, 0x0e, 0x2b, 0x21, 0x01,
  0x33, 0x13, 0x30, 0x13, 0x36, 0x37, 0x36, 0x13, 0x33, 0x01, 0x01, 0xa8,
  0xfe, 0x57, 0xb3, 0xf2, 0x64, 0x22, 0x3c, 0x4c, 0xa0, 0xb2, 0xfe, 0x5a,
  0x04, 0x49, 0xfd, 0x74, 0xfe, 0xea, 0x6b, 0xa9, 0xd5, 0x01, 0xb9, 0xfb,
  0xb7, 0x00, 0x00, 0x01, 0x00, 0x13, 0x00, 0x00, 0x06, 0x33, 0x04, 0x49,
  0x00, 0x13, 0x00, 0x26, 0x40, 0x23, 0x10, 0x0b, 0x02, 0x03, 0x00, 0x01,
  0x01, 0x3e, 0x03, 0x02, 0x02, 0x01, 0x01, 0x0e, 0x3f, 0x05, 0x04, 0x02,
  0x00, 0x00, 0x0c, 0x00, 0x40, 0x00, 0x00, 0x00, 0x13, 0x00, 0x13, 0x13,
  0x13, 0x11, 0x17, 0x06, 0x10, 0x2b, 0x21, 0x02, 0x27, 0x06, 0x02, 0x06,
  0x02, 0x07, 0x23, 0x01, 0x33, 0x13, 0x36, 0x13, 0x33, 0x12, 0x17, 0x13,
  0x33, 0x01, 0x04, 0x42, 0xe7, 0x37, 0x1f, 0x50, 0x3c, 0x60, 0x19, 0xb4,
  0xfe, 0xc7, 0xad, 0xeb, 0x31, 0xef, 0xbd, 0xee, 0x2a, 0xe8, 0xab, 0xfe,
  0xc4, 0x02, 0xe2, 0xb5, 0x6e, 0xff, 0x00, 0xb8, 0xfe, 0xdc, 0x4d, 0x04,
  0x49, 0xfc, 0x7e, 0xa0, 0x02, 0xe2, 0xfd, 0x0e, 0x8d, 0x03, 0x7f, 0xfb,
  0xb7, 0x00, 0x00, 0x01, 0x00, 0x1f, 0x00, 0x00, 0x04, 0x01, 0x04, 0x49,
  0x00, 0x0b, 0x00, 0x1f, 0x40, 0x1c, 0x09, 0x06, 0x03, 0x00, 0x04, 0x02,
  0x00, 0x01, 0x3e, 0x01, 0x01, 0x00, 0x00, 0x0e, 0x3f, 0x03, 0x01, 0x02,
  0x02, 0x0c, 0x02, 0x40, 0x12, 0x12, 0x12, 0x11, 0x04, 0x10, 0x2b, 0x01,
  0x01, 0x33, 0x01, 0x01, 0x33, 0x01, 0x01, 0x23, 0x01, 0x01, 0x23, 0x01,
  0xb1, 0xfe, 0x7d, 0xbf, 0x01, 0x25, 0x01, 0x26, 0xbf, 0xfe, 0x7c, 0x01,
  0x8e, 0xb9, 0xfe, 0xcb, 0xfe, 0xcb, 0xbf, 0x02, 0x2e, 0x02, 0x1b, 0xfe,
  0x5e, 0x01, 0xa2, 0xfd, 0xe3, 0xfd, 0xd4, 0x01, 0xb9, 0xfe, 0x47, 0x00,
  0x00, 0x01, 0x00, 0x03, 0xfe, 0x0f, 0x03, 0xf3, 0x04, 0x49, 0x00, 0x13,
  0x00, 0x25, 0x40, 0x22, 0x0c, 0x02, 0x02, 0x03, 0x00, 0x0b, 0x01, 0x02,
  0x03, 0x02, 0x3e, 0x01, 0x01, 0x00, 0x00, 0x0e, 0x3f, 0x00, 0x03, 0x03,
  0x02, 0x50, 0x00, 0x02, 0x02, 0x16, 0x02, 0x40, 0x23, 0x24, 0x12, 0x10,
  0x04, 0x10, 0x2b, 0x13, 0x33, 0x01, 0x01, 0x33, 0x00, 0x07, 0x06, 0x06,
  0x23, 0x22, 0x27, 0x27, 0x16, 0x33, 0x32, 0x36, 0x37, 0x36, 0x37, 0x03,
  0xb1, 0x01, 0x5a, 0x01, 0x34, 0xb1, 0xfe, 0x44, 0x0f, 0x45, 0xc4, 0xa0,
  0x30, 0x35, 0x0a, 0x38, 0x1c, 0x71, 0x75, 0x2e, 0x29, 0x14, 0x04, 0x49,
  0xfc, 0x6f, 0x03, 0x91, 0xfb, 0x3a, 0x26, 0xad, 0xa1, 0x08, 0x8e, 0x04,
  0x53, 0x72, 0x69, 0x39, 0x00, 0x01, 0x00, 0x53, 0x00, 0x00, 0x03, 0x51,
  0x04, 0x49, 0x00, 0x09, 0x00, 0x29, 0x40, 0x26, 0x02, 0x01, 0x00, 0x03,
  0x01, 0x3e, 0x07, 0x01, 0x01, 0x01, 0x3d, 0x00, 0x01, 0x01, 0x02, 0x4d,
  0x00, 0x02, 0x02, 0x0e, 0x3f, 0x00, 0x03, 0x03, 0x00, 0x4d, 0x00, 0x00,
  0x00, 0x0c, 0x00, 0x40, 0x12, 0x11, 0x12, 0x10, 0x04, 0x10, 0x2b, 0x21,
  0x21, 0x35, 0x01, 0x21, 0x35, 0x21, 0x15, 0x01, 0x21, 0x03, 0x51, 0xfd,
  0x02, 0x02, 0x31, 0xfd, 0xde, 0x02, 0xdd, 0xfd, 0xd0, 0x02, 0x42, 0x7e,
  0x03, 0x47, 0x84, 0x84, 0xfc, 0xbf, 0x00, 0x01, 0x00, 0x4b, 0xfe, 0xe7,
  0x02, 0x81, 0x06, 0x03, 0x00, 0x28, 0x00, 0x2b, 0x40, 0x28, 0x25, 0x01,
  0x02, 0x03, 0x01, 0x3e, 0x00, 0x03, 0x00, 0x02, 0x00, 0x03, 0x02, 0x57,
  0x00, 0x00, 0x00, 0x01, 0x00, 0x01, 0x53, 0x00, 0x05, 0x05, 0x04, 0x4f,
  0x00, 0x04, 0x04, 0x0d, 0x05, 0x40, 0x11, 0x1d, 0x11, 0x17, 0x11, 0x12,
  0x06, 0x12, 0x2b, 0x25, 0x14, 0x16, 0x17, 0x15, 0x26, 0x26, 0x35, 0x35,
  0x34, 0x2e, 0x02, 0x23, 0x35, 0x32, 0x3e, 0x08, 0x35, 0x35, 0x34, 0x36,
  0x33, 0x15, 0x06, 0x06, 0x15, 0x11, 0x14, 0x06, 0x07, 0x16, 0x16, 0x15,
  0x01, 0xc6, 0x4e, 0x6d, 0xbb, 0xa5, 0x0f, 0x2c, 0x57, 0x44, 0x20, 0x33,
  0x29, 0x1f, 0x17, 0x10, 0x0b, 0x06, 0x02, 0x01, 0xb3, 0xad, 0x6d, 0x4e,
  0x59, 0x60, 0x5f, 0x5a, 0x54, 0x80, 0x62, 0x01, 0x8a, 0x01, 0xa6, 0xb0,
  0xcf, 0x47, 0x5e, 0x53, 0x27, 0x91, 0x06, 0x0f, 0x0e, 0x1c, 0x16, 0x2a,
  0x1f, 0x37, 0x27, 0x22, 0xf3, 0x9b, 0x9a, 0x8a, 0x01, 0x64, 0x7f, 0xfe,
  0xf7, 0x5b, 0x85, 0x3a, 0x1e, 0x96, 0x61, 0x00, 0x00, 0x01, 0x01, 0x47,
  0xfe, 0x70, 0x01, 0xd8, 0x06, 0x2b, 0x00, 0x03, 0x00, 0x2c, 0x4b, 0xb0,
  0x15, 0x50, 0x58, 0x40, 0x0b, 0x00, 0x01, 0x01, 0x00, 0x4d, 0x00, 0x00,
  0x00, 0x0d, 0x01, 0x40, 0x1b, 0x40, 0x10, 0x00, 0x00, 0x01, 0x01, 0x00,
  0x49, 0x00, 0x00, 0x00, 0x01, 0x4d, 0x00, 0x01, 0x00, 0x01, 0x41, 0x59,
  0xb3, 0x11, 0x10, 0x02, 0x0e, 0x2b, 0x01, 0x33, 0x11, 0x23, 0x01, 0x47,
  0x91, 0x91, 0x06, 0x2b, 0xf8, 0x45, 0x00, 0x01, 0x00, 0x5f, 0xfe, 0xe7,
  0x02, 0x96, 0x06, 0x03, 0x00, 0x23, 0x00, 0x2b, 0x40, 0x28, 0x00, 0x01,
  0x03, 0x02, 0x01, 0x3e, 0x00, 0x02, 0x00, 0x03, 0x05, 0x02, 0x03, 0x57,
  0x00, 0x05, 0x00, 0x04, 0x05, 0x04, 0x53, 0x00, 0x00, 0x00, 0x01, 0x4f,
  0x00, 0x01, 0x01, 0x0d, 0x00, 0x40, 0x11, 0x17, 0x11, 0x18, 0x11, 0x16,
  0x06, 0x12, 0x2b, 0x01, 0x26, 0x26, 0x35, 0x11, 0x34, 0x26, 0x27, 0x35,
  0x32, 0x16, 0x15, 0x15, 0x14, 0x1e, 0x03, 0x17, 0x15, 0x22, 0x0e, 0x03,
  0x15, 0x15, 0x10, 0x05, 0x35, 0x36, 0x36, 0x35, 0x11, 0x34, 0x36, 0x01,
  0xd2, 0x5f, 0x59, 0x4f, 0x6c, 0xb8, 0xa8, 0x08, 0x19, 0x2e, 0x4f, 0x39,
  0x37, 0x4e, 0x2f, 0x1a, 0x09, 0xfe, 0xa0, 0x6c, 0x4f, 0x4e, 0x02, 0x78,
  0x1e, 0x95, 0x61, 0x01, 0x09, 0x7e, 0x65, 0x01, 0x8a, 0xa8, 0xb0, 0xd0,
  0x3a, 0x4d, 0x4d, 0x2d, 0x1c, 0x01, 0x91, 0x1c, 0x2e, 0x4d, 0x50, 0x38,
  0xf2, 0xfe, 0xce, 0x02, 0x8a, 0x01, 0x62, 0x80, 0x01, 0x09, 0x5f, 0x75,
  0x00, 0x01, 0x00, 0x78, 0x01, 0xf7, 0x04, 0x71, 0x03, 0x2f, 0x00, 0x1f,
  0x00, 0x3c, 0x40, 0x39, 0x17, 0x01, 0x00, 0x01, 0x04, 0x01, 0x03, 0x02,
  0x02, 0x3e, 0x16, 0x01, 0x01, 0x3c, 0x03, 0x01, 0x03, 0x3b, 0x00, 0x01,
  0x04, 0x01, 0x00, 0x02, 0x01, 0x00, 0x57, 0x00, 0x02, 0x03, 0x03, 0x02,
  0x4b, 0x00, 0x02, 0x02, 0x03, 0x4f, 0x00, 0x03, 0x02, 0x03, 0x43, 0x01,
  0x00, 0x1b, 0x19, 0x14, 0x12, 0x08, 0x06, 0x00, 0x1f, 0x01, 0x1f, 0x05,
  0x0c, 0x2b, 0x01, 0x22, 0x06, 0x07, 0x27, 0x36, 0x36, 0x33, 0x32, 0x16,
  0x17, 0x1e, 0x07, 0x33, 0x32, 0x36, 0x37, 0x17, 0x06, 0x06, 0x23, 0x22,
  0x27, 0x2e, 0x02, 0x01, 0x83, 0x40, 0x72, 0x25, 0x34, 0x26, 0x89, 0x60,
  0x3a, 0x6c, 0x51, 0x09, 0x33, 0x13, 0x2a, 0x15, 0x22, 0x16, 0x1a, 0x0b,
  0x3b, 0x70, 0x25, 0x38, 0x27, 0x88, 0x5e, 0x59, 0x92, 0x41, 0x3e, 0x55,
  0x02, 0x97, 0x5a, 0x46, 0x69, 0x59, 0x6d, 0x1f, 0x24, 0x04, 0x16, 0x09,
  0x11, 0x08, 0x0b, 0x05, 0x04, 0x58, 0x44, 0x60, 0x5f, 0x6b, 0x42, 0x1e,
  0x1a, 0x18, 0xff, 0xff, 0x00, 0xa0, 0xfe, 0xe7, 0x01, 0xaa, 0x04, 0xcb,
  0x11, 0x0f, 0x00, 0x04, 0x02, 0x4a, 0x04, 0xbf, 0xc0, 0x00, 0x00, 0x09,
  0xb1, 0x00, 0x02, 0xb8, 0x04, 0xbf, 0xb0, 0x27, 0x2b, 0x00, 0x00, 0x02,
  0x00, 0x46, 0x00, 0x01, 0x03, 0x81, 0x05, 0xd8, 0x00, 0x19, 0x00, 0x20,
  0x00, 0x2e, 0x40, 0x2b, 0x19, 0x01, 0x01, 0x00, 0x1b, 0x1a, 0x10, 0x0d,
  0x0b, 0x0a, 0x08, 0x07, 0x05, 0x04, 0x0a, 0x02, 0x01, 0x02, 0x3e, 0x00,
  0x01, 0x00, 0x02, 0x00, 0x01, 0x02, 0x64, 0x00, 0x00, 0x00, 0x0b, 0x3f,
  0x00, 0x02, 0x02, 0x0c, 0x02, 0x40, 0x1b, 0x11, 0x10, 0x03, 0x0f, 0x2b,
  0x01, 0x33, 0x15, 0x16, 0x17, 0x07, 0x26, 0x27, 0x11, 0x36, 0x37, 0x17,
  0x06, 0x07, 0x15, 0x23, 0x35, 0x2e, 0x02, 0x35, 0x3e, 0x03, 0x37, 0x11,
  0x11, 0x06, 0x06, 0x15, 0x14, 0x16, 0x02, 0x23, 0x5f, 0xa7, 0x57, 0x2a,
  0x5f, 0x75, 0x71, 0x64, 0x2a, 0x5e, 0xa1, 0x5f, 0x95, 0xdc, 0x6c, 0x01,
  0x42, 0x78, 0xb6, 0x6c, 0x86, 0xac, 0xa7, 0x05, 0xd8, 0xb6, 0x0b, 0x52,
  0x77, 0x40, 0x0a, 0xfc, 0x9b, 0x0b, 0x46, 0x78, 0x56, 0x0c, 0xa9, 0xa9,
  0x0d, 0xa4, 0xf8, 0x93, 0x6c, 0xc6, 0x9c, 0x65, 0x09, 0xfc, 0x14, 0x03,
  0x60, 0x14, 0xf4, 0xad, 0xab, 0xea, 0x00, 0x01, 0x00, 0x53, 0x00, 0x00,
  0x04, 0x2c, 0x05, 0xdf, 0x00, 0x25, 0x00, 0x47, 0x40, 0x44, 0x02, 0x01,
  0x01, 0x00, 0x03, 0x01, 0x02, 0x01, 0x16, 0x01, 0x05, 0x04, 0x03, 0x3e,
  0x07, 0x01, 0x02, 0x06, 0x01, 0x03, 0x04, 0x02, 0x03, 0x55, 0x00, 0x01,
  0x01, 0x00, 0x4f, 0x08, 0x01, 0x00, 0x00, 0x11, 0x3f, 0x00, 0x04, 0x04,
  0x05, 0x4d, 0x00, 0x05, 0x05, 0x0c, 0x05, 0x40, 0x01, 0x00, 0x1d, 0x1c,
  0x1b, 0x1a, 0x15, 0x14, 0x13, 0x10, 0x0c, 0x0b, 0x0a, 0x09, 0x06, 0x04,
  0x00, 0x25, 0x01, 0x25, 0x09, 0x0c, 0x2b, 0x01, 0x32, 0x17, 0x07, 0x26,
  0x23, 0x22, 0x06, 0x15, 0x15, 0x21, 0x15, 0x21, 0x15, 0x14, 0x06, 0x07,
  0x36, 0x33, 0x21, 0x15, 0x21, 0x27, 0x36, 0x36, 0x35, 0x35, 0x23, 0x35,
  0x33, 0x35, 0x34, 0x3e, 0x05, 0x02, 0xb8, 0xcb, 0x9a, 0x4e, 0x89, 0x8d,
  0x8b, 0x75, 0x01, 0x9a, 0xfe, 0x66, 0x31, 0x49, 0x52, 0x0c, 0x02, 0x8f,
  0xfc, 0x34, 0x0b, 0x63, 0x55, 0xba, 0xba, 0x0a, 0x19, 0x29, 0x42, 0x58,
  0x7a, 0x05, 0xdf, 0x82, 0x78, 0x68, 0xbb, 0xb1, 0xb2, 0x86, 0xa2, 0x89,
  0xad, 0x38, 0x05, 0x9e, 0x8b, 0x25, 0x96, 0x7b, 0xe8, 0x86, 0x60, 0x46,
  0x78, 0x7b, 0x62, 0x58, 0x3b, 0x22, 0x00, 0x02, 0x00, 0x37, 0x00, 0xe8,
  0x04, 0x47, 0x04, 0xd0, 0x00, 0x08, 0x00, 0x24, 0x00, 0x60, 0x40, 0x21,
  0x12, 0x0e, 0x02, 0x01, 0x02, 0x23, 0x19, 0x15, 0x0b, 0x04, 0x00, 0x01,
  0x20, 0x1c, 0x02, 0x03, 0x00, 0x03, 0x3e, 0x14, 0x13, 0x0d, 0x0c, 0x04,
  0x02, 0x3c, 0x22, 0x21, 0x1b, 0x1a, 0x04, 0x03, 0x3b, 0x4b, 0xb0, 0x22,
  0x50, 0x58, 0x40, 0x12, 0x00, 0x00, 0x00, 0x03, 0x00, 0x03, 0x53, 0x00,
  0x01, 0x01, 0x02, 0x4f, 0x00, 0x02, 0x02, 0x14, 0x01, 0x40, 0x1b, 0x40,
  0x18, 0x00, 0x02, 0x00, 0x01, 0x00, 0x02, 0x01, 0x57, 0x00, 0x00, 0x03,
  0x03, 0x00, 0x4b, 0x00, 0x00, 0x00, 0x03, 0x4f, 0x00, 0x03, 0x00, 0x03,
  0x43, 0x59, 0xb5, 0x2c, 0x27, 0x13, 0x22, 0x04, 0x10, 0x2b, 0x00, 0x10,
  0x16, 0x33, 0x32, 0x36, 0x10, 0x26, 0x20, 0x01, 0x34, 0x37, 0x27, 0x37,
  0x17, 0x36, 0x33, 0x32, 0x17, 0x37, 0x17, 0x07, 0x16, 0x15, 0x14, 0x07,
  0x17, 0x07, 0x27, 0x06, 0x23, 0x22, 0x27, 0x07, 0x27, 0x37, 0x26, 0x01,
  0x0b, 0xb5, 0x80, 0x81, 0xb5, 0xb6, 0xff, 0x00, 0xfe, 0xde, 0x53, 0xba,
  0x4a, 0xb8, 0x71, 0x96, 0x94, 0x72, 0xbb, 0x46, 0xb8, 0x53, 0x52, 0xb6,
  0x45, 0xbb, 0x73, 0x93, 0x97, 0x70, 0xb8, 0x49, 0xb9, 0x53, 0x03, 0x5c,
  0xff, 0x00, 0xb5, 0xb5, 0x01, 0x00, 0xb6, 0xfe, 0xca, 0x87, 0x72, 0xb3,
  0x48, 0xaf, 0x5d, 0x5e, 0xb0, 0x4a, 0xb1, 0x75, 0x84, 0x8c, 0x6e, 0xb0,
  0x4a, 0xb0, 0x5d, 0x5d, 0xaf, 0x48, 0xb1, 0x71, 0x00, 0x01, 0x00, 0x19,
  0x00, 0x00, 0x04, 0x54, 0x05, 0xc7, 0x00, 0x16, 0x00, 0x38, 0x40, 0x35,
  0x00, 0x01, 0x01, 0x00, 0x01, 0x3e, 0x09, 0x01, 0x01, 0x08, 0x01, 0x02,
  0x03, 0x01, 0x02, 0x56, 0x07, 0x01, 0x03, 0x06, 0x01, 0x04, 0x05, 0x03,
  0x04, 0x55, 0x0a, 0x01, 0x00, 0x00, 0x0b, 0x3f, 0x00, 0x05, 0x05, 0x0c,
  0x05, 0x40, 0x16, 0x15, 0x14, 0x13, 0x11, 0x11, 0x11, 0x11, 0x11, 0x11,
  0x11, 0x11, 0x11, 0x0b, 0x15, 0x2b, 0x01, 0x01, 0x33, 0x01, 0x21, 0x15,
  0x21, 0x15, 0x21, 0x15, 0x21, 0x11, 0x23, 0x11, 0x21, 0x35, 0x21, 0x35,
  0x21, 0x35, 0x21, 0x01, 0x33, 0x02, 0x37, 0x01, 0x71, 0xac, 0xfe, 0x59,
  0x01, 0x32, 0xfe, 0xa6, 0x01, 0x5b, 0xfe, 0xa5, 0x9e, 0xfe, 0x9f, 0x01,
  0x61, 0xfe, 0xa0, 0x01, 0x30, 0xfe, 0x62, 0xb2, 0x03, 0x25, 0x02, 0xa2,
  0xfd, 0x12, 0x7c, 0xb6, 0x7c, 0xfe, 0xd5, 0x01, 0x2b, 0x7c, 0xb6, 0x7c,
  0x02, 0xee, 0x00, 0x02, 0x01, 0x42, 0xfe, 0x71, 0x01, 0xd4, 0x06, 0x2b,
  0x00, 0x03, 0x00, 0x07, 0x00, 0x3d, 0x4b, 0xb0, 0x15, 0x50, 0x58, 0x40,
  0x12, 0x00, 0x00, 0x00, 0x01, 0x00, 0x01, 0x51, 0x00, 0x03, 0x03, 0x02,
  0x4d, 0x00, 0x02, 0x02, 0x0d, 0x03, 0x40, 0x1b, 0x40, 0x18, 0x00, 0x02,
  0x00, 0x03, 0x00, 0x02, 0x03, 0x55, 0x00, 0x00, 0x01, 0x01, 0x00, 0x49,
  0x00, 0x00, 0x00, 0x01, 0x4d, 0x00, 0x01, 0x00, 0x01, 0x41, 0x59, 0xb5,
  0x11, 0x11, 0x11, 0x10, 0x04, 0x10, 0x2b, 0x01, 0x33, 0x11, 0x23, 0x11,
  0x33, 0x11, 0x23, 0x01, 0x42, 0x92, 0x92, 0x92, 0x92, 0x01, 0x36, 0xfd,
  0x3b, 0x07, 0xba, 0xfd, 0x3d, 0x00, 0x00, 0x02, 0x00, 0x8d, 0xff, 0xe3,
  0x03, 0x6f, 0x06, 0x37, 0x00, 0x32, 0x00, 0x41, 0x00, 0xe6, 0x40, 0x13,
  0x0c, 0x01, 0x01, 0x00, 0x3f, 0x37, 0x24, 0x1c, 0x0f, 0x03, 0x06, 0x03,
  0x01, 0x23, 0x01, 0x02, 0x03, 0x03, 0x3e, 0x4b, 0xb0, 0x0c, 0x50, 0x58,
  0x40, 0x15, 0x00, 0x01, 0x01, 0x00, 0x4f, 0x00, 0x00, 0x00, 0x13, 0x3f,
  0x00, 0x03, 0x03, 0x02, 0x4f, 0x00, 0x02, 0x02, 0x12, 0x02, 0x40, 0x1b,
  0x4b, 0xb0, 0x0e, 0x50, 0x58, 0x40, 0x15, 0x00, 0x01, 0x01, 0x00, 0x4f,
  0x00, 0x00, 0x00, 0x13, 0x3f, 0x00, 0x03, 0x03, 0x02, 0x4f, 0x00, 0x02,
  0x02, 0x15, 0x02, 0x40, 0x1b, 0x4b, 0xb0, 0x10, 0x50, 0x58, 0x40, 0x15,
  0x00, 0x01, 0x01, 0x00, 0x4f, 0x00, 0x00, 0x00, 0x13, 0x3f, 0x00, 0x03,
  0x03, 0x02, 0x4f, 0x00, 0x02, 0x02, 0x12, 0x02, 0x40, 0x1b, 0x4b, 0xb0,
  0x13, 0x50, 0x58, 0x40, 0x15, 0x00, 0x01, 0x01, 0x00, 0x4f, 0x00, 0x00,
  0x00, 0x13, 0x3f, 0x00, 0x03, 0x03, 0x02, 0x4f, 0x00, 0x02, 0x02, 0x15,
  0x02, 0x40, 0x1b, 0x4b, 0xb0, 0x15, 0x50, 0x58, 0x40, 0x15, 0x00, 0x01,
  0x01, 0x00, 0x4f, 0x00, 0x00, 0x00, 0x13, 0x3f, 0x00, 0x03, 0x03, 0x02,
  0x4f, 0x00, 0x02, 0x02, 0x12, 0x02, 0x40, 0x1b, 0x4b, 0xb0, 0x26, 0x50,
  0x58, 0x40, 0x15, 0x00, 0x01, 0x01, 0x00, 0x4f, 0x00, 0x00, 0x00, 0x13,
  0x3f, 0x00, 0x03, 0x03, 0x02, 0x4f, 0x00, 0x02, 0x02, 0x15, 0x02, 0x40,
  0x1b, 0x40, 0x13, 0x00, 0x00, 0x00, 0x01, 0x03, 0x00, 0x01, 0x57, 0x00,
  0x03, 0x03, 0x02, 0x4f, 0x00, 0x02, 0x02, 0x15, 0x02, 0x40, 0x59, 0x59,
  0x59, 0x59, 0x59, 0x59, 0xb5, 0x23, 0x2e, 0x27, 0x18, 0x04, 0x10, 0x2b,
  0x13, 0x34, 0x36, 0x37, 0x26, 0x26, 0x35, 0x34, 0x36, 0x37, 0x36, 0x16,
  0x17, 0x06, 0x06, 0x07, 0x26, 0x23, 0x22, 0x15, 0x14, 0x16, 0x17, 0x16,
  0x16, 0x15, 0x14, 0x06, 0x07, 0x16, 0x15, 0x14, 0x06, 0x23, 0x22, 0x27,
  0x35, 0x16, 0x33, 0x32, 0x36, 0x35, 0x34, 0x2e, 0x04, 0x27, 0x26, 0x26,
  0x37, 0x14, 0x16, 0x17, 0x17, 0x36, 0x35, 0x34, 0x2e, 0x03, 0x27, 0x06,
  0x06, 0x8d, 0x5a, 0x4c, 0x4a, 0x49, 0xb0, 0xa1, 0x62, 0x99, 0x58, 0x05,
  0x11, 0x04, 0x87, 0x81, 0xe4, 0x6b, 0x91, 0xa0, 0x95, 0x57, 0x49, 0x95,
  0xe6, 0xc0, 0xba, 0x73, 0x93, 0x9c, 0x7b, 0x8a, 0x0a, 0x20, 0x1d, 0x45,
  0x33, 0x36, 0xac, 0x97, 0x97, 0x6a, 0x81, 0x39, 0x8f, 0x1f, 0x2b, 0x56,
  0x44, 0x3e, 0x40, 0x51, 0x03, 0x1d, 0x57, 0x87, 0x28, 0x2f, 0x74, 0x55,
  0x7a, 0x8e, 0x0b, 0x09, 0x1a, 0x23, 0x19, 0x5f, 0x19, 0x3d, 0x87, 0x3e,
  0x56, 0x3a, 0x41, 0x91, 0x6a, 0x56, 0x8f, 0x2e, 0x55, 0x97, 0x91, 0xa2,
  0x3b, 0x9b, 0x4c, 0x55, 0x48, 0x18, 0x25, 0x22, 0x17, 0x22, 0x16, 0x16,
  0x42, 0x95, 0x88, 0x46, 0x5a, 0x33, 0x18, 0x57, 0x67, 0x22, 0x3b, 0x28,
  0x2c, 0x1c, 0x16, 0x1c, 0x5e, 0x00, 0x00, 0x02, 0x00, 0x76, 0x04, 0xe6,
  0x02, 0x97, 0x05, 0xba, 0x00, 0x03, 0x00, 0x07, 0x00, 0x16, 0x40, 0x13,
  0x02, 0x01, 0x00, 0x00, 0x01, 0x4d, 0x03, 0x01, 0x01, 0x01, 0x0b, 0x00,
  0x40, 0x11, 0x11, 0x11, 0x10, 0x04, 0x10, 0x2b, 0x01, 0x23, 0x35, 0x33,
  0x05, 0x23, 0x35, 0x33, 0x02, 0x97, 0x9b, 0x9b, 0xfe, 0x79, 0x9a, 0x9a,
  0x04, 0xe6, 0xd4, 0xd4, 0xd4, 0x00, 0x00, 0x03, 0x00, 0x75, 0xff, 0xe6,
  0x06, 0xa5, 0x06, 0x32, 0x00, 0x17, 0x00, 0x2a, 0x00, 0x45, 0x01, 0x37,
  0x40, 0x0f, 0x37, 0x01, 0x06, 0x05, 0x38, 0x2b, 0x02, 0x07, 0x06, 0x2c,
  0x01, 0x04, 0x07, 0x03, 0x3e, 0x4b, 0xb0, 0x0c, 0x50, 0x58, 0x40, 0x26,
  0x00, 0x05, 0x00, 0x06, 0x07, 0x05, 0x06, 0x57, 0x00, 0x07, 0x00, 0x04,
  0x02, 0x07, 0x04, 0x57, 0x00, 0x03, 0x03, 0x01, 0x4f, 0x00, 0x01, 0x01,
  0x13, 0x3f, 0x08, 0x01, 0x02, 0x02, 0x00, 0x4f, 0x00, 0x00, 0x00, 0x12,
  0x00, 0x40, 0x1b, 0x4b, 0xb0, 0x10, 0x50, 0x58, 0x40, 0x26, 0x00, 0x05,
  0x00, 0x06, 0x07, 0x05, 0x06, 0x57, 0x00, 0x07, 0x00, 0x04, 0x02, 0x07,
  0x04, 0x57, 0x00, 0x03, 0x03, 0x01, 0x4f, 0x00, 0x01, 0x01, 0x13, 0x3f,
  0x08, 0x01, 0x02, 0x02, 0x00, 0x4f, 0x00, 0x00, 0x00, 0x15, 0x00, 0x40,
  0x1b, 0x4b, 0xb0, 0x13, 0x50, 0x58, 0x40, 0x26, 0x00, 0x05, 0x00, 0x06,
  0x07, 0x05, 0x06, 0x57, 0x00, 0x07, 0x00, 0x04, 0x02, 0x07, 0x04, 0x57,
  0x00, 0x03, 0x03, 0x01, 0x4f, 0x00, 0x01, 0x01, 0x13, 0x3f, 0x08, 0x01,
  0x02, 0x02, 0x00, 0x4f, 0x00, 0x00, 0x00, 0x12, 0x00, 0x40, 0x1b, 0x4b,
  0xb0, 0x1b, 0x50, 0x58, 0x40, 0x26, 0x00, 0x05, 0x00, 0x06, 0x07, 0x05,
  0x06, 0x57, 0x00, 0x07, 0x00, 0x04, 0x02, 0x07, 0x04, 0x57, 0x00, 0x03,
  0x03, 0x01, 0x4f, 0x00, 0x01, 0x01, 0x13, 0x3f, 0x08, 0x01, 0x02, 0x02,
  0x00, 0x4f, 0x00, 0x00, 0x00, 0x15, 0x00, 0x40, 0x1b, 0x4b, 0xb0, 0x1d,
  0x50, 0x58, 0x40, 0x24, 0x00, 0x01, 0x00, 0x03, 0x05, 0x01, 0x03, 0x57,
  0x00, 0x05, 0x00, 0x06, 0x07, 0x05, 0x06, 0x57, 0x00, 0x07, 0x00, 0x04,
  0x02, 0x07, 0x04, 0x57, 0x08, 0x01, 0x02, 0x02, 0x00, 0x4f, 0x00, 0x00,
  0x00, 0x12, 0x00, 0x40, 0x1b, 0x40, 0x24, 0x00, 0x01, 0x00, 0x03, 0x05,
  0x01, 0x03, 0x57, 0x00, 0x05, 0x00, 0x06, 0x07, 0x05, 0x06, 0x57, 0x00,
  0x07, 0x00, 0x04, 0x02, 0x07, 0x04, 0x57, 0x08, 0x01, 0x02, 0x02, 0x00,
  0x4f, 0x00, 0x00, 0x00, 0x15, 0x00, 0x40, 0x59, 0x59, 0x59, 0x59, 0x59,
  0x40, 0x14, 0x19, 0x18, 0x44, 0x42, 0x3c, 0x3a, 0x36, 0x34, 0x30, 0x2e,
  0x22, 0x20, 0x18, 0x2a, 0x19, 0x2a, 0x2a, 0x25, 0x09, 0x0e, 0x2b, 0x01,
  0x14, 0x02, 0x0e, 0x02, 0x23, 0x22, 0x2e, 0x02, 0x02, 0x35, 0x34, 0x12,
  0x3e, 0x02, 0x33, 0x32, 0x1e, 0x02, 0x12, 0x01, 0x32, 0x24, 0x36, 0x12,
  0x10, 0x02, 0x26, 0x24, 0x23, 0x22, 0x06, 0x06, 0x02, 0x15, 0x14, 0x12,
  0x16, 0x04, 0x01, 0x17, 0x06, 0x06, 0x23, 0x22, 0x00, 0x35, 0x34, 0x00,
  0x33, 0x32, 0x17, 0x07, 0x26, 0x26, 0x23, 0x22, 0x0e, 0x02, 0x15, 0x14,
  0x16, 0x33, 0x32, 0x36, 0x06, 0xa5, 0x57, 0x96, 0xcb, 0xe9, 0x7e, 0x77,
  0xe2, 0xc9, 0x97, 0x58, 0x57, 0x95, 0xc8, 0xe1, 0x77, 0x7e, 0xea, 0xcd,
  0x97, 0x58, 0xfc, 0xe1, 0xa5, 0x01, 0x08, 0xa8, 0x59, 0x5a, 0xaa, 0xfe,
  0xf6, 0xa5, 0x9d, 0xff, 0xa6, 0x59, 0x5a, 0xa6, 0x01, 0x02, 0x01, 0xbf,
  0x27, 0x37, 0xb0, 0x5a, 0xce, 0xfe, 0xf3, 0x01, 0x0c, 0xd9, 0xb3, 0x81,
  0x3c, 0x2d, 0x8c, 0x48, 0x55, 0x85, 0x51, 0x29, 0xb6, 0xb1, 0x44, 0x97,
  0x03, 0x0d, 0x9d, 0xfe, 0xf6, 0xbd, 0x84, 0x3f, 0x3f, 0x85, 0xbb, 0x01,
  0x0b, 0x9d, 0x9c, 0x01, 0x0a, 0xbc, 0x84, 0x3f, 0x40, 0x84, 0xbc, 0xfe,
  0xf7, 0xfc, 0x9a, 0x70, 0xc3, 0x01, 0x00, 0x01, 0x28, 0x01, 0x01, 0xc5,
  0x71, 0x71, 0xc3, 0xff, 0x00, 0x92, 0x95, 0xfe, 0xfd, 0xc3, 0x71, 0x01,
  0x88, 0x6b, 0x23, 0x2f, 0x01, 0x24, 0xdf, 0xe1, 0x01, 0x23, 0x5a, 0x61,
  0x20, 0x24, 0x40, 0x6e, 0x8b, 0x50, 0xb3, 0xdf, 0x2a, 0x00, 0x00, 0x03,
  0x00, 0x80, 0x02, 0x7b, 0x02, 0xa7, 0x06, 0x36, 0x00, 0x03, 0x00, 0x12,
  0x00, 0x2f, 0x00, 0xa6, 0x4b, 0xb0, 0x19, 0x50, 0x58, 0x40, 0x0f, 0x24,
  0x23, 0x02, 0x04, 0x05, 0x08, 0x01, 0x02, 0x04, 0x2e, 0x01, 0x03, 0x02,
  0x03, 0x3e, 0x1b, 0x40, 0x0f, 0x24, 0x23, 0x02, 0x04, 0x05, 0x08, 0x01,
  0x02, 0x04, 0x2e, 0x01, 0x07, 0x02, 0x03, 0x3e, 0x59, 0x4b, 0xb0, 0x19,
  0x50, 0x58, 0x40, 0x25, 0x00, 0x04, 0x05, 0x02, 0x05, 0x04, 0x02, 0x64,
  0x08, 0x01, 0x02, 0x07, 0x09, 0x02, 0x03, 0x00, 0x02, 0x03, 0x57, 0x00,
  0x00, 0x00, 0x01, 0x00, 0x01, 0x52, 0x00, 0x05, 0x05, 0x06, 0x4f, 0x00,
  0x06, 0x06, 0x13, 0x05, 0x40, 0x1b, 0x40, 0x32, 0x00, 0x04, 0x05, 0x02,
  0x05, 0x04, 0x02, 0x64, 0x00, 0x07, 0x02, 0x03, 0x02, 0x07, 0x03, 0x64,
  0x00, 0x06, 0x00, 0x05, 0x04, 0x06, 0x05, 0x57, 0x08, 0x01, 0x02, 0x09,
  0x01, 0x03, 0x00, 0x02, 0x03, 0x57, 0x00, 0x00, 0x01, 0x01, 0x00, 0x49,
  0x00, 0x00, 0x00, 0x01, 0x4e, 0x00, 0x01, 0x00, 0x01, 0x42, 0x59, 0x40,
  0x18, 0x14, 0x13, 0x05, 0x04, 0x2d, 0x2c, 0x27, 0x25, 0x21, 0x1f, 0x1c,
  0x1b, 0x13, 0x2f, 0x14, 0x2f, 0x04, 0x12, 0x05, 0x12, 0x11, 0x10, 0x0a,
  0x0e, 0x2b, 0x13, 0x21, 0x15, 0x21, 0x13, 0x32, 0x36, 0x37, 0x35, 0x0e,
  0x07, 0x15, 0x14, 0x17, 0x22, 0x26, 0x35, 0x34, 0x3e, 0x03, 0x37, 0x35,
  0x26, 0x26, 0x23, 0x22, 0x06, 0x07, 0x27, 0x36, 0x33, 0x32, 0x16, 0x15,
  0x03, 0x14, 0x17, 0x23, 0x27, 0x06, 0x86, 0x02, 0x21, 0xfd, 0xdf, 0xeb,
  0x54, 0x56, 0x04, 0x0f, 0x41, 0x26, 0x3b, 0x24, 0x2b, 0x18, 0x10, 0x67,
  0x61, 0x7d, 0x2b, 0x43, 0x73, 0x6e, 0x50, 0x02, 0x38, 0x48, 0x44, 0x62,
  0x31, 0x3d, 0x61, 0xb9, 0x6a, 0x87, 0x02, 0x06, 0x76, 0x03, 0x43, 0x02,
  0xe5, 0x6a, 0x01, 0x2e, 0x83, 0x64, 0x1b, 0x02, 0x05, 0x04, 0x09, 0x0c,
  0x16, 0x1b, 0x29, 0x19, 0x6f, 0x6f, 0x7b, 0x65, 0x38, 0x52, 0x31, 0x21,
  0x0e, 0x05, 0x12, 0x5a, 0x4c, 0x21, 0x37, 0x4e, 0x7f, 0x80, 0x84, 0xfe,
  0xa4, 0x1a, 0x6d, 0x4f, 0x64, 0x00, 0x00, 0x02, 0x00, 0x64, 0x00, 0x95,
  0x03, 0x85, 0x03, 0xca, 0x00, 0x06, 0x00, 0x0f, 0x00, 0x08, 0xb5, 0x0c,
  0x07, 0x03, 0x00, 0x02, 0x24, 0x2b, 0x25, 0x01, 0x27, 0x01, 0x17, 0x01,
  0x01, 0x17, 0x26, 0x26, 0x27, 0x27, 0x01, 0x17, 0x01, 0x01, 0x01, 0x86,
  0xfe, 0xf2, 0x14, 0x01, 0x25, 0x8f, 0xfe, 0xee, 0x01, 0x0d, 0xf0, 0x29,
  0x97, 0x37, 0x37, 0x01, 0x30, 0x80, 0xfe, 0xfd, 0x01, 0x00, 0x95, 0x01,
  0x73, 0x2f, 0x01, 0x93, 0x23, 0xfe, 0x8a, 0xfe, 0x88, 0x24, 0x37, 0xd1,
  0x4d, 0x4d, 0x01, 0x93, 0x23, 0xfe, 0x8a, 0xfe, 0x88, 0x00, 0x00, 0x01,
  0x00, 0x6d, 0x01, 0x04, 0x04, 0x4c, 0x03, 0x39, 0x00, 0x05, 0x00, 0x24,
  0x40, 0x21, 0x00, 0x00, 0x01, 0x00, 0x67, 0x03, 0x01, 0x02, 0x01, 0x01,
  0x02, 0x49, 0x03, 0x01, 0x02, 0x02, 0x01, 0x4d, 0x00, 0x01, 0x02, 0x01,
  0x41, 0x00, 0x00, 0x00, 0x05, 0x00, 0x05, 0x11, 0x11, 0x04, 0x0e, 0x2b,
  0x01, 0x11, 0x23, 0x11, 0x21, 0x35, 0x04, 0x4c, 0x87, 0xfc, 0xa8, 0x03,
  0x39, 0xfd, 0xcb, 0x01, 0xa5, 0x90, 0x00, 0x01, 0x00, 0x6c, 0x00, 0xec,
  0x03, 0x4b, 0x01, 0x82, 0x00, 0x03, 0x00, 0x1d, 0x40, 0x1a, 0x00, 0x00,
  0x01, 0x01, 0x00, 0x49, 0x00, 0x00, 0x00, 0x01, 0x4d, 0x02, 0x01, 0x01,
  0x00, 0x01, 0x41, 0x00, 0x00, 0x00, 0x03, 0x00, 0x03, 0x11, 0x03, 0x0d,
  0x2b, 0x37, 0x35, 0x21, 0x15, 0x6c, 0x02, 0xdf, 0xec, 0x96, 0x96, 0x00,
  0x00, 0x04, 0x00, 0x75, 0xff, 0xe6, 0x06, 0xa5, 0x06, 0x32, 0x00, 0x17,
  0x00, 0x2a, 0x00, 0x33, 0x00, 0x48, 0x01, 0x71, 0xb5, 0x3e, 0x01, 0x06,
  0x04, 0x01, 0x3e, 0x4b, 0xb0, 0x0c, 0x50, 0x58, 0x40, 0x30, 0x09, 0x01,
  0x07, 0x06, 0x02, 0x06, 0x07, 0x02, 0x64, 0x00, 0x08, 0x00, 0x05, 0x04,
  0x08, 0x05, 0x57, 0x0b, 0x01, 0x04, 0x00, 0x06, 0x07, 0x04, 0x06, 0x55,
  0x00, 0x03, 0x03, 0x01, 0x4f, 0x00, 0x01, 0x01, 0x13, 0x3f, 0x0a, 0x01,
  0x02, 0x02, 0x00, 0x4f, 0x00, 0x00, 0x00, 0x12, 0x00, 0x40, 0x1b, 0x4b,
  0xb0, 0x10, 0x50, 0x58, 0x40, 0x30, 0x09, 0x01, 0x07, 0x06, 0x02, 0x06,
  0x07, 0x02, 0x64, 0x00, 0x08, 0x00, 0x05, 0x04, 0x08, 0x05, 0x57, 0x0b,
  0x01, 0x04, 0x00, 0x06, 0x07, 0x04, 0x06, 0x55, 0x00, 0x03, 0x03, 0x01,
  0x4f, 0x00, 0x01, 0x01, 0x13, 0x3f, 0x0a, 0x01, 0x02, 0x02, 0x00, 0x4f,
  0x00, 0x00, 0x00, 0x15, 0x00, 0x40, 0x1b, 0x4b, 0xb0, 0x13, 0x50, 0x58,
  0x40, 0x30, 0x09, 0x01, 0x07, 0x06, 0x02, 0x06, 0x07, 0x02, 0x64, 0x00,
  0x08, 0x00, 0x05, 0x04, 0x08, 0x05, 0x57, 0x0b, 0x01, 0x04, 0x00, 0x06,
  0x07, 0x04, 0x06, 0x55, 0x00, 0x03, 0x03, 0x01, 0x4f, 0x00, 0x01, 0x01,
  0x13, 0x3f, 0x0a, 0x01, 0x02, 0x02, 0x00, 0x4f, 0x00, 0x00, 0x00, 0x12,
  0x00, 0x40, 0x1b, 0x4b, 0xb0, 0x1b, 0x50, 0x58, 0x40, 0x30, 0x09, 0x01,
  0x07, 0x06, 0x02, 0x06, 0x07, 0x02, 0x64, 0x00, 0x08, 0x00, 0x05, 0x04,
  0x08, 0x05, 0x57, 0x0b, 0x01, 0x04, 0x00, 0x06, 0x07, 0x04, 0x06, 0x55,
  0x00, 0x03, 0x03, 0x01, 0x4f, 0x00, 0x01, 0x01, 0x13, 0x3f, 0x0a, 0x01,
  0x02, 0x02, 0x00, 0x4f, 0x00, 0x00, 0x00, 0x15, 0x00, 0x40, 0x1b, 0x4b,
  0xb0, 0x1d, 0x50, 0x58, 0x40, 0x2e, 0x09, 0x01, 0x07, 0x06, 0x02, 0x06,
  0x07, 0x02, 0x64, 0x00, 0x01, 0x00, 0x03, 0x08, 0x01, 0x03, 0x57, 0x00,
  0x08, 0x00, 0x05, 0x04, 0x08, 0x05, 0x57, 0x0b, 0x01, 0x04, 0x00, 0x06,
  0x07, 0x04, 0x06, 0x55, 0x0a, 0x01, 0x02, 0x02, 0x00, 0x4f, 0x00, 0x00,
  0x00, 0x12, 0x00, 0x40, 0x1b, 0x40, 0x2e, 0x09, 0x01, 0x07, 0x06, 0x02,
  0x06, 0x07, 0x02, 0x64, 0x00, 0x01, 0x00, 0x03, 0x08, 0x01, 0x03, 0x57,
  0x00, 0x08, 0x00, 0x05, 0x04, 0x08, 0x05, 0x57, 0x0b, 0x01, 0x04, 0x00,
  0x06, 0x07, 0x04, 0x06, 0x55, 0x0a, 0x01, 0x02, 0x02, 0x00, 0x4f, 0x00,
  0x00, 0x00, 0x15, 0x00, 0x40, 0x59, 0x59, 0x59, 0x59, 0x59, 0x40, 0x1c,
  0x2c, 0x2b, 0x19, 0x18, 0x44, 0x43, 0x3a, 0x38, 0x37, 0x36, 0x35, 0x34,
  0x32, 0x30, 0x2b, 0x33, 0x2c, 0x33, 0x22, 0x20, 0x18, 0x2a, 0x19, 0x2a,
  0x2a, 0x25, 0x0c, 0x0e, 0x2b, 0x01, 0x14, 0x02, 0x0e, 0x02, 0x23, 0x22,
  0x2e, 0x02, 0x02, 0x35, 0x34, 0x12, 0x3e, 0x02, 0x33, 0x32, 0x1e, 0x02,
  0x12, 0x01, 0x32, 0x24, 0x36, 0x12, 0x10, 0x02, 0x26, 0x24, 0x23, 0x22,
  0x06, 0x06, 0x02, 0x15, 0x14, 0x12, 0x16, 0x04, 0x13, 0x32, 0x36, 0x35,
  0x34, 0x26, 0x23, 0x23, 0x11, 0x17, 0x23, 0x11, 0x23, 0x11, 0x21, 0x20,
  0x11, 0x14, 0x06, 0x07, 0x1e, 0x03, 0x17, 0x23, 0x27, 0x2e, 0x02, 0x06,
  0xa5, 0x57, 0x96, 0xcb, 0xe9, 0x7e, 0x77, 0xe2, 0xc9, 0x97, 0x58, 0x57,
  0x95, 0xc8, 0xe1, 0x77, 0x7e, 0xea, 0xcd, 0x97, 0x58, 0xfc, 0xe1, 0xa5,
  0x01, 0x08, 0xa8, 0x59, 0x5a, 0xaa, 0xfe, 0xf6, 0xa5, 0x9d, 0xff, 0xa6,
  0x59, 0x5a, 0xa6, 0x01, 0x02, 0x71, 0x94, 0x88, 0x7f, 0xa7, 0x74, 0xb7,
  0xb7, 0x84, 0x01, 0x02, 0x01, 0xbb, 0x7a, 0x8a, 0x21, 0x40, 0x30, 0x5e,
  0x29, 0x95, 0x7d, 0x20, 0x20, 0x2e, 0x03, 0x0d, 0x9d, 0xfe, 0xf6, 0xbd,
  0x84, 0x3f, 0x3f, 0x85, 0xbb, 0x01, 0x0b, 0x9d, 0x9c, 0x01, 0x0a, 0xbc,
  0x84, 0x3f, 0x40, 0x84, 0xbc, 0xfe, 0xf7, 0xfc, 0x9a, 0x70, 0xc3, 0x01,
  0x00, 0x01, 0x28, 0x01, 0x01, 0xc5, 0x71, 0x71, 0xc3, 0xff, 0x00, 0x92,
  0x95, 0xfe, 0xfd, 0xc3, 0x71, 0x03, 0x08, 0x41, 0x5b, 0x5e, 0x38, 0xfe,
  0xce, 0x7f, 0xfe, 0x61, 0x03, 0xd0, 0xfe, 0xf2, 0x6c, 0x93, 0x11, 0x1a,
  0x57, 0x55, 0xa9, 0x43, 0xe0, 0x3b, 0x36, 0x3d, 0x00, 0x01, 0x00, 0xb0,
  0x05, 0xdf, 0x03, 0x76, 0x06, 0x59, 0x00, 0x03, 0x00, 0x1e, 0x40, 0x1b,
  0x02, 0x01, 0x01, 0x00, 0x00, 0x01, 0x49, 0x02, 0x01, 0x01, 0x01, 0x00,
  0x4d, 0x00, 0x00, 0x01, 0x00, 0x41, 0x00, 0x00, 0x00, 0x03, 0x00, 0x03,
  0x11, 0x03, 0x0d, 0x2b, 0x01, 0x15, 0x21, 0x35, 0x03, 0x76, 0xfd, 0x3a,
  0x06, 0x59, 0x7a, 0x7a, 0x00, 0x02, 0x00, 0x70, 0x03, 0x79, 0x02, 0xdf,
  0x05, 0xef, 0x00, 0x08, 0x00, 0x12, 0x00, 0x1b, 0x40, 0x18, 0x00, 0x00,
  0x00, 0x03, 0x00, 0x03, 0x53, 0x00, 0x01, 0x01, 0x02, 0x4f, 0x00, 0x02,
  0x02, 0x11, 0x01, 0x40, 0x24, 0x13, 0x23, 0x12, 0x04, 0x10, 0x2b, 0x12,
  0x14, 0x16, 0x32, 0x36, 0x34, 0x26, 0x23, 0x22, 0x02, 0x10, 0x36, 0x20,
  0x16, 0x15, 0x14, 0x06, 0x23, 0x22, 0xeb, 0x6f, 0x9c, 0x6f, 0x6f, 0x4e,
  0x4d, 0xeb, 0xb7, 0x01, 0x00, 0xb8, 0xb6, 0x82, 0x80, 0x05, 0x06, 0xa2,
  0x72, 0x72, 0xa2, 0x71, 0xfe, 0xbc, 0x01, 0x04, 0xb8, 0xb8, 0x82, 0x80,
  0xbc, 0x00, 0x00, 0x02, 0x00, 0x76, 0x00, 0x00, 0x04, 0x40, 0x04, 0xb6,
  0x00, 0x03, 0x00, 0x0f, 0x00, 0x36, 0x40, 0x33, 0x06, 0x01, 0x02, 0x05,
  0x01, 0x03, 0x04, 0x02, 0x03, 0x55, 0x00, 0x07, 0x00, 0x04, 0x00, 0x07,
  0x04, 0x55, 0x00, 0x00, 0x00, 0x01, 0x4d, 0x08, 0x01, 0x01, 0x01, 0x0c,
  0x01, 0x40, 0x00, 0x00, 0x0f, 0x0e, 0x0d, 0x0c, 0x0b, 0x0a, 0x09, 0x08,
  0x07, 0x06, 0x05, 0x04, 0x00, 0x03, 0x00, 0x03, 0x11, 0x09, 0x0d, 0x2b,
  0x33, 0x35, 0x21, 0x15, 0x01, 0x21, 0x15, 0x21, 0x11, 0x23, 0x11, 0x21,
  0x35, 0x21, 0x11, 0x33, 0x76, 0x03, 0xca, 0xfe, 0x5c, 0x01, 0xa2, 0xfe,
  0x60, 0x89, 0xfe, 0x61, 0x01, 0x9e, 0x88, 0x8f, 0x8f, 0x03, 0x16, 0x8f,
  0xfe, 0x62, 0x01, 0x9e, 0x8f, 0x01, 0xa0, 0x00, 0x00, 0x01, 0x00, 0x86,
  0x02, 0x8a, 0x02, 0x69, 0x06, 0x0f, 0x00, 0x1c, 0x00, 0x26, 0x40, 0x23,
  0x0f, 0x0e, 0x02, 0x03, 0x01, 0x02, 0x01, 0x00, 0x03, 0x02, 0x3e, 0x00,
  0x03, 0x00, 0x00, 0x03, 0x00, 0x51, 0x00, 0x01, 0x01, 0x02, 0x4f, 0x00,
  0x02, 0x02, 0x13, 0x01, 0x40, 0x18, 0x24, 0x2a, 0x10, 0x04, 0x10, 0x2b,
  0x01, 0x21, 0x35, 0x3e, 0x05, 0x35, 0x34, 0x26, 0x23, 0x22, 0x07, 0x27,
  0x36, 0x36, 0x33, 0x32, 0x16, 0x15, 0x14, 0x0e, 0x03, 0x07, 0x21, 0x02,
  0x67, 0xfe, 0x1f, 0x4b, 0x3a, 0x70, 0x2d, 0x3b, 0x15, 0x42, 0x3a, 0x6b,
  0x38, 0x4a, 0x1e, 0x81, 0x55, 0x64, 0x82, 0x23, 0x32, 0x5d, 0x4e, 0x40,
  0x01, 0x3e, 0x02, 0x8a, 0x77, 0x55, 0x41, 0x85, 0x40, 0x5c, 0x42, 0x1d,
  0x37, 0x42, 0x8e, 0x55, 0x57, 0x61, 0x88, 0x6e, 0x35, 0x6e, 0x5d, 0x76,
  0x56, 0x43, 0x00, 0x01, 0x00, 0x84, 0x02, 0x77, 0x02, 0x65, 0x06, 0x11,
  0x00, 0x22, 0x00, 0x46, 0x40, 0x43, 0x03, 0x01, 0x00, 0x01, 0x02, 0x01,
  0x05, 0x00, 0x0b, 0x01, 0x04, 0x05, 0x13, 0x01, 0x03, 0x04, 0x12, 0x01,
  0x02, 0x03, 0x05, 0x3e, 0x00, 0x05, 0x00, 0x04, 0x03, 0x05, 0x04, 0x57,
  0x00, 0x03, 0x00, 0x02, 0x03, 0x02, 0x53, 0x06, 0x01, 0x00, 0x00, 0x01,
  0x4f, 0x00, 0x01, 0x01, 0x13, 0x00, 0x40, 0x01, 0x00, 0x1f, 0x1d, 0x1c,
  0x1a, 0x16, 0x14, 0x11, 0x0f, 0x07, 0x05, 0x00, 0x22, 0x01, 0x22, 0x07,
  0x0c, 0x2b, 0x01, 0x22, 0x07, 0x27, 0x36, 0x36, 0x33, 0x32, 0x16, 0x15,
  0x14, 0x07, 0x16, 0x15, 0x14, 0x06, 0x23, 0x22, 0x27, 0x37, 0x16, 0x33,
  0x32, 0x36, 0x35, 0x34, 0x26, 0x23, 0x23, 0x35, 0x33, 0x32, 0x35, 0x34,
  0x26, 0x01, 0x60, 0x52, 0x55, 0x35, 0x2a, 0x76, 0x3e, 0x61, 0x8e, 0x5f,
  0x73, 0x98, 0x6f, 0x83, 0x57, 0x37, 0x4d, 0x52, 0x41, 0x57, 0x61, 0x5d,
  0x30, 0x2c, 0xae, 0x44, 0x05, 0x90, 0x55, 0x67, 0x32, 0x3d, 0x88, 0x70,
  0x83, 0x3e, 0x40, 0x95, 0x79, 0x93, 0x68, 0x67, 0x55, 0x53, 0x43, 0x4c,
  0x43, 0x80, 0x81, 0x3d, 0x3c, 0x00, 0x00, 0x01, 0x00, 0x80, 0x04, 0xe2,
  0x02, 0x37, 0x06, 0x66, 0x00, 0x03, 0x00, 0x16, 0x40, 0x13, 0x02, 0x01,
  0x01, 0x00, 0x01, 0x66, 0x00, 0x00, 0x00, 0x5d, 0x00, 0x00, 0x00, 0x03,
  0x00, 0x03, 0x11, 0x03, 0x0d, 0x2b, 0x01, 0x01, 0x23, 0x13, 0x02, 0x37,
  0xfe, 0xbb, 0x72, 0xba, 0x06, 0x66, 0xfe, 0x7c, 0x01, 0x84, 0x00, 0x01,
  0x00, 0x0d, 0xff, 0x62, 0x03, 0x9f, 0x06, 0x19, 0x00, 0x12, 0x00, 0x2a,
  0x40, 0x27, 0x00, 0x00, 0x02, 0x03, 0x02, 0x00, 0x03, 0x64, 0x06, 0x05,
  0x02, 0x03, 0x03, 0x65, 0x04, 0x01, 0x02, 0x02, 0x01, 0x4f, 0x00, 0x01,
  0x01, 0x13, 0x02, 0x40, 0x00, 0x00, 0x00, 0x12, 0x00, 0x12, 0x11, 0x11,
  0x11, 0x27, 0x11, 0x07, 0x11, 0x2b, 0x05, 0x11, 0x2e, 0x02, 0x35, 0x34,
  0x3e, 0x02, 0x33, 0x21, 0x15, 0x23, 0x11, 0x23, 0x11, 0x23, 0x11, 0x01,
  0x89, 0x6b, 0xb1, 0x60, 0x33, 0x67, 0xb1, 0x75, 0x01, 0xd2, 0x4b, 0x73,
  0xdb, 0x9e, 0x03, 0xed, 0x02, 0x6c, 0xa5, 0x5a, 0x45, 0x79, 0x64, 0x3b,
  0x83, 0xf9, 0xcc, 0x06, 0x34, 0xf9, 0xcc, 0x00, 0x00, 0x01, 0x00, 0x96,
  0x02, 0x31, 0x01, 0x3e, 0x02, 0xf7, 0x00, 0x03, 0x00, 0x1e, 0x40, 0x1b,
  0x02, 0x01, 0x01, 0x00, 0x00, 0x01, 0x49, 0x02, 0x01, 0x01, 0x01, 0x00,
  0x4d, 0x00, 0x00, 0x01, 0x00, 0x41, 0x00, 0x00, 0x00, 0x03, 0x00, 0x03,
  0x11, 0x03, 0x0d, 0x2b, 0x01, 0x15, 0x23, 0x35, 0x01, 0x3e, 0xa8, 0x02,
  0xf7, 0xc6, 0xc6, 0x00, 0x00, 0x01, 0x00, 0x72, 0xfe, 0x66, 0x01, 0x38,
  0x00, 0x10, 0x00, 0x03, 0x00, 0x17, 0x40, 0x14, 0x00, 0x01, 0x00, 0x00,
  0x01, 0x49, 0x00, 0x01, 0x01, 0x00, 0x4d, 0x00, 0x00, 0x01, 0x00, 0x41,
  0x11, 0x10, 0x02, 0x0e, 0x2b, 0x01, 0x23, 0x13, 0x33, 0x01, 0x0c, 0x9a,
  0x70, 0x56, 0xfe, 0x66, 0x01, 0xaa, 0x00, 0x01, 0x00, 0x7a, 0x02, 0x8a,
  0x01, 0xec, 0x06, 0x03, 0x00, 0x0c, 0x00, 0x1f, 0x40, 0x1c, 0x0b, 0x01,
  0x00, 0x03, 0x01, 0x00, 0x01, 0x3e, 0x03, 0x01, 0x01, 0x00, 0x02, 0x01,
  0x02, 0x52, 0x00, 0x00, 0x00, 0x0d, 0x00, 0x40, 0x11, 0x11, 0x11, 0x13,
  0x04, 0x10, 0x2b, 0x13, 0x35, 0x36, 0x37, 0x17, 0x11, 0x33, 0x15, 0x21,
  0x35, 0x33, 0x11, 0x06, 0x7a, 0x5e, 0x37, 0x61, 0x7c, 0xfe, 0x9b, 0x76,
  0x30, 0x05, 0x36, 0x66, 0x30, 0x37, 0x01, 0xfc, 0xe8, 0x60, 0x60, 0x02,
  0x97, 0x20, 0x00, 0x02, 0x00, 0x83, 0x03, 0x3a, 0x03, 0x01, 0x06, 0x36,
  0x00, 0x0b, 0x00, 0x16, 0x00, 0x3d, 0x4b, 0xb0, 0x19, 0x50, 0x58, 0x40,
  0x12, 0x00, 0x00, 0x00, 0x03, 0x00, 0x03, 0x53, 0x00, 0x01, 0x01, 0x02,
  0x4f, 0x00, 0x02, 0x02, 0x13, 0x01, 0x40, 0x1b, 0x40, 0x18, 0x00, 0x02,
  0x00, 0x01, 0x00, 0x02, 0x01, 0x57, 0x00, 0x00, 0x03, 0x03, 0x00, 0x4b,
  0x00, 0x00, 0x00, 0x03, 0x4f, 0x00, 0x03, 0x00, 0x03, 0x43, 0x59, 0xb5,
  0x24, 0x12, 0x24, 0x22, 0x04, 0x10, 0x2b, 0x01, 0x14, 0x16, 0x33, 0x32,
  0x36, 0x35, 0x34, 0x26, 0x23, 0x22, 0x06, 0x12, 0x20, 0x16, 0x15, 0x14,
  0x06, 0x23, 0x22, 0x26, 0x35, 0x34, 0x01, 0x00, 0x66, 0x5f, 0x5a, 0x66,
  0x68, 0x5c, 0x59, 0x68, 0x2f, 0x01, 0x28, 0xaa, 0xa9, 0x93, 0x9a, 0xa8,
  0x04, 0xb7, 0x75, 0x95, 0x97, 0x6f, 0x74, 0x9a, 0x99, 0x01, 0x0e, 0xda,
  0xa7, 0xa4, 0xd7, 0xd7, 0xa9, 0xa4, 0x00, 0x02, 0x00, 0x66, 0x00, 0x95,
  0x03, 0x93, 0x03, 0xca, 0x00, 0x05, 0x00, 0x0b, 0x00, 0x08, 0xb5, 0x0b,
  0x07, 0x05, 0x01, 0x02, 0x24, 0x2b, 0x01, 0x01, 0x27, 0x01, 0x01, 0x37,
  0x01, 0x01, 0x27, 0x01, 0x01, 0x37, 0x02, 0x16, 0xfe, 0xd0, 0x80, 0x01,
  0x03, 0xfe, 0xff, 0x7f, 0x02, 0xac, 0xfe, 0xdb, 0x8b, 0x01, 0x0e, 0xfe,
  0xf7, 0x89, 0x02, 0x2a, 0xfe, 0x6b, 0x24, 0x01, 0x79, 0x01, 0x75, 0x23,
  0xfe, 0x60, 0xfe, 0x6b, 0x24, 0x01, 0x79, 0x01, 0x75, 0x23, 0x00, 0x04,
  0x00, 0x7a, 0x00, 0x00, 0x05, 0xf6, 0x06, 0x0b, 0x00, 0x0c, 0x00, 0x17,
  0x00, 0x1b, 0x00, 0x1f, 0x00, 0x81, 0x40, 0x10, 0x0b, 0x01, 0x00, 0x03,
  0x06, 0x00, 0x1f, 0x01, 0x02, 0x01, 0x11, 0x01, 0x05, 0x07, 0x03, 0x3e,
  0x4b, 0xb0, 0x19, 0x50, 0x58, 0x40, 0x29, 0x03, 0x01, 0x01, 0x00, 0x02,
  0x07, 0x01, 0x02, 0x56, 0x0b, 0x01, 0x07, 0x08, 0x01, 0x05, 0x04, 0x07,
  0x05, 0x55, 0x09, 0x01, 0x00, 0x00, 0x0d, 0x3f, 0x00, 0x06, 0x06, 0x04,
  0x4d, 0x00, 0x04, 0x04, 0x0c, 0x3f, 0x00, 0x0a, 0x0a, 0x0c, 0x0a, 0x40,
  0x1b, 0x40, 0x27, 0x03, 0x01, 0x01, 0x00, 0x02, 0x07, 0x01, 0x02, 0x56,
  0x0b, 0x01, 0x07, 0x08, 0x01, 0x05, 0x04, 0x07, 0x05, 0x55, 0x00, 0x06,
  0x00, 0x04, 0x0a, 0x06, 0x04, 0x55, 0x09, 0x01, 0x00, 0x00, 0x0d, 0x3f,
  0x00, 0x0a, 0x0a, 0x0c, 0x0a, 0x40, 0x59, 0x40, 0x11, 0x1d, 0x1c, 0x1b,
  0x1a, 0x19, 0x18, 0x11, 0x11, 0x12, 0x11, 0x13, 0x11, 0x11, 0x11, 0x13,
  0x0c, 0x15, 0x2b, 0x13, 0x35, 0x36, 0x37, 0x17, 0x11, 0x33, 0x15, 0x21,
  0x35, 0x33, 0x11, 0x06, 0x01, 0x23, 0x35, 0x21, 0x35, 0x01, 0x33, 0x11,
  0x33, 0x17, 0x23, 0x03, 0x33, 0x01, 0x23, 0x01, 0x33, 0x10, 0x37, 0x7a,
  0x5e, 0x37, 0x61, 0x7c, 0xfe, 0x9b, 0x76, 0x30, 0x04, 0xbf, 0x6b, 0xfe,
  0x7a, 0x01, 0x7b, 0x78, 0x5e, 0x0a, 0x6a, 0xff, 0x87, 0xfc, 0x67, 0x86,
  0x03, 0x35, 0xf6, 0x01, 0x05, 0x36, 0x66, 0x30, 0x37, 0x01, 0xfc, 0xe8,
  0x60, 0x60, 0x02, 0x97, 0x20, 0xfa, 0xc7, 0xc8, 0x63, 0x02, 0x30, 0xfd,
  0xe3, 0x76, 0x05, 0x1b, 0xf9, 0xf5, 0x01, 0x66, 0x01, 0x4a, 0x1c, 0x00,
  0x00, 0x03, 0x00, 0x7a, 0xff, 0xe2, 0x05, 0xdb, 0x06, 0x0b, 0x00, 0x03,
  0x00, 0x20, 0x00, 0x2d, 0x00, 0x96, 0x40, 0x14, 0x27, 0x26, 0x24, 0x03,
  0x03, 0x00, 0x0f, 0x01, 0x09, 0x06, 0x0e, 0x01, 0x04, 0x09, 0x05, 0x01,
  0x01, 0x04, 0x04, 0x3e, 0x4b, 0xb0, 0x22, 0x50, 0x58, 0x40, 0x2a, 0x00,
  0x03, 0x00, 0x02, 0x06, 0x03, 0x02, 0x58, 0x08, 0x01, 0x06, 0x0c, 0x01,
  0x09, 0x04, 0x06, 0x09, 0x55, 0x07, 0x01, 0x00, 0x00, 0x0d, 0x3f, 0x0a,
  0x01, 0x01, 0x01, 0x0c, 0x3f, 0x00, 0x04, 0x04, 0x05, 0x4d, 0x0b, 0x01,
  0x05, 0x05, 0x0c, 0x05, 0x40, 0x1b, 0x40, 0x27, 0x00, 0x03, 0x00, 0x02,
  0x06, 0x03, 0x02, 0x58, 0x08, 0x01, 0x06, 0x0c, 0x01, 0x09, 0x04, 0x06,
  0x09, 0x55, 0x00, 0x04, 0x0b, 0x01, 0x05, 0x04, 0x05, 0x51, 0x07, 0x01,
  0x00, 0x00, 0x0d, 0x3f, 0x0a, 0x01, 0x01, 0x01, 0x0c, 0x01, 0x40, 0x59,
  0x40, 0x21, 0x21, 0x21, 0x04, 0x04, 0x00, 0x00, 0x21, 0x2d, 0x21, 0x2d,
  0x2c, 0x2b, 0x2a, 0x29, 0x23, 0x22, 0x04, 0x20, 0x04, 0x20, 0x1f, 0x1e,
  0x13, 0x11, 0x0c, 0x0b, 0x00, 0x03, 0x00, 0x03, 0x11, 0x0d, 0x0d, 0x2b,
  0x33, 0x01, 0x33, 0x01, 0x05, 0x35, 0x36, 0x37, 0x36, 0x37, 0x34, 0x26,
  0x22, 0x06, 0x07, 0x27, 0x36, 0x36, 0x33, 0x32, 0x16, 0x15, 0x14, 0x0e,
  0x06, 0x07, 0x21, 0x15, 0x01, 0x35, 0x33, 0x11, 0x06, 0x07, 0x35, 0x36,
  0x37, 0x17, 0x11, 0x33, 0x15, 0xf5, 0x03, 0x98, 0x87, 0xfc, 0x67, 0x02,
  0x2b, 0xdf, 0x3d, 0x95, 0x03, 0x50, 0x72, 0x72, 0x2a, 0x4d, 0x22, 0xa6,
  0x5e, 0x6e, 0x98, 0x0e, 0x28, 0x1f, 0x4c, 0x27, 0x68, 0x29, 0x3d, 0x01,
  0x8a, 0xfa, 0xb8, 0x76, 0x30, 0x53, 0x5e, 0x37, 0x61, 0x7c, 0x06, 0x0b,
  0xf9, 0xf5, 0x1e, 0x5d, 0xe0, 0x44, 0xac, 0x5a, 0x41, 0x4e, 0x3f, 0x3f,
  0x41, 0x4f, 0x5a, 0x7b, 0x74, 0x24, 0x45, 0x4c, 0x37, 0x57, 0x2d, 0x63,
  0x25, 0x38, 0x63, 0x02, 0xa8, 0x60, 0x02, 0x97, 0x20, 0x2b, 0x66, 0x30,
  0x37, 0x01, 0xfc, 0xe8, 0x60, 0x00, 0x00, 0x04, 0x00, 0x74, 0x00, 0x00,
  0x06, 0x0a, 0x06, 0x11, 0x00, 0x03, 0x00, 0x07, 0x00, 0x12, 0x00, 0x34,
  0x00, 0xc1, 0x40, 0x1b, 0x28, 0x01, 0x0c, 0x01, 0x27, 0x01, 0x0b, 0x0c,
  0x30, 0x01, 0x0a, 0x0b, 0x16, 0x01, 0x09, 0x04, 0x15, 0x03, 0x02, 0x08,
  0x09, 0x0b, 0x01, 0x03, 0x00, 0x06, 0x3e, 0x4b, 0xb0, 0x17, 0x50, 0x58,
  0x40, 0x38, 0x00, 0x0b, 0x00, 0x0a, 0x04, 0x0b, 0x0a, 0x57, 0x00, 0x09,
  0x10, 0x01, 0x08, 0x00, 0x09, 0x08, 0x57, 0x05, 0x01, 0x00, 0x06, 0x01,
  0x03, 0x07, 0x00, 0x03, 0x56, 0x00, 0x0c, 0x0c, 0x01, 0x4f, 0x0d, 0x01,
  0x01, 0x01, 0x13, 0x3f, 0x00, 0x04, 0x04, 0x07, 0x4d, 0x0f, 0x01, 0x07,
  0x07, 0x0c, 0x3f, 0x0e, 0x01, 0x02, 0x02, 0x0c, 0x02, 0x40, 0x1b, 0x40,
  0x36, 0x00, 0x0b, 0x00, 0x0a, 0x04, 0x0b, 0x0a, 0x57, 0x00, 0x09, 0x10,
  0x01, 0x08, 0x00, 0x09, 0x08, 0x57, 0x05, 0x01, 0x00, 0x06, 0x01, 0x03,
  0x07, 0x00, 0x03, 0x56, 0x00, 0x04, 0x0f, 0x01, 0x07, 0x02, 0x04, 0x07,
  0x55, 0x00, 0x0c, 0x0c, 0x01, 0x4f, 0x0d, 0x01, 0x01, 0x01, 0x13, 0x3f,
  0x0e, 0x01, 0x02, 0x02, 0x0c, 0x02, 0x40, 0x59, 0x40, 0x28, 0x14, 0x13,
  0x08, 0x08, 0x04, 0x04, 0x2c, 0x2a, 0x26, 0x24, 0x21, 0x1f, 0x1e, 0x1c,
  0x19, 0x17, 0x13, 0x34, 0x14, 0x34, 0x08, 0x12, 0x08, 0x12, 0x11, 0x10,
  0x0f, 0x0e, 0x0d, 0x0c, 0x0a, 0x09, 0x04, 0x07, 0x04, 0x07, 0x14, 0x10,
  0x11, 0x0e, 0x2b, 0x01, 0x33, 0x10, 0x37, 0x01, 0x01, 0x33, 0x01, 0x25,
  0x35, 0x21, 0x35, 0x01, 0x33, 0x11, 0x33, 0x17, 0x23, 0x15, 0x01, 0x22,
  0x27, 0x37, 0x16, 0x33, 0x32, 0x36, 0x35, 0x34, 0x23, 0x23, 0x35, 0x33,
  0x32, 0x35, 0x34, 0x26, 0x23, 0x22, 0x07, 0x27, 0x36, 0x36, 0x33, 0x32,
  0x16, 0x15, 0x14, 0x07, 0x16, 0x15, 0x14, 0x06, 0x04, 0x3d, 0xf6, 0x03,
  0xfc, 0x15, 0x03, 0x96, 0x90, 0xfc, 0x60, 0x03, 0x65, 0xfe, 0x78, 0x01,
  0x7b, 0x79, 0x60, 0x08, 0x69, 0xfb, 0xac, 0x82, 0x57, 0x34, 0x4d, 0x53,
  0x41, 0x5b, 0xbf, 0x31, 0x2c, 0xae, 0x44, 0x39, 0x56, 0x55, 0x32, 0x2a,
  0x76, 0x3e, 0x64, 0xa2, 0x71, 0x85, 0xac, 0x01, 0x69, 0x01, 0x2f, 0x39,
  0xfd, 0x2f, 0x06, 0x0b, 0xf9, 0xf5, 0x2c, 0xc9, 0x62, 0x02, 0x30, 0xfd,
  0xe2, 0x74, 0xc9, 0x02, 0x4b, 0x68, 0x67, 0x55, 0x53, 0x43, 0x8f, 0x80,
  0x81, 0x3d, 0x3c, 0x55, 0x67, 0x32, 0x3d, 0x89, 0x6f, 0x82, 0x3f, 0x3f,
  0x96, 0x77, 0x95, 0x00, 0xff, 0xff, 0x00, 0x49, 0xfe, 0xca, 0x02, 0xfd,
  0x04, 0xca, 0x11, 0x0f, 0x00, 0x22, 0x03, 0x46, 0x04, 0xbe, 0xc0, 0x00,
  0x00, 0x09, 0xb1, 0x00, 0x02, 0xb8, 0x04, 0xbe, 0xb0, 0x27, 0x2b, 0x00,
  0xff, 0xff, 0x00, 0x03, 0x00, 0x00, 0x05, 0x13, 0x07, 0xde, 0x10, 0x27,
  0x00, 0x43, 0x00, 0xbb, 0x01, 0x78, 0x13, 0x06, 0x00, 0x24, 0x00, 0x00,
  0x00, 0x09, 0xb1, 0x00, 0x01, 0xb8, 0x01, 0x78, 0xb0, 0x27, 0x2b, 0x00,
  0xff, 0xff, 0x00, 0x03, 0x00, 0x00, 0x05, 0x13, 0x07, 0xdf, 0x10, 0x27,
  0x00, 0x76, 0x01, 0xd2, 0x01, 0x79, 0x13, 0x06, 0x00, 0x24, 0x00, 0x00,
  0x00, 0x09, 0xb1, 0x00, 0x01, 0xb8, 0x01, 0x79, 0xb0, 0x27, 0x2b, 0x00,
  0xff, 0xff, 0x00, 0x03, 0x00, 0x00, 0x05, 0x13, 0x07, 0xdf, 0x10, 0x27,
  0x01, 0x64, 0x00, 0xfa, 0x01, 0x78, 0x13, 0x06, 0x00, 0x24, 0x00, 0x00,
  0x00, 0x09, 0xb1, 0x00, 0x01, 0xb8, 0x01, 0x78, 0xb0, 0x27, 0x2b, 0x00,
  0xff, 0xff, 0x00, 0x03, 0x00, 0x00, 0x05, 0x13, 0x07, 0x50, 0x10, 0x27,
  0x01, 0x6a, 0x00, 0x16, 0x05, 0xe9, 0x13, 0x06, 0x00, 0x24, 0x00, 0x00,
  0x00, 0x09, 0xb1, 0x00, 0x01, 0xb8, 0x05, 0xe9, 0xb0, 0x27, 0x2b, 0x00,
  0xff, 0xff, 0x00, 0x03, 0x00, 0x00, 0x05, 0x13, 0x07, 0x2f, 0x10, 0x27,
  0x00, 0x6a, 0x01, 0x04, 0x01, 0x75, 0x13, 0x06, 0x00, 0x24, 0x00, 0x00,
  0x00, 0x09, 0xb1, 0x00, 0x02, 0xb8, 0x01, 0x75, 0xb0, 0x27, 0x2b, 0x00,
  0xff, 0xff, 0x00, 0x03, 0x00, 0x00, 0x05, 0x13, 0x07, 0xc8, 0x10, 0x27,
  0x01, 0x68, 0x01, 0xb2, 0x05, 0x2b, 0x13, 0x06, 0x00, 0x24, 0x00, 0x00,
  0x00, 0x09, 0xb1, 0x00, 0x02, 0xb8, 0x05, 0x2b, 0xb0, 0x27, 0x2b, 0x00,
  0x00, 0x02, 0x00, 0x55, 0x00, 0x00, 0x07, 0xae, 0x06, 0x20, 0x00, 0x0f,
  0x00, 0x12, 0x00, 0x71, 0xb4, 0x12, 0x01, 0x01, 0x01, 0x3d, 0x4b, 0xb0,
  0x1d, 0x50, 0x58, 0x40, 0x27, 0x00, 0x02, 0x00, 0x03, 0x08, 0x02, 0x03,
  0x55, 0x00, 0x08, 0x00, 0x06, 0x04, 0x08, 0x06, 0x55, 0x00, 0x01, 0x01,
  0x00, 0x4d, 0x00, 0x00, 0x00, 0x0d, 0x3f, 0x00, 0x04, 0x04, 0x05, 0x4d,
  0x09, 0x07, 0x02, 0x05, 0x05, 0x0c, 0x05, 0x40, 0x1b, 0x40, 0x25, 0x00,
  0x00, 0x00, 0x01, 0x02, 0x00, 0x01, 0x55, 0x00, 0x02, 0x00, 0x03, 0x08,
  0x02, 0x03, 0x55, 0x00, 0x08, 0x00, 0x06, 0x04, 0x08, 0x06, 0x55, 0x00,
  0x04, 0x04, 0x05, 0x4d, 0x09, 0x07, 0x02, 0x05, 0x05, 0x0c, 0x05, 0x40,
  0x59, 0x40, 0x11, 0x00, 0x00, 0x11, 0x10, 0x00, 0x0f, 0x00, 0x0f, 0x11,
  0x11, 0x11, 0x11, 0x11, 0x11, 0x11, 0x0a, 0x13, 0x2b, 0x33, 0x01, 0x21,
  0x15, 0x21, 0x13, 0x21, 0x15, 0x21, 0x13, 0x21, 0x15, 0x21, 0x03, 0x21,
  0x03, 0x01, 0x21, 0x03, 0x55, 0x03, 0x94, 0x03, 0xb1, 0xfd, 0x3f, 0x27,
  0x02, 0x77, 0xfd, 0x9d, 0x2a, 0x02, 0x70, 0xfc, 0xf1, 0x1f, 0xfd, 0x72,
  0xf0, 0x01, 0x44, 0x02, 0x24, 0x3d, 0x06, 0x20, 0x9f, 0xfd, 0xf1, 0x9e,
  0xfd, 0xca, 0x9e, 0x01, 0xab, 0xfe, 0x55, 0x02, 0x4d, 0x03, 0x34, 0x00,
  0xff, 0xff, 0x00, 0x70, 0xfe, 0x4e, 0x04, 0xd9, 0x05, 0xe0, 0x10, 0x27,
  0x00, 0x79, 0x01, 0x98, 0xff, 0xe8, 0x13, 0x06, 0x00, 0x26, 0x00, 0x00,
  0x00, 0x09, 0xb1, 0x00, 0x01, 0xb8, 0xff, 0xe8, 0xb0, 0x27, 0x2b, 0x00,
  0xff, 0xff, 0x00, 0xae, 0x00, 0x00, 0x04, 0x0d, 0x07, 0xde, 0x10, 0x27,
  0x00, 0x43, 0x00, 0x8e, 0x01, 0x78, 0x13, 0x06, 0x00, 0x28, 0x00, 0x00,
  0x00, 0x09, 0xb1, 0x00, 0x01, 0xb8, 0x01, 0x78, 0xb0, 0x27, 0x2b, 0x00,
  0xff, 0xff, 0x00, 0xae, 0x00, 0x00, 0x04, 0x0d, 0x07, 0xdf, 0x10, 0x27,
  0x00, 0x76, 0x01, 0xa4, 0x01, 0x79, 0x13, 0x06, 0x00, 0x28, 0x00, 0x00,
  0x00, 0x09, 0xb1, 0x00, 0x01, 0xb8, 0x01, 0x79, 0xb0, 0x27, 0x2b, 0x00,
  0xff, 0xff, 0x00, 0xae, 0x00, 0x00, 0x04, 0x0d, 0x07, 0xdf, 0x10, 0x27,
  0x01, 0x64, 0x00, 0xcc, 0x01, 0x78, 0x13, 0x06, 0x00, 0x28, 0x00, 0x00,
  0x00, 0x09, 0xb1, 0x00, 0x01, 0xb8, 0x01, 0x78, 0xb0, 0x27, 0x2b, 0x00,
  0xff, 0xff, 0x00, 0xae, 0x00, 0x00, 0x04, 0x0d, 0x07, 0x2f, 0x10, 0x27,
  0x00, 0x6a, 0x00, 0xd7, 0x01, 0x75, 0x13, 0x06, 0x00, 0x28, 0x00, 0x00,
  0x00, 0x09, 0xb1, 0x00, 0x02, 0xb8, 0x01, 0x75, 0xb0, 0x27, 0x2b, 0x00,
  0xff, 0xff, 0xff, 0x91, 0x00, 0x00, 0x01, 0x63, 0x07, 0xde, 0x10, 0x27,
  0x00, 0x43, 0xff, 0x3c, 0x01, 0x78, 0x13, 0x06, 0x00, 0x2c, 0x00, 0x00,
  0x00, 0x09, 0xb1, 0x00, 0x01, 0xb8, 0x01, 0x78, 0xb0, 0x27, 0x2b, 0x00,
  0xff, 0xff, 0x00, 0xb6, 0x00, 0x00, 0x02, 0x8b, 0x07, 0xdf, 0x10, 0x27,
  0x00, 0x76, 0x00, 0x54, 0x01, 0x79, 0x13, 0x06, 0x00, 0x2c, 0x00, 0x00,
  0x00, 0x09, 0xb1, 0x00, 0x01, 0xb8, 0x01, 0x79, 0xb0, 0x27, 0x2b, 0x00,
  0xff, 0xff, 0xff, 0xe7, 0x00, 0x00, 0x02, 0x32, 0x07, 0xdf, 0x10, 0x27,
  0x01, 0x64, 0xff, 0x7b, 0x01, 0x78, 0x13, 0x06, 0x00, 0x2c, 0x00, 0x00,
  0x00, 0x09, 0xb1, 0x00, 0x01, 0xb8, 0x01, 0x78, 0xb0, 0x27, 0x2b, 0x00,
  0xff, 0xff, 0xff, 0xfc, 0x00, 0x00, 0x02, 0x1d, 0x07, 0x2f, 0x10, 0x27,
  0x00, 0x6a, 0xff, 0x86, 0x01, 0x75, 0x13, 0x06, 0x00, 0x2c, 0x00, 0x00,
  0x00, 0x09, 0xb1, 0x00, 0x02, 0xb8, 0x01, 0x75, 0xb0, 0x27, 0x2b, 0x00,
  0x00, 0x02, 0x00, 0x1d, 0x00, 0x00, 0x05, 0x84, 0x05, 0xd8, 0x00, 0x11,
  0x00, 0x21, 0x00, 0x36, 0x40, 0x33, 0x06, 0x01, 0x01, 0x07, 0x01, 0x00,
  0x04, 0x01, 0x00, 0x55, 0x00, 0x05, 0x05, 0x02, 0x4f, 0x00, 0x02, 0x02,
  0x11, 0x3f, 0x00, 0x04, 0x04, 0x03, 0x4f, 0x08, 0x01, 0x03, 0x03, 0x0c,
  0x03, 0x40, 0x00, 0x00, 0x21, 0x20, 0x1f, 0x1e, 0x1d, 0x1b, 0x14, 0x12,
  0x00, 0x11, 0x00, 0x10, 0x21, 0x11, 0x11, 0x09, 0x0f, 0x2b, 0x33, 0x11,
  0x23, 0x35, 0x33, 0x11, 0x21, 0x32, 0x04, 0x16, 0x16, 0x12, 0x15, 0x14,
  0x02, 0x06, 0x04, 0x23, 0x25, 0x21, 0x20, 0x00, 0x11, 0x34, 0x2e, 0x03,
  0x23, 0x23, 0x11, 0x33, 0x15, 0x23, 0x93, 0x76, 0x76, 0x01, 0x74, 0xa1,
  0x01, 0x06, 0xe4, 0x9a, 0x58, 0x72, 0xd2, 0xfe, 0xe0, 0xb3, 0xfe, 0xd7,
  0x01, 0x3b, 0x01, 0x17, 0x01, 0x31, 0x41, 0x72, 0xae, 0xca, 0x80, 0xd8,
  0xf2, 0xf2, 0x02, 0xb9, 0x87, 0x02, 0x98, 0x2e, 0x6e, 0xab, 0xfe, 0xfa,
  0xa9, 0xb7, 0xfe, 0xe5, 0xb4, 0x5c, 0x9b, 0x01, 0x25, 0x01, 0x1e, 0x8b,
  0xd2, 0x89, 0x56, 0x23, 0xfe, 0x03, 0x87, 0x00, 0xff, 0xff, 0x00, 0xae,
  0x00, 0x00, 0x05, 0x3e, 0x07, 0x50, 0x10, 0x27, 0x01, 0x6a, 0x00, 0x82,
  0x05, 0xe9, 0x13, 0x06, 0x00, 0x31, 0x00, 0x00, 0x00, 0x09, 0xb1, 0x00,
  0x01, 0xb8, 0x05, 0xe9, 0xb0, 0x27, 0x2b, 0x00, 0xff, 0xff, 0x00, 0x70,
  0xff, 0xea, 0x05, 0xea, 0x07, 0xde, 0x10, 0x27, 0x00, 0x43, 0x01, 0x5d,
  0x01, 0x78, 0x13, 0x06, 0x00, 0x32, 0x00, 0x00, 0x00, 0x09, 0xb1, 0x00,
  0x01, 0xb8, 0x01, 0x78, 0xb0, 0x27, 0x2b, 0x00, 0xff, 0xff, 0x00, 0x70,
  0xff, 0xea, 0x05, 0xea, 0x07, 0xdf, 0x10, 0x27, 0x00, 0x76, 0x02, 0x74,
  0x01, 0x79, 0x13, 0x06, 0x00, 0x32, 0x00, 0x00, 0x00, 0x09, 0xb1, 0x00,
  0x01, 0xb8, 0x01, 0x79, 0xb0, 0x27, 0x2b, 0x00, 0xff, 0xff, 0x00, 0x70,
  0xff, 0xea, 0x05, 0xea, 0x07, 0xdf, 0x10, 0x27, 0x01, 0x64, 0x01, 0x9c,
  0x01, 0x78, 0x13, 0x06, 0x00, 0x32, 0x00, 0x00, 0x00, 0x09, 0xb1, 0x00,
  0x01, 0xb8, 0x01, 0x78, 0xb0, 0x27, 0x2b, 0x00, 0xff, 0xff, 0x00, 0x70,
  0xff, 0xea, 0x05, 0xea, 0x07, 0x50, 0x10, 0x27, 0x01, 0x6a, 0x00, 0xb8,
  0x05, 0xe9, 0x13, 0x06, 0x00, 0x32, 0x00, 0x00, 0x00, 0x09, 0xb1, 0x00,
  0x01, 0xb8, 0x05, 0xe9, 0xb0, 0x27, 0x2b, 0x00, 0xff, 0xff, 0x00, 0x70,
  0xff, 0xea, 0x05, 0xea, 0x07, 0x2f, 0x10, 0x27, 0x00, 0x6a, 0x01, 0xa6,
  0x01, 0x75, 0x13, 0x06, 0x00, 0x32, 0x00, 0x00, 0x00, 0x09, 0xb1, 0x00,
  0x02, 0xb8, 0x01, 0x75, 0xb0, 0x27, 0x2b, 0x00, 0x00, 0x01, 0x00, 0x74,
  0x00, 0xb5, 0x03, 0x6c, 0x04, 0x03, 0x00, 0x0b, 0x00, 0x06, 0xb3, 0x07,
  0x01, 0x01, 0x24, 0x2b, 0x01, 0x07, 0x01, 0x01, 0x27, 0x01, 0x01, 0x37,
  0x01, 0x01, 0x17, 0x01, 0x03, 0x6c, 0x6c, 0xfe, 0xf0, 0xfe, 0xf0, 0x6c,
  0x01, 0x1d, 0xfe, 0xe3, 0x6a, 0x01, 0x12, 0x01, 0x12, 0x6a, 0xfe, 0xe3,
  0x01, 0x16, 0x61, 0x01, 0x39, 0xfe, 0xc7, 0x61, 0x01, 0x46, 0x01, 0x48,
  0x5f, 0xfe, 0xc6, 0x01, 0x3a, 0x5f, 0xfe, 0xb8, 0x00, 0x03, 0x00, 0x70,
  0xff, 0x18, 0x05, 0xea, 0x06, 0x9d, 0x00, 0x17, 0x00, 0x20, 0x00, 0x28,
  0x00, 0x3b, 0x40, 0x38, 0x0d, 0x0a, 0x02, 0x02, 0x00, 0x22, 0x21, 0x20,
  0x18, 0x04, 0x03, 0x02, 0x17, 0x02, 0x02, 0x01, 0x03, 0x03, 0x3e, 0x0c,
  0x0b, 0x02, 0x00, 0x3c, 0x01, 0x00, 0x02, 0x01, 0x3b, 0x00, 0x02, 0x02,
  0x00, 0x4f, 0x00, 0x00, 0x00, 0x11, 0x3f, 0x00, 0x03, 0x03, 0x01, 0x4f,
  0x00, 0x01, 0x01, 0x12, 0x01, 0x40, 0x28, 0x23, 0x2b, 0x27, 0x04, 0x10,
  0x2b, 0x05, 0x27, 0x37, 0x26, 0x02, 0x35, 0x10, 0x00, 0x21, 0x32, 0x17,
  0x37, 0x17, 0x07, 0x16, 0x12, 0x15, 0x14, 0x02, 0x06, 0x04, 0x23, 0x22,
  0x27, 0x01, 0x26, 0x23, 0x22, 0x00, 0x11, 0x14, 0x12, 0x17, 0x01, 0x01,
  0x16, 0x33, 0x20, 0x00, 0x11, 0x10, 0x01, 0xf6, 0x7d, 0x60, 0xb0, 0xb9,
  0x01, 0x72, 0x01, 0x4d, 0x7d, 0x6b, 0x59, 0x83, 0x5c, 0xa4, 0xaf, 0x5d,
  0xaf, 0xfe, 0xf6, 0xa6, 0x73, 0x65, 0x01, 0x87, 0x4e, 0x60, 0xfd, 0xfe,
  0xf6, 0x78, 0x76, 0x02, 0x44, 0xfe, 0x37, 0x4c, 0x51, 0x01, 0x00, 0x01,
  0x03, 0xe8, 0x2b, 0xef, 0x56, 0x01, 0x65, 0xf7, 0x01, 0x63, 0x01, 0x9a,
  0x20, 0xdc, 0x2e, 0xe3, 0x5a, 0xfe, 0xa1, 0xf0, 0xa9, 0xfe, 0xe8, 0xc9,
  0x6f, 0x1a, 0x05, 0x2d, 0x18, 0xfe, 0xbe, 0xfe, 0xdc, 0xbf, 0xfe, 0xeb,
  0x48, 0x04, 0x2f, 0xfb, 0x9e, 0x13, 0x01, 0x44, 0x01, 0x1e, 0x01, 0x7e,
  0xff, 0xff, 0x00, 0x9c, 0xff, 0xea, 0x04, 0xfd, 0x07, 0xde, 0x10, 0x27,
  0x00, 0x43, 0x00, 0xfc, 0x01, 0x78, 0x13, 0x06, 0x00, 0x38, 0x00, 0x00,
  0x00, 0x09, 0xb1, 0x00, 0x01, 0xb8, 0x01, 0x78, 0xb0, 0x27, 0x2b, 0x00,
  0xff, 0xff, 0x00, 0x9c, 0xff, 0xea, 0x04, 0xfd, 0x07, 0xdf, 0x10, 0x27,
  0x00, 0x76, 0x02, 0x14, 0x01, 0x79, 0x13, 0x06, 0x00, 0x38, 0x00, 0x00,
  0x00, 0x09, 0xb1, 0x00, 0x01, 0xb8, 0x01, 0x79, 0xb0, 0x27, 0x2b, 0x00,
  0xff, 0xff, 0x00, 0x9c, 0xff, 0xea, 0x04, 0xfd, 0x07, 0xdf, 0x10, 0x27,
  0x01, 0x64, 0x01, 0x3b, 0x01, 0x78, 0x13, 0x06, 0x00, 0x38, 0x00, 0x00,
  0x00, 0x09, 0xb1, 0x00, 0x01, 0xb8, 0x01, 0x78, 0xb0, 0x27, 0x2b, 0x00,
  0xff, 0xff, 0x00, 0x9c, 0xff, 0xea, 0x04, 0xfd, 0x07, 0x2f, 0x10, 0x27,
  0x00, 0x6a, 0x01, 0x46, 0x01, 0x75, 0x13, 0x06, 0x00, 0x38, 0x00, 0x00,
  0x00, 0x09, 0xb1, 0x00, 0x02, 0xb8, 0x01, 0x75, 0xb0, 0x27, 0x2b, 0x00,
  0xff, 0xff, 0xff, 0xff, 0x00, 0x00, 0x04, 0xab, 0x07, 0xdf, 0x10, 0x27,
  0x00, 0x76, 0x01, 0x9c, 0x01, 0x79, 0x13, 0x06, 0x00, 0x3c, 0x00, 0x00,
  0x00, 0x09, 0xb1, 0x00, 0x01, 0xb8, 0x01, 0x79, 0xb0, 0x27, 0x2b, 0x00,
  0x00, 0x02, 0x00, 0x93, 0x00, 0x00, 0x04, 0xb9, 0x05, 0xd8, 0x00, 0x07,
  0x00, 0x14, 0x00, 0x2c, 0x40, 0x29, 0x00, 0x03, 0x00, 0x01, 0x00, 0x03,
  0x01, 0x57, 0x00, 0x00, 0x00, 0x04, 0x05, 0x00, 0x04, 0x57, 0x00, 0x02,
  0x02, 0x0b, 0x3f, 0x06, 0x01, 0x05, 0x05, 0x0c, 0x05, 0x40, 0x08, 0x08,
  0x08, 0x14, 0x08, 0x14, 0x24, 0x21, 0x12, 0x23, 0x20, 0x07, 0x11, 0x2b,
  0x01, 0x21, 0x20, 0x11, 0x34, 0x26, 0x23, 0x21, 0x03, 0x11, 0x33, 0x11,
  0x21, 0x20, 0x04, 0x15, 0x14, 0x06, 0x23, 0x25, 0x11, 0x01, 0x44, 0x01,
  0x80, 0x01, 0x4c, 0xab, 0xcb, 0xfe, 0xaa, 0xb1, 0xb1, 0x01, 0x44, 0x01,
  0x19, 0x01, 0x18, 0xf0, 0xfa, 0xfe, 0x75, 0x01, 0xed, 0x01, 0x21, 0x96,
  0x88, 0xfb, 0xd4, 0x05, 0xd8, 0xfe, 0xe9, 0xc5, 0xe5, 0xd2, 0xef, 0x07,
  0xfe, 0xa3, 0x00, 0x01, 0x00, 0x76, 0x00, 0x00, 0x04, 0x8e, 0x05, 0xf5,
  0x00, 0x36, 0x00, 0x30, 0x40, 0x2d, 0x28, 0x01, 0x00, 0x01, 0x01, 0x3e,
  0x00, 0x01, 0x01, 0x03, 0x4f, 0x00, 0x03, 0x03, 0x0d, 0x3f, 0x05, 0x01,
  0x00, 0x00, 0x02, 0x4f, 0x04, 0x01, 0x02, 0x02, 0x0c, 0x02, 0x40, 0x01,
  0x00, 0x35, 0x33, 0x1e, 0x1c, 0x19, 0x18, 0x16, 0x14, 0x00, 0x36, 0x01,
  0x36, 0x06, 0x0c, 0x2b, 0x25, 0x32, 0x36, 0x35, 0x34, 0x2e, 0x03, 0x27,
  0x26, 0x35, 0x34, 0x37, 0x3e, 0x03, 0x35, 0x34, 0x26, 0x23, 0x20, 0x11,
  0x11, 0x23, 0x11, 0x34, 0x36, 0x33, 0x32, 0x16, 0x15, 0x14, 0x0e, 0x05,
  0x07, 0x1e, 0x05, 0x15, 0x14, 0x0e, 0x02, 0x23, 0x21, 0x37, 0x03, 0x03,
  0x61, 0x6d, 0x34, 0x60, 0x58, 0x7a, 0x1c, 0x52, 0x41, 0x1a, 0x62, 0x37,
  0x2e, 0x86, 0x61, 0xfe, 0xe6, 0xa8, 0xe0, 0xe2, 0xbe, 0xe6, 0x10, 0x26,
  0x23, 0x42, 0x2c, 0x54, 0x16, 0x26, 0x7c, 0x5f, 0x6c, 0x47, 0x2f, 0x39,
  0x69, 0x86, 0x54, 0xfe, 0xa9, 0x10, 0x94, 0x69, 0x5a, 0x32, 0x5b, 0x4c,
  0x39, 0x45, 0x13, 0x38, 0x3d, 0x3a, 0x36, 0x15, 0x3f, 0x28, 0x4c, 0x30,
  0x57, 0x68, 0xfe, 0xc3, 0xfb, 0xe0, 0x04, 0x16, 0xe5, 0xfa, 0xb7, 0xa0,
  0x28, 0x43, 0x39, 0x29, 0x30, 0x1c, 0x32, 0x0d, 0x1b, 0x4b, 0x38, 0x51,
  0x4f, 0x6e, 0x3e, 0x5d, 0x89, 0x50, 0x26, 0x94, 0xff, 0xff, 0x00, 0x5e,
  0xff, 0xe9, 0x03, 0xb9, 0x06, 0x5d, 0x10, 0x26, 0x00, 0x43, 0x3c, 0xf7,
  0x13, 0x06, 0x00, 0x44, 0x00, 0x00, 0x00, 0x09, 0xb1, 0x00, 0x01, 0xb8,
  0xff, 0xf7, 0xb0, 0x27, 0x2b, 0x00, 0x00, 0x00, 0xff, 0xff, 0x00, 0x5e,
  0xff, 0xe9, 0x03, 0xb9, 0x06, 0x5e, 0x10, 0x27, 0x00, 0x76, 0x01, 0x52,
  0xff, 0xf8, 0x13, 0x06, 0x00, 0x44, 0x00, 0x00, 0x00, 0x09, 0xb1, 0x00,
  0x01, 0xb8, 0xff, 0xf8, 0xb0, 0x27, 0x2b, 0x00, 0xff, 0xff, 0x00, 0x5e,
  0xff, 0xe9, 0x03, 0xb9, 0x06, 0x5e, 0x10, 0x26, 0x01, 0x64, 0x7a, 0xf7,
  0x13, 0x06, 0x00, 0x44, 0x00, 0x00, 0x00, 0x09, 0xb1, 0x00, 0x01, 0xb8,
  0xff, 0xf7, 0xb0, 0x27, 0x2b, 0x00, 0x00, 0x00, 0xff, 0xff, 0x00, 0x5e,
  0xff, 0xe9, 0x03, 0xb9, 0x05, 0xcf, 0x10, 0x27, 0x01, 0x6a, 0xff, 0x97,
  0x04, 0x68, 0x13, 0x06, 0x00, 0x44, 0x00, 0x00, 0x00, 0x09, 0xb1, 0x00,
  0x01, 0xb8, 0x04, 0x68, 0xb0, 0x27, 0x2b, 0x00, 0xff, 0xff, 0x00, 0x5e,
  0xff, 0xe9, 0x03, 0xb9, 0x05, 0xae, 0x10, 0x27, 0x00, 0x6a, 0x00, 0x85,
  0xff, 0xf4, 0x13, 0x06, 0x00, 0x44, 0x00, 0x00, 0x00, 0x09, 0xb1, 0x00,
  0x02, 0xb8, 0xff, 0xf4, 0xb0, 0x27, 0x2b, 0x00, 0xff, 0xff, 0x00, 0x5e,
  0xff, 0xe9, 0x03, 0xb9, 0x06, 0xd2, 0x10, 0x27, 0x01, 0x68, 0x01, 0x33,
  0x04, 0x35, 0x13, 0x06, 0x00, 0x44, 0x00, 0x00, 0x00, 0x09, 0xb1, 0x00,
  0x02, 0xb8, 0x04, 0x35, 0xb0, 0x27, 0x2b, 0x00, 0x00, 0x03, 0x00, 0x50,
  0xff, 0xe6, 0x06, 0x21, 0x04, 0x64, 0x00, 0x07, 0x00, 0x17, 0x00, 0x4b,
  0x01, 0xf0, 0x40, 0x15, 0x2c, 0x01, 0x01, 0x07, 0x32, 0x2b, 0x02, 0x00,
  0x01, 0x44, 0x0e, 0x02, 0x02, 0x03, 0x49, 0x45, 0x02, 0x04, 0x02, 0x04,
  0x3e, 0x4b, 0xb0, 0x0a, 0x50, 0x58, 0x40, 0x25, 0x05, 0x01, 0x00, 0x09,
  0x01, 0x03, 0x02, 0x00, 0x03, 0x57, 0x06, 0x01, 0x01, 0x01, 0x07, 0x4f,
  0x08, 0x01, 0x07, 0x07, 0x14, 0x3f, 0x0a, 0x0c, 0x02, 0x02, 0x02, 0x04,
  0x4f, 0x0b, 0x0d, 0x02, 0x04, 0x04, 0x12, 0x04, 0x40, 0x1b, 0x4b, 0xb0,
  0x0c, 0x50, 0x58, 0x40, 0x2a, 0x00, 0x09, 0x03, 0x00, 0x09, 0x4b, 0x05,
  0x01, 0x00, 0x00, 0x03, 0x02, 0x00, 0x03, 0x57, 0x06, 0x01, 0x01, 0x01,
  0x07, 0x4f, 0x08, 0x01, 0x07, 0x07, 0x14, 0x3f, 0x0a, 0x0c, 0x02, 0x02,
  0x02, 0x04, 0x4f, 0x0b, 0x0d, 0x02, 0x04, 0x04, 0x12, 0x04, 0x40, 0x1b,
  0x4b, 0xb0, 0x0e, 0x50, 0x58, 0x40, 0x25, 0x05, 0x01, 0x00, 0x09, 0x01,
  0x03, 0x02, 0x00, 0x03, 0x57, 0x06, 0x01, 0x01, 0x01, 0x07, 0x4f, 0x08,
  0x01, 0x07, 0x07, 0x14, 0x3f, 0x0a, 0x0c, 0x02, 0x02, 0x02, 0x04, 0x4f,
  0x0b, 0x0d, 0x02, 0x04, 0x04, 0x15, 0x04, 0x40, 0x1b, 0x4b, 0xb0, 0x10,
  0x50, 0x58, 0x40, 0x2a, 0x00, 0x09, 0x03, 0x00, 0x09, 0x4b, 0x05, 0x01,
  0x00, 0x00, 0x03, 0x02, 0x00, 0x03, 0x57, 0x06, 0x01, 0x01, 0x01, 0x07,
  0x4f, 0x08, 0x01, 0x07, 0x07, 0x14, 0x3f, 0x0a, 0x0c, 0x02, 0x02, 0x02,
  0x04, 0x4f, 0x0b, 0x0d, 0x02, 0x04, 0x04, 0x15, 0x04, 0x40, 0x1b, 0x4b,
  0xb0, 0x12, 0x50, 0x58, 0x40, 0x25, 0x05, 0x01, 0x00, 0x09, 0x01, 0x03,
  0x02, 0x00, 0x03, 0x57, 0x06, 0x01, 0x01, 0x01, 0x07, 0x4f, 0x08, 0x01,
  0x07, 0x07, 0x14, 0x3f, 0x0a, 0x0c, 0x02, 0x02, 0x02, 0x04, 0x4f, 0x0b,
  0x0d, 0x02, 0x04, 0x04, 0x12, 0x04, 0x40, 0x1b, 0x4b, 0xb0, 0x13, 0x50,
  0x58, 0x40, 0x2a, 0x00, 0x09, 0x03, 0x00, 0x09, 0x4b, 0x05, 0x01, 0x00,
  0x00, 0x03, 0x02, 0x00, 0x03, 0x57, 0x06, 0x01, 0x01, 0x01, 0x07, 0x4f,
  0x08, 0x01, 0x07, 0x07, 0x14, 0x3f, 0x0a, 0x0c, 0x02, 0x02, 0x02, 0x04,
  0x4f, 0x0b, 0x0d, 0x02, 0x04, 0x04, 0x12, 0x04, 0x40, 0x1b, 0x4b, 0xb0,
  0x1b, 0x50, 0x58, 0x40, 0x2a, 0x00, 0x09, 0x03, 0x00, 0x09, 0x4b, 0x05,
  0x01, 0x00, 0x00, 0x03, 0x02, 0x00, 0x03, 0x57, 0x06, 0x01, 0x01, 0x01,
  0x07, 0x4f, 0x08, 0x01, 0x07, 0x07, 0x14, 0x3f, 0x0a, 0x0c, 0x02, 0x02,
  0x02, 0x04, 0x4f, 0x0b, 0x0d, 0x02, 0x04, 0x04, 0x15, 0x04, 0x40, 0x1b,
  0x4b, 0xb0, 0x1d, 0x50, 0x58, 0x40, 0x2a, 0x00, 0x09, 0x03, 0x00, 0x09,
  0x4b, 0x05, 0x01, 0x00, 0x00, 0x03, 0x02, 0x00, 0x03, 0x57, 0x06, 0x01,
  0x01, 0x01, 0x07, 0x4f, 0x08, 0x01, 0x07, 0x07, 0x14, 0x3f, 0x0a, 0x0c,
  0x02, 0x02, 0x02, 0x04, 0x4f, 0x0b, 0x0d, 0x02, 0x04, 0x04, 0x12, 0x04,
  0x40, 0x1b, 0x40, 0x2b, 0x00, 0x00, 0x00, 0x09, 0x03, 0x00, 0x09, 0x57,
  0x00, 0x05, 0x00, 0x03, 0x02, 0x05, 0x03, 0x57, 0x06, 0x01, 0x01, 0x01,
  0x07, 0x4f, 0x08, 0x01, 0x07, 0x07, 0x14, 0x3f, 0x0a, 0x0c, 0x02, 0x02,
  0x02, 0x04, 0x4f, 0x0b, 0x0d, 0x02, 0x04, 0x04, 0x15, 0x04, 0x40, 0x59,
  0x59, 0x59, 0x59, 0x59, 0x59, 0x59, 0x59, 0x40, 0x20, 0x19, 0x18, 0x09,
  0x08, 0x48, 0x46, 0x42, 0x40, 0x3e, 0x3c, 0x36, 0x34, 0x30, 0x2e, 0x29,
  0x27, 0x24, 0x22, 0x18, 0x4b, 0x19, 0x4b, 0x11, 0x10, 0x08, 0x17, 0x09,
  0x17, 0x23, 0x10, 0x0e, 0x0e, 0x2b, 0x01, 0x25, 0x35, 0x26, 0x26, 0x23,
  0x22, 0x06, 0x01, 0x32, 0x3e, 0x03, 0x37, 0x26, 0x27, 0x06, 0x07, 0x0e,
  0x02, 0x15, 0x14, 0x17, 0x22, 0x26, 0x35, 0x34, 0x3e, 0x05, 0x37, 0x37,
  0x35, 0x34, 0x26, 0x23, 0x22, 0x06, 0x07, 0x27, 0x36, 0x36, 0x33, 0x32,
  0x16, 0x17, 0x36, 0x36, 0x33, 0x32, 0x1e, 0x02, 0x15, 0x14, 0x06, 0x07,
  0x05, 0x16, 0x16, 0x33, 0x32, 0x36, 0x37, 0x17, 0x06, 0x23, 0x22, 0x27,
  0x06, 0x06, 0x03, 0x78, 0x02, 0x04, 0x02, 0x67, 0x6e, 0x8f, 0x95, 0xfe,
  0x1f, 0x20, 0x47, 0x5c, 0x33, 0x71, 0x0c, 0x43, 0x09, 0x2c, 0x14, 0x9e,
  0xb0, 0x41, 0x9c, 0x8f, 0xb5, 0x21, 0x35, 0x59, 0x57, 0x81, 0x69, 0x4b,
  0x3f, 0x56, 0x68, 0x62, 0xc0, 0x42, 0x24, 0x41, 0xd9, 0x6a, 0x7c, 0xab,
  0x16, 0x35, 0xbd, 0x71, 0x63, 0x94, 0x56, 0x29, 0x49, 0x72, 0xfe, 0x0f,
  0x0d, 0x93, 0x98, 0x58, 0xac, 0x3f, 0x34, 0x9a, 0xe8, 0xca, 0x7d, 0x5f,
  0xf6, 0x02, 0x67, 0x1d, 0x0a, 0xab, 0x9f, 0xcb, 0xfd, 0x64, 0x0b, 0x19,
  0x10, 0x27, 0x04, 0x7a, 0xa9, 0x02, 0x02, 0x0c, 0x34, 0x4d, 0x3f, 0xb2,
  0x8b, 0x9d, 0xa9, 0x37, 0x59, 0x3d, 0x2f, 0x1c, 0x14, 0x09, 0x04, 0x03,
  0xa5, 0x66, 0x5d, 0x2f, 0x23, 0x8a, 0x25, 0x37, 0x62, 0x5e, 0x5f, 0x61,
  0x49, 0x7e, 0x99, 0x58, 0x4e, 0x42, 0x06, 0x19, 0xbb, 0xcb, 0x42, 0x2c,
  0x79, 0x85, 0x89, 0x3b, 0x4f, 0x00, 0xff, 0xff, 0x00, 0x5c, 0xfe, 0x4d,
  0x03, 0x85, 0x04, 0x60, 0x10, 0x27, 0x00, 0x79, 0x00, 0xe4, 0xff, 0xe7,
  0x13, 0x06, 0x00, 0x46, 0x00, 0x00, 0x00, 0x09, 0xb1, 0x00, 0x01, 0xb8,
  0xff, 0xe7, 0xb0, 0x27, 0x2b, 0x00, 0xff, 0xff, 0x00, 0x5d, 0xff, 0xe9,
  0x03, 0xfb, 0x06, 0x5d, 0x10, 0x26, 0x00, 0x43, 0x5c, 0xf7, 0x13, 0x06,
  0x00, 0x48, 0x00, 0x00, 0x00, 0x09, 0xb1, 0x00, 0x01, 0xb8, 0xff, 0xf7,
  0xb0, 0x27, 0x2b, 0x00, 0x00, 0x00, 0xff, 0xff, 0x00, 0x5d, 0xff, 0xe9,
  0x03, 0xfb, 0x06, 0x5e, 0x10, 0x27, 0x00, 0x76, 0x01, 0x73, 0xff, 0xf8,
  0x13, 0x06, 0x00, 0x48, 0x00, 0x00, 0x00, 0x09, 0xb1, 0x00, 0x01, 0xb8,
  0xff, 0xf8, 0xb0, 0x27, 0x2b, 0x00, 0xff, 0xff, 0x00, 0x5d, 0xff, 0xe9,
  0x03, 0xfb, 0x06, 0x5e, 0x10, 0x27, 0x01, 0x64, 0x00, 0x9a, 0xff, 0xf7,
  0x13, 0x06, 0x00, 0x48, 0x00, 0x00, 0x00, 0x09, 0xb1, 0x00, 0x01, 0xb8,
  0xff, 0xf7, 0xb0, 0x27, 0x2b, 0x00, 0xff, 0xff, 0x00, 0x5d, 0xff, 0xe9,
  0x03, 0xfb, 0x05, 0xae, 0x10, 0x27, 0x00, 0x6a, 0x00, 0xa6, 0xff, 0xf4,
  0x13, 0x06, 0x00, 0x48, 0x00, 0x00, 0x00, 0x09, 0xb1, 0x00, 0x02, 0xb8,
  0xff, 0xf4, 0xb0, 0x27, 0x2b, 0x00, 0xff, 0xff, 0xff, 0x61, 0x00, 0x00,
  0x01, 0x30, 0x06, 0x5d, 0x10, 0x27, 0x00, 0x43, 0xff, 0x0c, 0xff, 0xf7,
  0x13, 0x06, 0x00, 0xf0, 0x00, 0x00, 0x00, 0x09, 0xb1, 0x00, 0x01, 0xb8,
  0xff, 0xf7, 0xb0, 0x27, 0x2b, 0x00, 0xff, 0xff, 0x00, 0x87, 0x00, 0x00,
  0x02, 0x59, 0x06, 0x5e, 0x10, 0x26, 0x00, 0x76, 0x22, 0xf8, 0x13, 0x06,
  0x00, 0xf0, 0x00, 0x00, 0x00, 0x09, 0xb1, 0x00, 0x01, 0xb8, 0xff, 0xf8,
  0xb0, 0x27, 0x2b, 0x00, 0x00, 0x00, 0xff, 0xff, 0xff, 0xb6, 0x00, 0x00,
  0x02, 0x01, 0x06, 0x5e, 0x10, 0x27, 0x01, 0x64, 0xff, 0x4a, 0xff, 0xf7,
  0x13, 0x06, 0x00, 0xf0, 0x00, 0x00, 0x00, 0x09, 0xb1, 0x00, 0x01, 0xb8,
  0xff, 0xf7, 0xb0, 0x27, 0x2b, 0x00, 0xff, 0xff, 0xff, 0xcb, 0x00, 0x00,
  0x01, 0xec, 0x05, 0xae, 0x10, 0x27, 0x00, 0x6a, 0xff, 0x55, 0xff, 0xf4,
  0x13, 0x06, 0x00, 0xf0, 0x00, 0x00, 0x00, 0x09, 0xb1, 0x00, 0x02, 0xb8,
  0xff, 0xf4, 0xb0, 0x27, 0x2b, 0x00, 0x00, 0x02, 0x00, 0x57, 0xff, 0xe7,
  0x04, 0x5d, 0x06, 0x34, 0x00, 0x0e, 0x00, 0x2c, 0x00, 0xaf, 0x40, 0x11,
  0x1c, 0x1b, 0x1a, 0x19, 0x16, 0x15, 0x14, 0x13, 0x08, 0x02, 0x03, 0x11,
  0x01, 0x00, 0x02, 0x02, 0x3e, 0x4b, 0xb0, 0x10, 0x50, 0x58, 0x40, 0x1a,
  0x00, 0x03, 0x02, 0x03, 0x66, 0x06, 0x01, 0x02, 0x05, 0x01, 0x00, 0x01,
  0x02, 0x00, 0x57, 0x00, 0x01, 0x01, 0x04, 0x4f, 0x00, 0x04, 0x04, 0x12,
  0x04, 0x40, 0x1b, 0x4b, 0xb0, 0x19, 0x50, 0x58, 0x40, 0x1a, 0x00, 0x03,
  0x02, 0x03, 0x66, 0x06, 0x01, 0x02, 0x05, 0x01, 0x00, 0x01, 0x02, 0x00,
  0x57, 0x00, 0x01, 0x01, 0x04, 0x4f, 0x00, 0x04, 0x04, 0x15, 0x04, 0x40,
  0x1b, 0x4b, 0xb0, 0x1b, 0x50, 0x58, 0x40, 0x1a, 0x00, 0x03, 0x02, 0x03,
  0x66, 0x06, 0x01, 0x02, 0x05, 0x01, 0x00, 0x01, 0x02, 0x00, 0x57, 0x00,
  0x01, 0x01, 0x04, 0x4f, 0x00, 0x04, 0x04, 0x12, 0x04, 0x40, 0x1b, 0x40,
  0x1a, 0x00, 0x03, 0x02, 0x03, 0x66, 0x06, 0x01, 0x02, 0x05, 0x01, 0x00,
  0x01, 0x02, 0x00, 0x57, 0x00, 0x01, 0x01, 0x04, 0x4f, 0x00, 0x04, 0x04,
  0x15, 0x04, 0x40, 0x59, 0x59, 0x59, 0x40, 0x14, 0x10, 0x0f, 0x01, 0x00,
  0x26, 0x24, 0x18, 0x17, 0x0f, 0x2c, 0x10, 0x2c, 0x08, 0x06, 0x00, 0x0e,
  0x01, 0x0e, 0x07, 0x0c, 0x2b, 0x01, 0x22, 0x06, 0x15, 0x14, 0x16, 0x16,
  0x33, 0x32, 0x36, 0x35, 0x34, 0x2e, 0x02, 0x27, 0x32, 0x17, 0x26, 0x27,
  0x05, 0x27, 0x37, 0x27, 0x33, 0x17, 0x25, 0x17, 0x07, 0x12, 0x17, 0x16,
  0x15, 0x14, 0x0e, 0x02, 0x23, 0x22, 0x2e, 0x02, 0x35, 0x34, 0x00, 0x02,
  0x5b, 0x9a, 0xb4, 0x49, 0x9e, 0x6d, 0x9d, 0xb3, 0x2d, 0x54, 0x85, 0x72,
  0x92, 0x81, 0x53, 0xdc, 0xfe, 0xf0, 0x2b, 0xdc, 0xec, 0xdf, 0x92, 0x01,
  0x21, 0x2e, 0xf2, 0xf8, 0x5f, 0x66, 0x42, 0x7e, 0xc5, 0x7d, 0x79, 0xc6,
  0x80, 0x45, 0x01, 0x09, 0x03, 0x41, 0xc8, 0x94, 0x63, 0xa4, 0x6c, 0xca,
  0x9c, 0x45, 0x80, 0x66, 0x3e, 0x8b, 0x5f, 0x9e, 0xde, 0x70, 0x84, 0x57,
  0xe0, 0x9f, 0x71, 0x81, 0x5d, 0xfe, 0xf2, 0xa6, 0xc0, 0xc8, 0x6f, 0xbb,
  0x8c, 0x4f, 0x52, 0x8d, 0xb8, 0x68, 0xdb, 0x01, 0x0b, 0x00, 0xff, 0xff,
  0x00, 0x8f, 0x00, 0x00, 0x04, 0x19, 0x05, 0xcf, 0x10, 0x27, 0x01, 0x6a,
  0xff, 0xe0, 0x04, 0x68, 0x13, 0x06, 0x00, 0x51, 0x00, 0x00, 0x00, 0x09,
  0xb1, 0x00, 0x01, 0xb8, 0x04, 0x68, 0xb0, 0x27, 0x2b, 0x00, 0xff, 0xff,
  0x00, 0x5c, 0xff, 0xe9, 0x04, 0x54, 0x06, 0x5d, 0x10, 0x27, 0x00, 0x43,
  0x00, 0x88, 0xff, 0xf7, 0x13, 0x06, 0x00, 0x52, 0x00, 0x00, 0x00, 0x09,
  0xb1, 0x00, 0x01, 0xb8, 0xff, 0xf7, 0xb0, 0x27, 0x2b, 0x00, 0xff, 0xff,
  0x00, 0x5c, 0xff, 0xe9, 0x04, 0x54, 0x06, 0x5e, 0x10, 0x27, 0x00, 0x76,
  0x01, 0x9f, 0xff, 0xf8, 0x13, 0x06, 0x00, 0x52, 0x00, 0x00, 0x00, 0x09,
  0xb1, 0x00, 0x01, 0xb8, 0xff, 0xf8, 0xb0, 0x27, 0x2b, 0x00, 0xff, 0xff,
  0x00, 0x5c, 0xff, 0xe9, 0x04, 0x54, 0x06, 0x5e, 0x10, 0x27, 0x01, 0x64,
  0x00, 0xc6, 0xff, 0xf7, 0x13, 0x06, 0x00, 0x52, 0x00, 0x00, 0x00, 0x09,
  0xb1, 0x00, 0x01, 0xb8, 0xff, 0xf7, 0xb0, 0x27, 0x2b, 0x00, 0xff, 0xff,
  0x00, 0x5c, 0xff, 0xe9, 0x04, 0x54, 0x05, 0xcf, 0x10, 0x27, 0x01, 0x6a,
  0xff, 0xe4, 0x04, 0x68, 0x13, 0x06, 0x00, 0x52, 0x00, 0x00, 0x00, 0x09,
  0xb1, 0x00, 0x01, 0xb8, 0x04, 0x68, 0xb0, 0x27, 0x2b, 0x00, 0xff, 0xff,
  0x00, 0x5c, 0xff, 0xe9, 0x04, 0x54, 0x05, 0xae, 0x10, 0x27, 0x00, 0x6a,
  0x00, 0xd2, 0xff, 0xf4, 0x13, 0x06, 0x00, 0x52, 0x00, 0x00, 0x00, 0x09,
  0xb1, 0x00, 0x02, 0xb8, 0xff, 0xf4, 0xb0, 0x27, 0x2b, 0x00, 0x00, 0x03,
  0x00, 0x61, 0x00, 0x16, 0x04, 0x4a, 0x04, 0x8e, 0x00, 0x03, 0x00, 0x07,
  0x00, 0x0b, 0x00, 0x61, 0x4b, 0xb0, 0x2f, 0x50, 0x58, 0x40, 0x1d, 0x06,
  0x01, 0x03, 0x00, 0x02, 0x01, 0x03, 0x02, 0x55, 0x00, 0x01, 0x00, 0x00,
  0x05, 0x01, 0x00, 0x55, 0x07, 0x01, 0x05, 0x05, 0x04, 0x4d, 0x00, 0x04,
  0x04, 0x0c, 0x04, 0x40, 0x1b, 0x40, 0x23, 0x06, 0x01, 0x03, 0x00, 0x02,
  0x01, 0x03, 0x02, 0x55, 0x00, 0x01, 0x00, 0x00, 0x05, 0x01, 0x00, 0x55,
  0x07, 0x01, 0x05, 0x04, 0x04, 0x05, 0x49, 0x07, 0x01, 0x05, 0x05, 0x04,
  0x4d, 0x00, 0x04, 0x05, 0x04, 0x41, 0x59, 0x40, 0x13, 0x08, 0x08, 0x04,
  0x04, 0x08, 0x0b, 0x08, 0x0b, 0x0a, 0x09, 0x04, 0x07, 0x04, 0x07, 0x12,
  0x11, 0x10, 0x08, 0x0f, 0x2b, 0x01, 0x21, 0x35, 0x21, 0x01, 0x15, 0x23,
  0x35, 0x13, 0x15, 0x23, 0x35, 0x04, 0x4a, 0xfc, 0x17, 0x03, 0xe9, 0xfe,
  0x82, 0xe1, 0xbf, 0xbf, 0x02, 0x0b, 0x95, 0x01, 0xee, 0xe3, 0xe3, 0xfc,
  0x6b, 0xe3, 0xe3, 0x00, 0x00, 0x03, 0x00, 0x5c, 0xff, 0x15, 0x04, 0x54,
  0x05, 0x2f, 0x00, 0x15, 0x00, 0x1d, 0x00, 0x25, 0x00, 0x5c, 0x40, 0x1d,
  0x0d, 0x0a, 0x02, 0x02, 0x00, 0x1f, 0x1e, 0x1d, 0x16, 0x04, 0x03, 0x02,
  0x15, 0x02, 0x02, 0x01, 0x03, 0x03, 0x3e, 0x0c, 0x0b, 0x02, 0x00, 0x3c,
  0x01, 0x00, 0x02, 0x01, 0x3b, 0x4b, 0xb0, 0x10, 0x50, 0x58, 0x40, 0x15,
  0x00, 0x02, 0x02, 0x00, 0x4f, 0x00, 0x00, 0x00, 0x14, 0x3f, 0x00, 0x03,
  0x03, 0x01, 0x4f, 0x00, 0x01, 0x01, 0x12, 0x01, 0x40, 0x1b, 0x40, 0x15,
  0x00, 0x02, 0x02, 0x00, 0x4f, 0x00, 0x00, 0x00, 0x14, 0x3f, 0x00, 0x03,
  0x03, 0x01, 0x4f, 0x00, 0x01, 0x01, 0x15, 0x01, 0x40, 0x59, 0xb5, 0x27,
  0x23, 0x29, 0x27, 0x04, 0x10, 0x2b, 0x05, 0x27, 0x37, 0x26, 0x02, 0x35,
  0x10, 0x00, 0x33, 0x32, 0x17, 0x37, 0x17, 0x07, 0x16, 0x12, 0x15, 0x14,
  0x00, 0x23, 0x22, 0x27, 0x01, 0x26, 0x23, 0x22, 0x06, 0x15, 0x14, 0x17,
  0x01, 0x01, 0x16, 0x33, 0x32, 0x36, 0x35, 0x10, 0x01, 0x26, 0x47, 0x6d,
  0x73, 0x7d, 0x01, 0x12, 0xef, 0x66, 0x58, 0x6b, 0x4d, 0x6e, 0x73, 0x7c,
  0xfe, 0xf0, 0xf0, 0x69, 0x57, 0x01, 0x4c, 0x3d, 0x4a, 0xa4, 0xac, 0x81,
  0x01, 0x9d, 0xfe, 0xa8, 0x3e, 0x4f, 0xa4, 0xa7, 0xeb, 0x26, 0xf5, 0x47,
  0x01, 0x06, 0xa7, 0x01, 0x00, 0x01, 0x3c, 0x21, 0xf0, 0x1f, 0xf5, 0x46,
  0xfe, 0xf9, 0xa9, 0xff, 0xfe, 0xc3, 0x23, 0x03, 0xaf, 0x19, 0xec, 0xc6,
  0xf7, 0x6f, 0x02, 0xd5, 0xfc, 0xff, 0x1c, 0xea, 0xc6, 0x01, 0x01, 0x00,
  0xff, 0xff, 0x00, 0x69, 0xff, 0xe7, 0x03, 0xe2, 0x06, 0x5d, 0x10, 0x26,
  0x00, 0x43, 0x56, 0xf7, 0x13, 0x06, 0x00, 0x58, 0x00, 0x00, 0x00, 0x09,
  0xb1, 0x00, 0x01, 0xb8, 0xff, 0xf7, 0xb0, 0x27, 0x2b, 0x00, 0x00, 0x00,
  0xff, 0xff, 0x00, 0x69, 0xff, 0xe7, 0x03, 0xe2, 0x06, 0x5e, 0x10, 0x27,
  0x00, 0x76, 0x01, 0x6c, 0xff, 0xf8, 0x13, 0x06, 0x00, 0x58, 0x00, 0x00,
  0x00, 0x09, 0xb1, 0x00, 0x01, 0xb8, 0xff, 0xf8, 0xb0, 0x27, 0x2b, 0x00,
  0xff, 0xff, 0x00, 0x69, 0xff, 0xe7, 0x03, 0xe2, 0x06, 0x5e, 0x10, 0x27,
  0x01, 0x64, 0x00, 0x94, 0xff, 0xf7, 0x13, 0x06, 0x00, 0x58, 0x00, 0x00,
  0x00, 0x09, 0xb1, 0x00, 0x01, 0xb8, 0xff, 0xf7, 0xb0, 0x27, 0x2b, 0x00,
  0xff, 0xff, 0x00, 0x69, 0xff, 0xe7, 0x03, 0xe2, 0x05, 0xae, 0x10, 0x27,
  0x00, 0x6a, 0x00, 0x9f, 0xff, 0xf4, 0x13, 0x06, 0x00, 0x58, 0x00, 0x00,
  0x00, 0x09, 0xb1, 0x00, 0x02, 0xb8, 0xff, 0xf4, 0xb0, 0x27, 0x2b, 0x00,
  0xff, 0xff, 0x00, 0x03, 0xfe, 0x0f, 0x03, 0xf3, 0x06, 0x5e, 0x10, 0x27,
  0x00, 0x76, 0x01, 0x42, 0xff, 0xf8, 0x13, 0x06, 0x00, 0x5c, 0x00, 0x00,
  0x00, 0x09, 0xb1, 0x00, 0x01, 0xb8, 0xff, 0xf8, 0xb0, 0x27, 0x2b, 0x00,
  0x00, 0x02, 0x00, 0x7c, 0xfe, 0x35, 0x04, 0x4b, 0x05, 0xe6, 0x00, 0x13,
  0x00, 0x27, 0x00, 0xdf, 0xb6, 0x06, 0x00, 0x02, 0x04, 0x05, 0x01, 0x3e,
  0x4b, 0xb0, 0x10, 0x50, 0x58, 0x40, 0x20, 0x00, 0x01, 0x01, 0x0d, 0x3f,
  0x00, 0x05, 0x05, 0x02, 0x4f, 0x00, 0x02, 0x02, 0x14, 0x3f, 0x06, 0x01,
  0x04, 0x04, 0x03, 0x4f, 0x00, 0x03, 0x03, 0x12, 0x3f, 0x00, 0x00, 0x00,
  0x10, 0x00, 0x40, 0x1b, 0x4b, 0xb0, 0x19, 0x50, 0x58, 0x40, 0x20, 0x00,
  0x01, 0x01, 0x0d, 0x3f, 0x00, 0x05, 0x05, 0x02, 0x4f, 0x00, 0x02, 0x02,
  0x14, 0x3f, 0x06, 0x01, 0x04, 0x04, 0x03, 0x4f, 0x00, 0x03, 0x03, 0x15,
  0x3f, 0x00, 0x00, 0x00, 0x10, 0x00, 0x40, 0x1b, 0x4b, 0xb0, 0x1b, 0x50,
  0x58, 0x40, 0x20, 0x00, 0x01, 0x01, 0x0d, 0x3f, 0x00, 0x05, 0x05, 0x02,
  0x4f, 0x00, 0x02, 0x02, 0x14, 0x3f, 0x06, 0x01, 0x04, 0x04, 0x03, 0x4f,
  0x00, 0x03, 0x03, 0x12, 0x3f, 0x00, 0x00, 0x00, 0x10, 0x00, 0x40, 0x1b,
  0x4b, 0xb0, 0x2b, 0x50, 0x58, 0x40, 0x20, 0x00, 0x01, 0x01, 0x0d, 0x3f,
  0x00, 0x05, 0x05, 0x02, 0x4f, 0x00, 0x02, 0x02, 0x14, 0x3f, 0x06, 0x01,
  0x04, 0x04, 0x03, 0x4f, 0x00, 0x03, 0x03, 0x15, 0x3f, 0x00, 0x00, 0x00,
  0x10, 0x00, 0x40, 0x1b, 0x40, 0x20, 0x00, 0x05, 0x05, 0x02, 0x4f, 0x00,
  0x02, 0x02, 0x14, 0x3f, 0x06, 0x01, 0x04, 0x04, 0x03, 0x4f, 0x00, 0x03,
  0x03, 0x15, 0x3f, 0x00, 0x01, 0x01, 0x00, 0x4d, 0x00, 0x00, 0x00, 0x10,
  0x00, 0x40, 0x59, 0x59, 0x59, 0x59, 0x40, 0x0e, 0x15, 0x14, 0x20, 0x1e,
  0x14, 0x27, 0x15, 0x27, 0x28, 0x22, 0x12, 0x11, 0x07, 0x10, 0x2b, 0x25,
  0x11, 0x23, 0x11, 0x11, 0x33, 0x11, 0x36, 0x33, 0x1e, 0x02, 0x15, 0x14,
  0x0e, 0x03, 0x23, 0x22, 0x37, 0x32, 0x3e, 0x03, 0x35, 0x34, 0x2e, 0x02,
  0x23, 0x22, 0x06, 0x06, 0x15, 0x14, 0x1e, 0x02, 0x01, 0x24, 0xa8, 0xa8,
  0x81, 0xde, 0x87, 0xd1, 0x70, 0x23, 0x4a, 0x6a, 0x97, 0x5a, 0xf1, 0xde,
  0x43, 0x6c, 0x42, 0x2c, 0x11, 0x1d, 0x40, 0x78, 0x52, 0x6d, 0x9e, 0x4a,
  0x26, 0x4e, 0x83, 0xa2, 0xfd, 0x93, 0x06, 0x88, 0x01, 0x29, 0xfd, 0xbf,
  0xbf, 0x01, 0x95, 0xff, 0x9f, 0x59, 0xa8, 0x96, 0x70, 0x42, 0x8a, 0x37,
  0x58, 0x76, 0x74, 0x3d, 0x4e, 0x90, 0x85, 0x50, 0x7b, 0xc2, 0x76, 0x5a,
  0x99, 0x7c, 0x47, 0x00, 0xff, 0xff, 0x00, 0x03, 0xfe, 0x0f, 0x03, 0xf3,
  0x05, 0xae, 0x10, 0x26, 0x00, 0x6a, 0x74, 0xf4, 0x13, 0x06, 0x00, 0x5c,
  0x00, 0x00, 0x00, 0x09, 0xb1, 0x00, 0x02, 0xb8, 0xff, 0xf4, 0xb0, 0x27,
  0x2b, 0x00, 0x00, 0x00, 0xff, 0xff, 0x00, 0x03, 0x00, 0x00, 0x05, 0x13,
  0x06, 0xd5, 0x10, 0x26, 0x00, 0x71, 0x78, 0x7c, 0x13, 0x06, 0x00, 0x24,
  0x00, 0x00, 0x00, 0x08, 0xb1, 0x00, 0x01, 0xb0, 0x7c, 0xb0, 0x27, 0x2b,
  0xff, 0xff, 0x00, 0x5e, 0xff, 0xe9, 0x03, 0xb9, 0x05, 0x54, 0x10, 0x27,
  0x00, 0x71, 0xff, 0xf8, 0xfe, 0xfb, 0x13, 0x06, 0x00, 0x44, 0x00, 0x00,
  0x00, 0x09, 0xb1, 0x00, 0x01, 0xb8, 0xfe, 0xfb, 0xb0, 0x27, 0x2b, 0x00,
  0xff, 0xff, 0x00, 0x03, 0x00, 0x00, 0x05, 0x13, 0x07, 0x5d, 0x10, 0x27,
  0x01, 0x66, 0x01, 0x10, 0x01, 0x48, 0x13, 0x06, 0x00, 0x24, 0x00, 0x00,
  0x00, 0x09, 0xb1, 0x00, 0x01, 0xb8, 0x01, 0x48, 0xb0, 0x27, 0x2b, 0x00,
  0xff, 0xff, 0x00, 0x5e, 0xff, 0xe9, 0x03, 0xb9, 0x05, 0xdc, 0x10, 0x27,
  0x01, 0x66, 0x00, 0x90, 0xff, 0xc7, 0x13, 0x06, 0x00, 0x44, 0x00, 0x00,
  0x00, 0x09, 0xb1, 0x00, 0x01, 0xb8, 0xff, 0xc7, 0xb0, 0x27, 0x2b, 0x00,
  0xff, 0xff, 0x00, 0x03, 0xfe, 0x66, 0x05, 0x13, 0x05, 0xca, 0x10, 0x27,
  0x01, 0x69, 0x03, 0x2e, 0x00, 0x09, 0x11, 0x06, 0x00, 0x24, 0x00, 0x00,
  0x00, 0x08, 0xb1, 0x00, 0x01, 0xb0, 0x09, 0xb0, 0x27, 0x2b, 0x00, 0x00,
  0xff, 0xff, 0x00, 0x5e, 0xfe, 0x5d, 0x03, 0xde, 0x04, 0x60, 0x10, 0x27,
  0x01, 0x69, 0x02, 0x0a, 0x00, 0x00, 0x10, 0x06, 0x00, 0x44, 0x00, 0x00,
  0xff, 0xff, 0x00, 0x70, 0xff, 0xea, 0x04, 0xd9, 0x07, 0xdf, 0x10, 0x27,
  0x00, 0x76, 0x01, 0xec, 0x01, 0x79, 0x13, 0x06, 0x00, 0x26, 0x00, 0x00,
  0x00, 0x09, 0xb1, 0x00, 0x01, 0xb8, 0x01, 0x79, 0xb0, 0x27, 0x2b, 0x00,
  0xff, 0xff, 0x00, 0x5c, 0xff, 0xe9, 0x03, 0x85, 0x06, 0x5e, 0x10, 0x27,
  0x00, 0x76, 0x01, 0x38, 0xff, 0xf8, 0x13, 0x06, 0x00, 0x46, 0x00, 0x00,
  0x00, 0x09, 0xb1, 0x00, 0x01, 0xb8, 0xff, 0xf8, 0xb0, 0x27, 0x2b, 0x00,
  0xff, 0xff, 0x00, 0x70, 0xff, 0xea, 0x04, 0xd9, 0x07, 0xdf, 0x10, 0x27,
  0x01, 0x64, 0x01, 0x13, 0x01, 0x78, 0x13, 0x06, 0x00, 0x26, 0x00, 0x00,
  0x00, 0x09, 0xb1, 0x00, 0x01, 0xb8, 0x01, 0x78, 0xb0, 0x27, 0x2b, 0x00,
  0xff, 0xff, 0x00, 0x5c, 0xff, 0xe9, 0x03, 0x85, 0x06, 0x5e, 0x10, 0x26,
  0x01, 0x64, 0x5f, 0xf7, 0x13, 0x06, 0x00, 0x46, 0x00, 0x00, 0x00, 0x09,
  0xb1, 0x00, 0x01, 0xb8, 0xff, 0xf7, 0xb0, 0x27, 0x2b, 0x00, 0x00, 0x00,
  0xff, 0xff, 0x00, 0x70, 0xff, 0xea, 0x04, 0xd9, 0x07, 0x21, 0x10, 0x27,
  0x01, 0x6c, 0x01, 0xd6, 0x01, 0x49, 0x13, 0x06, 0x00, 0x26, 0x00, 0x00,
  0x00, 0x09, 0xb1, 0x00, 0x01, 0xb8, 0x01, 0x49, 0xb0, 0x27, 0x2b, 0x00,
  0xff, 0xff, 0x00, 0x5c, 0xff, 0xe9, 0x03, 0x85, 0x05, 0xa0, 0x10, 0x27,
  0x01, 0x6c, 0x01, 0x22, 0xff, 0xc8, 0x13, 0x06, 0x00, 0x46, 0x00, 0x00,
  0x00, 0x09, 0xb1, 0x00, 0x01, 0xb8, 0xff, 0xc8, 0xb0, 0x27, 0x2b, 0x00,
  0xff, 0xff, 0x00, 0x70, 0xff, 0xea, 0x04, 0xd9, 0x07, 0xdf, 0x10, 0x27,
  0x01, 0x65, 0x01, 0x13, 0x01, 0x78, 0x13, 0x06, 0x00, 0x26, 0x00, 0x00,
  0x00, 0x09, 0xb1, 0x00, 0x01, 0xb8, 0x01, 0x78, 0xb0, 0x27, 0x2b, 0x00,
  0xff, 0xff, 0x00, 0x5c, 0xff, 0xe9, 0x03, 0x85, 0x06, 0x5e, 0x10, 0x26,
  0x01, 0x65, 0x5f, 0xf7, 0x13, 0x06, 0x00, 0x46, 0x00, 0x00, 0x00, 0x09,
  0xb1, 0x00, 0x01, 0xb8, 0xff, 0xf7, 0xb0, 0x27, 0x2b, 0x00, 0x00, 0x00,
  0xff, 0xff, 0x00, 0xae, 0x00, 0x00, 0x05, 0x6e, 0x07, 0xdf, 0x10, 0x27,
  0x01, 0x65, 0x01, 0x7c, 0x01, 0x78, 0x13, 0x06, 0x00, 0x27, 0x00, 0x00,
  0x00, 0x09, 0xb1, 0x00, 0x01, 0xb8, 0x01, 0x78, 0xb0, 0x27, 0x2b, 0x00,
  0xff, 0xff, 0x00, 0x5c, 0xff, 0xea, 0x05, 0xd8, 0x05, 0xfd, 0x10, 0x27,
  0x00, 0x0f, 0x04, 0x72, 0x05, 0x13, 0x11, 0x06, 0x00, 0x47, 0x00, 0x00,
  0x00, 0x09, 0xb1, 0x00, 0x01, 0xb8, 0x05, 0x13, 0xb0, 0x27, 0x2b, 0x00,
  0x00, 0x02, 0x00, 0x1d, 0x00, 0x00, 0x05, 0x84, 0x05, 0xd8, 0x00, 0x0f,
  0x00, 0x21, 0x00, 0x3b, 0x40, 0x38, 0x04, 0x01, 0x02, 0x09, 0x07, 0x08,
  0x03, 0x03, 0x00, 0x02, 0x03, 0x55, 0x00, 0x01, 0x01, 0x05, 0x4f, 0x00,
  0x05, 0x05, 0x11, 0x3f, 0x00, 0x00, 0x00, 0x06, 0x4f, 0x00, 0x06, 0x06,
  0x0c, 0x06, 0x40, 0x10, 0x10, 0x00, 0x00, 0x10, 0x21, 0x10, 0x21, 0x20,
  0x1e, 0x15, 0x13, 0x12, 0x11, 0x00, 0x0f, 0x00, 0x0f, 0x11, 0x27, 0x21,
  0x0a, 0x0f, 0x2b, 0x01, 0x11, 0x21, 0x20, 0x00, 0x11, 0x34, 0x2e, 0x03,
  0x23, 0x23, 0x11, 0x33, 0x15, 0x21, 0x35, 0x33, 0x11, 0x21, 0x32, 0x04,
  0x16, 0x16, 0x12, 0x15, 0x14, 0x02, 0x06, 0x04, 0x23, 0x21, 0x11, 0x01,
  0x44, 0x01, 0x3b, 0x01, 0x17, 0x01, 0x31, 0x41, 0x72, 0xae, 0xca, 0x80,
  0xd8, 0xf2, 0xfd, 0xe7, 0x76, 0x01, 0x74, 0xa1, 0x01, 0x06, 0xe4, 0x9a,
  0x58, 0x72, 0xd2, 0xfe, 0xe0, 0xb3, 0xfe, 0x26, 0x02, 0xb9, 0xfd, 0xe2,
  0x01, 0x25, 0x01, 0x1e, 0x8b, 0xd2, 0x89, 0x56, 0x23, 0xfe, 0x03, 0x87,
  0x87, 0x02, 0x98, 0x2e, 0x6e, 0xab, 0xfe, 0xfa, 0xa9, 0xb7, 0xfe, 0xe5,
  0xb4, 0x5c, 0x02, 0xb9, 0x00, 0x02, 0x00, 0x46, 0xff, 0xe8, 0x04, 0x8e,
  0x05, 0xe6, 0x00, 0x19, 0x00, 0x2b, 0x00, 0xda, 0x40, 0x0c, 0x17, 0x0a,
  0x02, 0x07, 0x08, 0x01, 0x3e, 0x10, 0x0f, 0x02, 0x03, 0x3c, 0x4b, 0xb0,
  0x10, 0x50, 0x58, 0x40, 0x22, 0x04, 0x01, 0x03, 0x05, 0x01, 0x02, 0x01,
  0x03, 0x02, 0x55, 0x00, 0x08, 0x08, 0x01, 0x4f, 0x00, 0x01, 0x01, 0x14,
  0x3f, 0x0a, 0x01, 0x07, 0x07, 0x00, 0x4f, 0x06, 0x09, 0x02, 0x00, 0x00,
  0x15, 0x00, 0x40, 0x1b, 0x4b, 0xb0, 0x15, 0x50, 0x58, 0x40, 0x22, 0x04,
  0x01, 0x03, 0x05, 0x01, 0x02, 0x01, 0x03, 0x02, 0x55, 0x00, 0x08, 0x08,
  0x01, 0x4f, 0x00, 0x01, 0x01, 0x14, 0x3f, 0x0a, 0x01, 0x07, 0x07, 0x00,
  0x4f, 0x06, 0x09, 0x02, 0x00, 0x00, 0x12, 0x00, 0x40, 0x1b, 0x4b, 0xb0,
  0x19, 0x50, 0x58, 0x40, 0x26, 0x04, 0x01, 0x03, 0x05, 0x01, 0x02, 0x01,
  0x03, 0x02, 0x55, 0x00, 0x08, 0x08, 0x01, 0x4f, 0x00, 0x01, 0x01, 0x14,
  0x3f, 0x00, 0x06, 0x06, 0x0c, 0x3f, 0x0a, 0x01, 0x07, 0x07, 0x00, 0x4f,
  0x09, 0x01, 0x00, 0x00, 0x12, 0x00, 0x40, 0x1b, 0x40, 0x26, 0x04, 0x01,
  0x03, 0x05, 0x01, 0x02, 0x01, 0x03, 0x02, 0x55, 0x00, 0x08, 0x08, 0x01,
  0x4f, 0x00, 0x01, 0x01, 0x14, 0x3f, 0x00, 0x06, 0x06, 0x0c, 0x3f, 0x0a,
  0x01, 0x07, 0x07, 0x00, 0x4f, 0x09, 0x01, 0x00, 0x00, 0x15, 0x00, 0x40,
  0x59, 0x59, 0x59, 0x40, 0x1c, 0x1b, 0x1a, 0x01, 0x00, 0x23, 0x21, 0x1a,
  0x2b, 0x1b, 0x2b, 0x16, 0x15, 0x14, 0x13, 0x12, 0x11, 0x0e, 0x0d, 0x0c,
  0x0b, 0x08, 0x06, 0x00, 0x19, 0x01, 0x19, 0x0b, 0x0c, 0x2b, 0x05, 0x22,
  0x02, 0x11, 0x34, 0x12, 0x36, 0x33, 0x32, 0x16, 0x17, 0x11, 0x23, 0x35,
  0x33, 0x35, 0x37, 0x15, 0x33, 0x15, 0x23, 0x11, 0x23, 0x27, 0x06, 0x06,
  0x27, 0x32, 0x36, 0x35, 0x34, 0x2e, 0x02, 0x23, 0x22, 0x0e, 0x02, 0x15,
  0x14, 0x1e, 0x02, 0x02, 0x1d, 0xda, 0xfd, 0x73, 0xd6, 0x88, 0x6f, 0xc1,
  0x2a, 0xdf, 0xdf, 0xa8, 0x75, 0x75, 0x95, 0x15, 0x31, 0xb3, 0x63, 0xa1,
  0xa9, 0x27, 0x4e, 0x82, 0x55, 0x50, 0x7b, 0x46, 0x22, 0x22, 0x46, 0x7b,
  0x18, 0x01, 0x43, 0x01, 0x06, 0x9b, 0x01, 0x01, 0x98, 0x66, 0x56, 0x01,
  0x06, 0x8e, 0x95, 0x14, 0xa9, 0x8e, 0xfb, 0x51, 0xac, 0x58, 0x6c, 0x94,
  0xf0, 0xbb, 0x5a, 0x98, 0x76, 0x42, 0x4a, 0x7d, 0x90, 0x4e, 0x56, 0x95,
  0x7d, 0x48, 0xff, 0xff, 0x00, 0xae, 0x00, 0x00, 0x04, 0x0d, 0x06, 0xd5,
  0x10, 0x26, 0x00, 0x71, 0x4a, 0x7c, 0x13, 0x06, 0x00, 0x28, 0x00, 0x00,
  0x00, 0x08, 0xb1, 0x00, 0x01, 0xb0, 0x7c, 0xb0, 0x27, 0x2b, 0xff, 0xff,
  0x00, 0x5d, 0xff, 0xe9, 0x03, 0xfb, 0x05, 0x54, 0x10, 0x27, 0x00, 0x71,
  0x00, 0x19, 0xfe, 0xfb, 0x13, 0x06, 0x00, 0x48, 0x00, 0x00, 0x00, 0x09,
  0xb1, 0x00, 0x01, 0xb8, 0xfe, 0xfb, 0xb0, 0x27, 0x2b, 0x00, 0xff, 0xff,
  0x00, 0xae, 0x00, 0x00, 0x04, 0x0d, 0x07, 0x21, 0x10, 0x27, 0x01, 0x6c,
  0x01, 0x90, 0x01, 0x49, 0x13, 0x06, 0x00, 0x28, 0x00, 0x00, 0x00, 0x09,
  0xb1, 0x00, 0x01, 0xb8, 0x01, 0x49, 0xb0, 0x27, 0x2b, 0x00, 0xff, 0xff,
  0x00, 0x5d, 0xff, 0xe9, 0x03, 0xfb, 0x05, 0xa0, 0x10, 0x27, 0x01, 0x6c,
  0x01, 0x5e, 0xff, 0xc8, 0x13, 0x06, 0x00, 0x48, 0x00, 0x00, 0x00, 0x09,
  0xb1, 0x00, 0x01, 0xb8, 0xff, 0xc8, 0xb0, 0x27, 0x2b, 0x00, 0xff, 0xff,
  0x00, 0xae, 0xfe, 0x66, 0x04, 0x0d, 0x05, 0xc7, 0x10, 0x27, 0x01, 0x69,
  0x01, 0xc8, 0x00, 0x09, 0x11, 0x06, 0x00, 0x28, 0x00, 0x00, 0x00, 0x08,
  0xb1, 0x00, 0x01, 0xb0, 0x09, 0xb0, 0x27, 0x2b, 0x00, 0x00, 0xff, 0xff,
  0x00, 0x5d, 0xfe, 0x4f, 0x03, 0xfb, 0x04, 0x60, 0x10, 0x27, 0x01, 0x69,
  0x01, 0x50, 0xff, 0xf2, 0x13, 0x06, 0x00, 0x48, 0x00, 0x00, 0x00, 0x09,
  0xb1, 0x00, 0x01, 0xb8, 0xff, 0xf2, 0xb0, 0x27, 0x2b, 0x00, 0xff, 0xff,
  0x00, 0xae, 0x00, 0x00, 0x04, 0x0d, 0x07, 0xdf, 0x10, 0x27, 0x01, 0x65,
  0x00, 0xcc, 0x01, 0x78, 0x13, 0x06, 0x00, 0x28, 0x00, 0x00, 0x00, 0x09,
  0xb1, 0x00, 0x01, 0xb8, 0x01, 0x78, 0xb0, 0x27, 0x2b, 0x00, 0xff, 0xff,
  0x00, 0x5d, 0xff, 0xe9, 0x03, 0xfb, 0x06, 0x5e, 0x10, 0x27, 0x01, 0x65,
  0x00, 0x9a, 0xff, 0xf7, 0x13, 0x06, 0x00, 0x48, 0x00, 0x00, 0x00, 0x09,
  0xb1, 0x00, 0x01, 0xb8, 0xff, 0xf7, 0xb0, 0x27, 0x2b, 0x00, 0xff, 0xff,
  0x00, 0x71, 0xff, 0xea, 0x05, 0x33, 0x07, 0xdf, 0x10, 0x27, 0x01, 0x64,
  0x01, 0x40, 0x01, 0x78, 0x13, 0x06, 0x00, 0x2a, 0x00, 0x00, 0x00, 0x09,
  0xb1, 0x00, 0x01, 0xb8, 0x01, 0x78, 0xb0, 0x27, 0x2b, 0x00, 0xff, 0xff,
  0x00, 0x46, 0xfe, 0x0a, 0x04, 0x1c, 0x06, 0x5e, 0x10, 0x27, 0x01, 0x64,
  0x00, 0xa0, 0xff, 0xf7, 0x13, 0x06, 0x00, 0x4a, 0x00, 0x00, 0x00, 0x09,
  0xb1, 0x00, 0x01, 0xb8, 0xff, 0xf7, 0xb0, 0x27, 0x2b, 0x00, 0xff, 0xff,
  0x00, 0x71, 0xff, 0xea, 0x05, 0x33, 0x07, 0x5d, 0x10, 0x27, 0x01, 0x66,
  0x01, 0x57, 0x01, 0x48, 0x13, 0x06, 0x00, 0x2a, 0x00, 0x00, 0x00, 0x09,
  0xb1, 0x00, 0x01, 0xb8, 0x01, 0x48, 0xb0, 0x27, 0x2b, 0x00, 0xff, 0xff,
  0x00, 0x46, 0xfe, 0x0a, 0x04, 0x1c, 0x05, 0xdc, 0x10, 0x27, 0x01, 0x66,
  0x00, 0xb6, 0xff, 0xc7, 0x13, 0x06, 0x00, 0x4a, 0x00, 0x00, 0x00, 0x09,
  0xb1, 0x00, 0x01, 0xb8, 0xff, 0xc7, 0xb0, 0x27, 0x2b, 0x00, 0xff, 0xff,
  0x00, 0x71, 0xff, 0xea, 0x05, 0x33, 0x07, 0x21, 0x10, 0x27, 0x01, 0x6c,
  0x02, 0x04, 0x01, 0x49, 0x13, 0x06, 0x00, 0x2a, 0x00, 0x00, 0x00, 0x09,
  0xb1, 0x00, 0x01, 0xb8, 0x01, 0x49, 0xb0, 0x27, 0x2b, 0x00, 0xff, 0xff,
  0x00, 0x46, 0xfe, 0x0a, 0x04, 0x1c, 0x05, 0xa0, 0x10, 0x27, 0x01, 0x6c,
  0x01, 0x63, 0xff, 0xc8, 0x13, 0x06, 0x00, 0x4a, 0x00, 0x00, 0x00, 0x09,
  0xb1, 0x00, 0x01, 0xb8, 0xff, 0xc8, 0xb0, 0x27, 0x2b, 0x00, 0xff, 0xff,
  0x00, 0x71, 0xfd, 0x7e, 0x05, 0x33, 0x05, 0xe0, 0x10, 0x27, 0x01, 0x6f,
  0x01, 0xc0, 0x00, 0x1e, 0x13, 0x06, 0x00, 0x2a, 0x00, 0x00, 0x00, 0x08,
  0xb1, 0x00, 0x01, 0xb0, 0x1e, 0xb0, 0x27, 0x2b, 0x00, 0x00, 0x00, 0x03,
  0x00, 0x46, 0xfe, 0x0a, 0x04, 0x1c, 0x06, 0xd5, 0x00, 0x16, 0x00, 0x3d,
  0x00, 0x41, 0x00, 0x90, 0xb6, 0x32, 0x21, 0x02, 0x00, 0x01, 0x01, 0x3e,
  0x4b, 0xb0, 0x15, 0x50, 0x58, 0x40, 0x2b, 0x0b, 0x01, 0x08, 0x00, 0x07,
  0x04, 0x08, 0x07, 0x55, 0x00, 0x01, 0x01, 0x04, 0x4f, 0x05, 0x01, 0x04,
  0x04, 0x14, 0x3f, 0x09, 0x01, 0x00, 0x00, 0x03, 0x4f, 0x00, 0x03, 0x03,
  0x0c, 0x3f, 0x00, 0x02, 0x02, 0x06, 0x4f, 0x0a, 0x01, 0x06, 0x06, 0x16,
  0x06, 0x40, 0x1b, 0x40, 0x2f, 0x0b, 0x01, 0x08, 0x00, 0x07, 0x04, 0x08,
  0x07, 0x55, 0x00, 0x05, 0x05, 0x0e, 0x3f, 0x00, 0x01, 0x01, 0x04, 0x4f,
  0x00, 0x04, 0x04, 0x14, 0x3f, 0x09, 0x01, 0x00, 0x00, 0x03, 0x4f, 0x00,
  0x03, 0x03, 0x0c, 0x3f, 0x00, 0x02, 0x02, 0x06, 0x4f, 0x0a, 0x01, 0x06,
  0x06, 0x16, 0x06, 0x40, 0x59, 0x40, 0x20, 0x3e, 0x3e, 0x17, 0x17, 0x01,
  0x00, 0x3e, 0x41, 0x3e, 0x41, 0x40, 0x3f, 0x17, 0x3d, 0x17, 0x3c, 0x34,
  0x33, 0x30, 0x2e, 0x25, 0x23, 0x1a, 0x18, 0x0c, 0x0a, 0x00, 0x16, 0x01,
  0x16, 0x0c, 0x0c, 0x2b, 0x25, 0x32, 0x3e, 0x02, 0x35, 0x35, 0x34, 0x2e,
  0x02, 0x23, 0x22, 0x0e, 0x03, 0x15, 0x14, 0x1e, 0x03, 0x03, 0x27, 0x33,
  0x32, 0x3e, 0x04, 0x35, 0x35, 0x06, 0x06, 0x23, 0x22, 0x2e, 0x03, 0x35,
  0x34, 0x3e, 0x02, 0x33, 0x32, 0x16, 0x17, 0x35, 0x33, 0x11, 0x14, 0x0e,
  0x05, 0x23, 0x01, 0x03, 0x23, 0x13, 0x02, 0x39, 0x55, 0x80, 0x48, 0x23,
  0x24, 0x4b, 0x7d, 0x53, 0x45, 0x71, 0x49, 0x33, 0x16, 0x18, 0x34, 0x4a,
  0x6f, 0xbf, 0x0f, 0xcc, 0x55, 0x7e, 0x54, 0x34, 0x1b, 0x09, 0x3c, 0x9e,
  0x7a, 0x5e, 0x9f, 0x6d, 0x4d, 0x23, 0x3b, 0x74, 0xbd, 0x7a, 0x6c, 0xa1,
  0x40, 0xa3, 0x07, 0x1b, 0x2e, 0x53, 0x73, 0xaa, 0x6b, 0x01, 0x28, 0x6e,
  0xc3, 0xa5, 0x8f, 0x3c, 0x6a, 0x82, 0x4d, 0x51, 0x50, 0x87, 0x6b, 0x3c,
  0x34, 0x55, 0x71, 0x74, 0x3b, 0x3a, 0x72, 0x6c, 0x51, 0x32, 0xfd, 0x7b,
  0x97, 0x18, 0x37, 0x43, 0x6b, 0x69, 0x4c, 0x61, 0x56, 0x5d, 0x41, 0x6c,
  0x8e, 0x98, 0x4d, 0x78, 0xcc, 0xa0, 0x5b, 0x53, 0x56, 0x92, 0xfc, 0x06,
  0x46, 0x69, 0x80, 0x5c, 0x5d, 0x39, 0x24, 0x08, 0xcb, 0xfe, 0x0d, 0x01,
  0xf3, 0x00, 0xff, 0xff, 0x00, 0xae, 0x00, 0x00, 0x05, 0x22, 0x07, 0xdf,
  0x10, 0x27, 0x01, 0x64, 0x01, 0x56, 0x01, 0x78, 0x13, 0x06, 0x00, 0x2b,
  0x00, 0x00, 0x00, 0x09, 0xb1, 0x00, 0x01, 0xb8, 0x01, 0x78, 0xb0, 0x27,
  0x2b, 0x00, 0xff, 0xff, 0x00, 0x91, 0x00, 0x00, 0x04, 0x19, 0x07, 0xfb,
  0x10, 0x27, 0x01, 0x64, 0x00, 0xc4, 0x01, 0x94, 0x13, 0x06, 0x00, 0x4b,
  0x00, 0x00, 0x00, 0x09, 0xb1, 0x00, 0x01, 0xb8, 0x01, 0x94, 0xb0, 0x27,
  0x2b, 0x00, 0x00, 0x02, 0x00, 0x39, 0x00, 0x00, 0x05, 0x80, 0x05, 0xd8,
  0x00, 0x03, 0x00, 0x17, 0x00, 0x42, 0x40, 0x3f, 0x09, 0x07, 0x02, 0x05,
  0x0a, 0x04, 0x0c, 0x03, 0x01, 0x00, 0x05, 0x01, 0x55, 0x00, 0x00, 0x00,
  0x02, 0x03, 0x00, 0x02, 0x55, 0x08, 0x01, 0x06, 0x06, 0x0b, 0x3f, 0x0b,
  0x01, 0x03, 0x03, 0x0c, 0x03, 0x40, 0x00, 0x00, 0x17, 0x16, 0x15, 0x14,
  0x13, 0x12, 0x11, 0x10, 0x0f, 0x0e, 0x0d, 0x0c, 0x0b, 0x0a, 0x09, 0x08,
  0x07, 0x06, 0x05, 0x04, 0x00, 0x03, 0x00, 0x03, 0x11, 0x0d, 0x0d, 0x2b,
  0x01, 0x11, 0x21, 0x11, 0x11, 0x21, 0x11, 0x23, 0x11, 0x23, 0x35, 0x33,
  0x35, 0x33, 0x15, 0x21, 0x35, 0x33, 0x15, 0x33, 0x15, 0x23, 0x11, 0x23,
  0x01, 0x44, 0x03, 0x31, 0xfc, 0xcf, 0xb1, 0x5a, 0x5a, 0xb1, 0x03, 0x31,
  0xb1, 0x5a, 0x5a, 0xb1, 0x04, 0x7a, 0xfe, 0xd6, 0x01, 0x2a, 0xfe, 0x3e,
  0xfd, 0x48, 0x04, 0x7a, 0x69, 0xf5, 0xf5, 0xf5, 0xf5, 0x69, 0xfb, 0x86,
  0x00, 0x01, 0x00, 0x15, 0x00, 0x00, 0x03, 0xef, 0x05, 0xe6, 0x00, 0x1d,
  0x00, 0x34, 0x40, 0x31, 0x1d, 0x0c, 0x02, 0x00, 0x07, 0x01, 0x3e, 0x07,
  0x06, 0x02, 0x02, 0x3c, 0x03, 0x01, 0x02, 0x04, 0x01, 0x01, 0x05, 0x02,
  0x01, 0x55, 0x00, 0x07, 0x07, 0x05, 0x4f, 0x00, 0x05, 0x05, 0x14, 0x3f,
  0x06, 0x01, 0x00, 0x00, 0x0c, 0x00, 0x40, 0x26, 0x13, 0x22, 0x11, 0x13,
  0x11, 0x11, 0x10, 0x08, 0x14, 0x2b, 0x21, 0x23, 0x11, 0x23, 0x35, 0x33,
  0x35, 0x37, 0x15, 0x21, 0x15, 0x21, 0x11, 0x36, 0x33, 0x32, 0x16, 0x15,
  0x11, 0x23, 0x11, 0x34, 0x2e, 0x03, 0x23, 0x22, 0x06, 0x07, 0x01, 0x1a,
  0xa8, 0x5d, 0x5d, 0xa8, 0x01, 0x14, 0xfe, 0xec, 0x91, 0xf7, 0xa8, 0xa5,
  0xa8, 0x0a, 0x1b, 0x31, 0x4e, 0x38, 0x79, 0xc2, 0x16, 0x04, 0xf6, 0x74,
  0x68, 0x14, 0x7c, 0x74, 0xfe, 0xbf, 0xaf, 0xef, 0xdd, 0xfd, 0x68, 0x02,
  0x69, 0x50, 0x6c, 0x5d, 0x35, 0x1d, 0x93, 0x55, 0xff, 0xff, 0xff, 0xa1,
  0x00, 0x00, 0x02, 0x78, 0x07, 0x50, 0x10, 0x27, 0x01, 0x6a, 0xfe, 0x98,
  0x05, 0xe9, 0x13, 0x06, 0x00, 0x2c, 0x00, 0x00, 0x00, 0x09, 0xb1, 0x00,
  0x01, 0xb8, 0x05, 0xe9, 0xb0, 0x27, 0x2b, 0x00, 0xff, 0xff, 0xff, 0x70,
  0x00, 0x00, 0x02, 0x47, 0x05, 0xcf, 0x10, 0x27, 0x01, 0x6a, 0xfe, 0x67,
  0x04, 0x68, 0x13, 0x06, 0x00, 0xf0, 0x00, 0x00, 0x00, 0x09, 0xb1, 0x00,
  0x01, 0xb8, 0x04, 0x68, 0xb0, 0x27, 0x2b, 0x00, 0xff, 0xff, 0xff, 0xaa,
  0x00, 0x00, 0x02, 0x70, 0x06, 0xd5, 0x10, 0x27, 0x00, 0x71, 0xfe, 0xfa,
  0x00, 0x7c, 0x13, 0x06, 0x00, 0x2c, 0x00, 0x00, 0x00, 0x08, 0xb1, 0x00,
  0x01, 0xb0, 0x7c, 0xb0, 0x27, 0x2b, 0x00, 0x00, 0xff, 0xff, 0xff, 0x78,
  0x00, 0x00, 0x02, 0x3e, 0x05, 0x54, 0x10, 0x27, 0x00, 0x71, 0xfe, 0xc8,
  0xfe, 0xfb, 0x13, 0x06, 0x00, 0xf0, 0x00, 0x00, 0x00, 0x09, 0xb1, 0x00,
  0x01, 0xb8, 0xfe, 0xfb, 0xb0, 0x27, 0x2b, 0x00, 0xff, 0xff, 0x00, 0x12,
  0x00, 0x00, 0x02, 0x08, 0x07, 0x5d, 0x10, 0x27, 0x01, 0x66, 0xff, 0x92,
  0x01, 0x48, 0x13, 0x06, 0x00, 0x2c, 0x00, 0x00, 0x00, 0x09, 0xb1, 0x00,
  0x01, 0xb8, 0x01, 0x48, 0xb0, 0x27, 0x2b, 0x00, 0xff, 0xff, 0xff, 0xe0,
  0x00, 0x00, 0x01, 0xd6, 0x05, 0xdc, 0x10, 0x27, 0x01, 0x66, 0xff, 0x60,
  0xff, 0xc7, 0x13, 0x06, 0x00, 0xf0, 0x00, 0x00, 0x00, 0x09, 0xb1, 0x00,
  0x01, 0xb8, 0xff, 0xc7, 0xb0, 0x27, 0x2b, 0x00, 0xff, 0xff, 0x00, 0x14,
  0xfe, 0x66, 0x01, 0x72, 0x05, 0xc7, 0x10, 0x26, 0x01, 0x69, 0x9e, 0x09,
  0x13, 0x06, 0x00, 0x2c, 0x00, 0x00, 0x00, 0x08, 0xb1, 0x00, 0x01, 0xb0,
  0x09, 0xb0, 0x27, 0x2b, 0xff, 0xff, 0x00, 0x08, 0xfe, 0x66, 0x01, 0x66,
  0x05, 0xd8, 0x10, 0x26, 0x01, 0x69, 0x92, 0x09, 0x13, 0x06, 0x00, 0x4c,
  0x00, 0x00, 0x00, 0x08, 0xb1, 0x00, 0x01, 0xb0, 0x09, 0xb0, 0x27, 0x2b,
  0xff, 0xff, 0x00, 0xb6, 0x00, 0x00, 0x01, 0x63, 0x07, 0x0d, 0x10, 0x27,
  0x01, 0x67, 0x01, 0x0c, 0x05, 0xe1, 0x13, 0x06, 0x00, 0x2c, 0x00, 0x00,
  0x00, 0x09, 0xb1, 0x00, 0x01, 0xb8, 0xfb, 0x54, 0xb0, 0x27, 0x2b, 0x00,
  0x00, 0x01, 0x00, 0x87, 0x00, 0x00, 0x01, 0x30, 0x04, 0x4a, 0x00, 0x03,
  0x00, 0x18, 0x40, 0x15, 0x02, 0x01, 0x01, 0x01, 0x0e, 0x3f, 0x00, 0x00,
  0x00, 0x0c, 0x00, 0x40, 0x00, 0x00, 0x00, 0x03, 0x00, 0x03, 0x11, 0x03,
  0x0d, 0x2b, 0x01, 0x11, 0x23, 0x11, 0x01, 0x30, 0xa9, 0x04, 0x4a, 0xfb,
  0xb6, 0x04, 0x4a, 0x00, 0x00, 0x02, 0x00, 0xb6, 0xff, 0x2a, 0x03, 0xaf,
  0x05, 0xd8, 0x00, 0x13, 0x00, 0x17, 0x00, 0x3e, 0x4b, 0xb0, 0x1d, 0x50,
  0x58, 0x40, 0x13, 0x00, 0x02, 0x00, 0x01, 0x02, 0x01, 0x53, 0x04, 0x01,
  0x00, 0x00, 0x0b, 0x3f, 0x00, 0x03, 0x03, 0x0c, 0x03, 0x40, 0x1b, 0x40,
  0x17, 0x00, 0x02, 0x00, 0x01, 0x02, 0x01, 0x53, 0x00, 0x00, 0x00, 0x0b,
  0x3f, 0x00, 0x04, 0x04, 0x0b, 0x3f, 0x00, 0x03, 0x03, 0x0c, 0x03, 0x40,
  0x59, 0xb6, 0x11, 0x15, 0x21, 0x28, 0x11, 0x05, 0x11, 0x2b, 0x25, 0x11,
  0x33, 0x11, 0x14, 0x0e, 0x05, 0x23, 0x23, 0x27, 0x33, 0x32, 0x3e, 0x03,
  0x05, 0x23, 0x11, 0x33, 0x02, 0xfe, 0xb1, 0x06, 0x12, 0x23, 0x38, 0x53,
  0x72, 0x4b, 0x23, 0x15, 0x4a, 0x35, 0x49, 0x28, 0x15, 0x05, 0xfe, 0x65,
  0xad, 0xad, 0xb5, 0x05, 0x23, 0xfb, 0x19, 0x49, 0x64, 0x67, 0x42, 0x3d,
  0x21, 0x13, 0x8e, 0x1a, 0x27, 0x48, 0x3f, 0x80, 0x05, 0xc7, 0x00, 0x04,
  0x00, 0x9f, 0xfe, 0x0a, 0x03, 0x1c, 0x05, 0xd8, 0x00, 0x12, 0x00, 0x16,
  0x00, 0x1a, 0x00, 0x1e, 0x00, 0x4b, 0x40, 0x48, 0x07, 0x01, 0x03, 0x03,
  0x04, 0x4d, 0x0c, 0x08, 0x0a, 0x03, 0x04, 0x04, 0x0b, 0x3f, 0x0b, 0x06,
  0x09, 0x03, 0x02, 0x02, 0x0e, 0x3f, 0x00, 0x05, 0x05, 0x0c, 0x3f, 0x00,
  0x01, 0x01, 0x00, 0x4f, 0x00, 0x00, 0x00, 0x16, 0x00, 0x40, 0x1b, 0x1b,
  0x17, 0x17, 0x13, 0x13, 0x00, 0x00, 0x1b, 0x1e, 0x1b, 0x1e, 0x1d, 0x1c,
  0x17, 0x1a, 0x17, 0x1a, 0x19, 0x18, 0x13, 0x16, 0x13, 0x16, 0x15, 0x14,
  0x00, 0x12, 0x00, 0x12, 0x21, 0x25, 0x0d, 0x0e, 0x2b, 0x01, 0x11, 0x14,
  0x0e, 0x02, 0x23, 0x23, 0x27, 0x33, 0x32, 0x3e, 0x05, 0x35, 0x11, 0x13,
  0x15, 0x23, 0x35, 0x01, 0x11, 0x23, 0x11, 0x13, 0x15, 0x23, 0x35, 0x03,
  0x1c, 0x1b, 0x4b, 0x80, 0x67, 0x34, 0x16, 0x34, 0x27, 0x39, 0x29, 0x1a,
  0x0f, 0x07, 0x02, 0xa8, 0xa8, 0xfe, 0xd3, 0xa8, 0xa8, 0xa8, 0x04, 0x49,
  0xfb, 0x2c, 0x6a, 0x82, 0x5b, 0x24, 0x97, 0x09, 0x0e, 0x20, 0x1d, 0x3a,
  0x2e, 0x2a, 0x04, 0xc2, 0x01, 0x8f, 0xc6, 0xc6, 0xfe, 0x71, 0xfb, 0xb7,
  0x04, 0x49, 0x01, 0x8f, 0xc6, 0xc6, 0xff, 0xff, 0xff, 0x90, 0xff, 0x2a,
  0x01, 0xdb, 0x07, 0xdf, 0x10, 0x27, 0x01, 0x64, 0xff, 0x24, 0x01, 0x78,
  0x13, 0x06, 0x00, 0x2d, 0x00, 0x00, 0x00, 0x09, 0xb1, 0x00, 0x01, 0xb8,
  0x01, 0x78, 0xb0, 0x27, 0x2b, 0x00, 0xff, 0xff, 0xff, 0x59, 0xfe, 0x0a,
  0x01, 0xa4, 0x06, 0x5e, 0x10, 0x27, 0x01, 0x64, 0xfe, 0xed, 0xff, 0xf7,
  0x13, 0x06, 0x01, 0x63, 0x00, 0x00, 0x00, 0x09, 0xb1, 0x00, 0x01, 0xb8,
  0xff, 0xf7, 0xb0, 0x27, 0x2b, 0x00, 0xff, 0xff, 0x00, 0xad, 0xfd, 0x94,
  0x04, 0xec, 0x05, 0xc7, 0x10, 0x27, 0x01, 0x6f, 0x01, 0xba, 0x00, 0x34,
  0x13, 0x06, 0x00, 0x2e, 0x00, 0x00, 0x00, 0x08, 0xb1, 0x00, 0x01, 0xb0,
  0x34, 0xb0, 0x27, 0x2b, 0x00, 0x00, 0xff, 0xff, 0x00, 0x91, 0xfd, 0x94,
  0x04, 0x12, 0x05, 0xfd, 0x10, 0x27, 0x01, 0x6f, 0x01, 0x40, 0x00, 0x34,
  0x13, 0x06, 0x00, 0x4e, 0x00, 0x00, 0x00, 0x08, 0xb1, 0x00, 0x01, 0xb0,
  0x34, 0xb0, 0x27, 0x2b, 0x00, 0x00, 0x00, 0x01, 0x00, 0x93, 0x00, 0x00,
  0x03, 0xf6, 0x04, 0x51, 0x00, 0x0c, 0x00, 0x24, 0x40, 0x21, 0x0a, 0x07,
  0x02, 0x03, 0x00, 0x01, 0x01, 0x3e, 0x02, 0x01, 0x01, 0x01, 0x0e, 0x3f,
  0x04, 0x03, 0x02, 0x00, 0x00, 0x0c, 0x00, 0x40, 0x00, 0x00, 0x00, 0x0c,
  0x00, 0x0c, 0x12, 0x11, 0x13, 0x05, 0x0f, 0x2b, 0x21, 0x01, 0x27, 0x11,
  0x23, 0x11, 0x33, 0x11, 0x01, 0x33, 0x01, 0x00, 0x17, 0x03, 0x37, 0xfe,
  0x09, 0x1b, 0x92, 0x92, 0x01, 0xe3, 0xcd, 0xfd, 0xf5, 0x01, 0x5d, 0xcf,
  0x01, 0xe0, 0x1a, 0xfe, 0x06, 0x04, 0x51, 0xfe, 0x07, 0x01, 0xf9, 0xfd,
  0xd6, 0xfe, 0xbc, 0xe3, 0xff, 0xff, 0x00, 0xae, 0x00, 0x00, 0x03, 0xe7,
  0x07, 0xdf, 0x10, 0x27, 0x00, 0x76, 0x01, 0x92, 0x01, 0x79, 0x13, 0x06,
  0x00, 0x2f, 0x00, 0x00, 0x00, 0x09, 0xb1, 0x00, 0x01, 0xb8, 0x01, 0x79,
  0xb0, 0x27, 0x2b, 0x00, 0xff, 0xff, 0x00, 0x91, 0xff, 0xec, 0x02, 0xf8,
  0x07, 0xfb, 0x10, 0x27, 0x00, 0x76, 0x00, 0xc1, 0x01, 0x95, 0x13, 0x06,
  0x00, 0x4f, 0x00, 0x00, 0x00, 0x09, 0xb1, 0x00, 0x01, 0xb8, 0x01, 0x95,
  0xb0, 0x27, 0x2b, 0x00, 0xff, 0xff, 0x00, 0xae, 0xfd, 0x94, 0x03, 0xe7,
  0x05, 0xc7, 0x10, 0x27, 0x01, 0x6f, 0x01, 0x38, 0x00, 0x34, 0x13, 0x06,
  0x00, 0x2f, 0x00, 0x00, 0x00, 0x08, 0xb1, 0x00, 0x01, 0xb0, 0x34, 0xb0,
  0x27, 0x2b, 0x00, 0x00, 0xff, 0xff, 0x00, 0x91, 0xfd, 0x80, 0x02, 0x63,
  0x05, 0xfd, 0x10, 0x26, 0x01, 0x6f, 0x68, 0x20, 0x13, 0x06, 0x00, 0x4f,
  0x00, 0x00, 0x00, 0x08, 0xb1, 0x00, 0x01, 0xb0, 0x20, 0xb0, 0x27, 0x2b,
  0xff, 0xff, 0x00, 0xae, 0x00, 0x00, 0x05, 0x97, 0x05, 0xe1, 0x10, 0x27,
  0x00, 0x0f, 0x04, 0x31, 0x04, 0xf7, 0x11, 0x06, 0x00, 0x2f, 0x00, 0x00,
  0x00, 0x09, 0xb1, 0x00, 0x01, 0xb8, 0x04, 0xf7, 0xb0, 0x27, 0x2b, 0x00,
  0xff, 0xff, 0x00, 0x91, 0xff, 0xec, 0x03, 0x31, 0x05, 0xfd, 0x10, 0x27,
  0x00, 0x0f, 0x01, 0xcb, 0x05, 0x13, 0x11, 0x06, 0x00, 0x4f, 0x00, 0x00,
  0x00, 0x09, 0xb1, 0x00, 0x01, 0xb8, 0x05, 0x13, 0xb0, 0x27, 0x2b, 0x00,
  0xff, 0xff, 0x00, 0xae, 0x00, 0x00, 0x03, 0xe7, 0x05, 0xc7, 0x10, 0x27,
  0x00, 0x78, 0x01, 0x60, 0x00, 0x5c, 0x13, 0x06, 0x00, 0x2f, 0x00, 0x00,
  0x00, 0x08, 0xb1, 0x00, 0x01, 0xb0, 0x5c, 0xb0, 0x27, 0x2b, 0x00, 0x00,
  0xff, 0xff, 0x00, 0x91, 0xff, 0xec, 0x03, 0x77, 0x05, 0xfd, 0x10, 0x27,
  0x00, 0x78, 0x02, 0x39, 0x00, 0x00, 0x10, 0x06, 0x00, 0x4f, 0x00, 0x00,
  0x00, 0x01, 0x00, 0x00, 0x00, 0x00, 0x03, 0xd6, 0x05, 0xd8, 0x00, 0x0d,
  0x00, 0x25, 0x40, 0x22, 0x0d, 0x08, 0x07, 0x06, 0x05, 0x02, 0x01, 0x00,
  0x08, 0x01, 0x00, 0x01, 0x3e, 0x00, 0x00, 0x00, 0x0b, 0x3f, 0x00, 0x01,
  0x01, 0x02, 0x4e, 0x00, 0x02, 0x02, 0x0c, 0x02, 0x40, 0x11, 0x15, 0x13,
  0x03, 0x0f, 0x2b, 0x11, 0x35, 0x37, 0x11, 0x33, 0x11, 0x25, 0x15, 0x05,
  0x11, 0x21, 0x07, 0x21, 0x11, 0x94, 0xb1, 0x01, 0x5e, 0xfe, 0xa2, 0x02,
  0x91, 0x0c, 0xfc, 0xca, 0x02, 0x0f, 0x94, 0x51, 0x02, 0xe4, 0xfd, 0x7d,
  0xc0, 0x9c, 0xbc, 0xfd, 0xde, 0x9b, 0x02, 0x5e, 0x00, 0x01, 0x00, 0x1f,
  0xff, 0xeb, 0x02, 0x63, 0x05, 0xe6, 0x00, 0x21, 0x00, 0x26, 0x40, 0x23,
  0x0f, 0x01, 0x01, 0x00, 0x01, 0x3e, 0x21, 0x20, 0x1f, 0x1e, 0x1d, 0x1c,
  0x1b, 0x0e, 0x02, 0x01, 0x00, 0x0b, 0x00, 0x3c, 0x00, 0x00, 0x00, 0x01,
  0x4f, 0x00, 0x01, 0x01, 0x12, 0x01, 0x40, 0x23, 0x2b, 0x02, 0x0e, 0x2b,
  0x01, 0x15, 0x07, 0x11, 0x14, 0x1e, 0x06, 0x33, 0x32, 0x37, 0x17, 0x06,
  0x23, 0x22, 0x2e, 0x06, 0x35, 0x35, 0x07, 0x35, 0x37, 0x11, 0x37, 0x11,
  0x01, 0xe7, 0xb0, 0x01, 0x04, 0x08, 0x0e, 0x15, 0x1f, 0x29, 0x1b, 0x10,
  0x7a, 0x0f, 0x82, 0x30, 0x33, 0x4d, 0x3c, 0x2a, 0x1e, 0x11, 0x0a, 0x03,
  0x70, 0x70, 0xa8, 0x03, 0xd9, 0x92, 0x88, 0xfe, 0xf0, 0x35, 0x3b, 0x4a,
  0x25, 0x2d, 0x13, 0x14, 0x06, 0x0a, 0x88, 0x0d, 0x0b, 0x1e, 0x24, 0x41,
  0x42, 0x69, 0x65, 0x4b, 0x69, 0x57, 0x91, 0x57, 0x03, 0x04, 0x14, 0xfd,
  0x6a, 0x00, 0xff, 0xff, 0x00, 0xae, 0x00, 0x00, 0x05, 0x3e, 0x07, 0xdf,
  0x10, 0x27, 0x00, 0x76, 0x02, 0x3d, 0x01, 0x79, 0x13, 0x06, 0x00, 0x31,
  0x00, 0x00, 0x00, 0x09, 0xb1, 0x00, 0x01, 0xb8, 0x01, 0x79, 0xb0, 0x27,
  0x2b, 0x00, 0xff, 0xff, 0x00, 0x8f, 0x00, 0x00, 0x04, 0x19, 0x06, 0x5e,
  0x10, 0x27, 0x00, 0x76, 0x01, 0x9b, 0xff, 0xf8, 0x13, 0x06, 0x00, 0x51,
  0x00, 0x00, 0x00, 0x09, 0xb1, 0x00, 0x01, 0xb8, 0xff, 0xf8, 0xb0, 0x27,
  0x2b, 0x00, 0xff, 0xff, 0x00, 0xae, 0xfd, 0x94, 0x05, 0x3e, 0x05, 0xc7,
  0x10, 0x27, 0x01, 0x6f, 0x01, 0xe4, 0x00, 0x34, 0x13, 0x06, 0x00, 0x31,
  0x00, 0x00, 0x00, 0x08, 0xb1, 0x00, 0x01, 0xb0, 0x34, 0xb0, 0x27, 0x2b,
  0x00, 0x00, 0xff, 0xff, 0x00, 0x8f, 0xfd, 0x94, 0x04, 0x19, 0x04, 0x60,
  0x10, 0x27, 0x01, 0x6f, 0x01, 0x42, 0x00, 0x34, 0x13, 0x06, 0x00, 0x51,
  0x00, 0x00, 0x00, 0x08, 0xb1, 0x00, 0x01, 0xb0, 0x34, 0xb0, 0x27, 0x2b,
  0x00, 0x00, 0xff, 0xff, 0x00, 0xae, 0x00, 0x00, 0x05, 0x3e, 0x07, 0xdf,
  0x10, 0x27, 0x01, 0x65, 0x01, 0x64, 0x01, 0x78, 0x13, 0x06, 0x00, 0x31,
  0x00, 0x00, 0x00, 0x09, 0xb1, 0x00, 0x01, 0xb8, 0x01, 0x78, 0xb0, 0x27,
  0x2b, 0x00, 0xff, 0xff, 0x00, 0x8f, 0x00, 0x00, 0x04, 0x19, 0x06, 0x5e,
  0x10, 0x27, 0x01, 0x65, 0x00, 0xc2, 0xff, 0xf7, 0x13, 0x06, 0x00, 0x51,
  0x00, 0x00, 0x00, 0x09, 0xb1, 0x00, 0x01, 0xb8, 0xff, 0xf7, 0xb0, 0x27,
  0x2b, 0x00, 0xff, 0xff, 0x00, 0x70, 0xff, 0xea, 0x05, 0xea, 0x06, 0xd5,
  0x10, 0x27, 0x00, 0x71, 0x01, 0x1a, 0x00, 0x7c, 0x13, 0x06, 0x00, 0x32,
  0x00, 0x00, 0x00, 0x08, 0xb1, 0x00, 0x01, 0xb0, 0x7c, 0xb0, 0x27, 0x2b,
  0x00, 0x00, 0xff, 0xff, 0x00, 0x5c, 0xff, 0xe9, 0x04, 0x54, 0x05, 0x54,
  0x10, 0x27, 0x00, 0x71, 0x00, 0x45, 0xfe, 0xfb, 0x13, 0x06, 0x00, 0x52,
  0x00, 0x00, 0x00, 0x09, 0xb1, 0x00, 0x01, 0xb8, 0xfe, 0xfb, 0xb0, 0x27,
  0x2b, 0x00, 0xff, 0xff, 0x00, 0x70, 0xff, 0xea, 0x05, 0xea, 0x07, 0x5d,
  0x10, 0x27, 0x01, 0x66, 0x01, 0xb2, 0x01, 0x48, 0x13, 0x06, 0x00, 0x32,
  0x00, 0x00, 0x00, 0x09, 0xb1, 0x00, 0x01, 0xb8, 0x01, 0x48, 0xb0, 0x27,
  0x2b, 0x00, 0xff, 0xff, 0x00, 0x5c, 0xff, 0xe9, 0x04, 0x54, 0x05, 0xdc,
  0x10, 0x27, 0x01, 0x66, 0x00, 0xdd, 0xff, 0xc7, 0x13, 0x06, 0x00, 0x52,
  0x00, 0x00, 0x00, 0x09, 0xb1, 0x00, 0x01, 0xb8, 0xff, 0xc7, 0xb0, 0x27,
  0x2b, 0x00, 0xff, 0xff, 0x00, 0x70, 0xff, 0xea, 0x05, 0xea, 0x07, 0xaa,
  0x10, 0x27, 0x01, 0x6b, 0x02, 0x06, 0x01, 0x70, 0x13, 0x06, 0x00, 0x32,
  0x00, 0x00, 0x00, 0x09, 0xb1, 0x00, 0x02, 0xb8, 0x01, 0x70, 0xb0, 0x27,
  0x2b, 0x00, 0xff, 0xff, 0x00, 0x5c, 0xff, 0xe9, 0x04, 0x54, 0x06, 0x29,
  0x10, 0x27, 0x01, 0x6b, 0x01, 0x30, 0xff, 0xef, 0x13, 0x06, 0x00, 0x52,
  0x00, 0x00, 0x00, 0x09, 0xb1, 0x00, 0x02, 0xb8, 0xff, 0xef, 0xb0, 0x27,
  0x2b, 0x00, 0x00, 0x02, 0x00, 0x65, 0xff, 0xe9, 0x07, 0x6a, 0x05, 0xf4,
  0x00, 0x1a, 0x00, 0x29, 0x01, 0x96, 0x4b, 0xb0, 0x0a, 0x50, 0x58, 0x40,
  0x12, 0x03, 0x01, 0x08, 0x01, 0x1b, 0x01, 0x03, 0x02, 0x29, 0x01, 0x05,
  0x04, 0x10, 0x01, 0x06, 0x05, 0x04, 0x3e, 0x1b, 0x4b, 0xb0, 0x0c, 0x50,
  0x58, 0x40, 0x12, 0x03, 0x01, 0x08, 0x01, 0x1b, 0x01, 0x03, 0x02, 0x29,
  0x01, 0x05, 0x04, 0x10, 0x01, 0x06, 0x09, 0x04, 0x3e, 0x1b, 0x4b, 0xb0,
  0x0e, 0x50, 0x58, 0x40, 0x12, 0x03, 0x01, 0x08, 0x01, 0x1b, 0x01, 0x03,
  0x02, 0x29, 0x01, 0x05, 0x04, 0x10, 0x01, 0x06, 0x05, 0x04, 0x3e, 0x1b,
  0x40, 0x12, 0x03, 0x01, 0x08, 0x01, 0x1b, 0x01, 0x03, 0x02, 0x29, 0x01,
  0x05, 0x04, 0x10, 0x01, 0x06, 0x09, 0x04, 0x3e, 0x59, 0x59, 0x59, 0x4b,
  0xb0, 0x0a, 0x50, 0x58, 0x40, 0x2a, 0x00, 0x03, 0x00, 0x04, 0x05, 0x03,
  0x04, 0x55, 0x00, 0x08, 0x08, 0x00, 0x4f, 0x0a, 0x01, 0x00, 0x00, 0x0d,
  0x3f, 0x00, 0x02, 0x02, 0x01, 0x4d, 0x00, 0x01, 0x01, 0x0b, 0x3f, 0x09,
  0x01, 0x05, 0x05, 0x06, 0x4f, 0x07, 0x01, 0x06, 0x06, 0x0c, 0x06, 0x40,
  0x1b, 0x4b, 0xb0, 0x0c, 0x50, 0x58, 0x40, 0x34, 0x00, 0x03, 0x00, 0x04,
  0x05, 0x03, 0x04, 0x55, 0x00, 0x08, 0x08, 0x00, 0x4f, 0x0a, 0x01, 0x00,
  0x00, 0x0d, 0x3f, 0x00, 0x02, 0x02, 0x01, 0x4d, 0x00, 0x01, 0x01, 0x0b,
  0x3f, 0x00, 0x05, 0x05, 0x06, 0x4f, 0x07, 0x01, 0x06, 0x06, 0x0c, 0x3f,
  0x00, 0x09, 0x09, 0x06, 0x4f, 0x07, 0x01, 0x06, 0x06, 0x0c, 0x06, 0x40,
  0x1b, 0x4b, 0xb0, 0x0e, 0x50, 0x58, 0x40, 0x2a, 0x00, 0x03, 0x00, 0x04,
  0x05, 0x03, 0x04, 0x55, 0x00, 0x08, 0x08, 0x00, 0x4f, 0x0a, 0x01, 0x00,
  0x00, 0x0d, 0x3f, 0x00, 0x02, 0x02, 0x01, 0x4d, 0x00, 0x01, 0x01, 0x0b,
  0x3f, 0x09, 0x01, 0x05, 0x05, 0x06, 0x4f, 0x07, 0x01, 0x06, 0x06, 0x0c,
  0x06, 0x40, 0x1b, 0x4b, 0xb0, 0x15, 0x50, 0x58, 0x40, 0x34, 0x00, 0x03,
  0x00, 0x04, 0x05, 0x03, 0x04, 0x55, 0x00, 0x08, 0x08, 0x00, 0x4f, 0x0a,
  0x01, 0x00, 0x00, 0x0d, 0x3f, 0x00, 0x02, 0x02, 0x01, 0x4d, 0x00, 0x01,
  0x01, 0x0b, 0x3f, 0x00, 0x05, 0x05, 0x06, 0x4f, 0x07, 0x01, 0x06, 0x06,
  0x0c, 0x3f, 0x00, 0x09, 0x09, 0x06, 0x4f, 0x07, 0x01, 0x06, 0x06, 0x0c,
  0x06, 0x40, 0x1b, 0x40, 0x32, 0x00, 0x03, 0x00, 0x04, 0x05, 0x03, 0x04,
  0x55, 0x00, 0x08, 0x08, 0x00, 0x4f, 0x0a, 0x01, 0x00, 0x00, 0x0d, 0x3f,
  0x00, 0x02, 0x02, 0x01, 0x4d, 0x00, 0x01, 0x01, 0x0b, 0x3f, 0x00, 0x05,
  0x05, 0x06, 0x4d, 0x00, 0x06, 0x06, 0x0c, 0x3f, 0x00, 0x09, 0x09, 0x07,
  0x4f, 0x00, 0x07, 0x07, 0x15, 0x07, 0x40, 0x59, 0x59, 0x59, 0x59, 0x40,
  0x1a, 0x01, 0x00, 0x27, 0x25, 0x1e, 0x1c, 0x14, 0x12, 0x0f, 0x0e, 0x0d,
  0x0c, 0x0b, 0x0a, 0x09, 0x08, 0x07, 0x06, 0x05, 0x04, 0x00, 0x1a, 0x01,
  0x1a, 0x0b, 0x0c, 0x2b, 0x01, 0x32, 0x16, 0x17, 0x35, 0x21, 0x07, 0x21,
  0x11, 0x21, 0x15, 0x21, 0x11, 0x21, 0x07, 0x21, 0x35, 0x06, 0x06, 0x23,
  0x22, 0x24, 0x02, 0x35, 0x36, 0x12, 0x24, 0x01, 0x26, 0x23, 0x22, 0x00,
  0x03, 0x14, 0x1e, 0x03, 0x17, 0x32, 0x36, 0x37, 0x03, 0x20, 0x6c, 0xb6,
  0x3a, 0x02, 0xd6, 0x11, 0xfd, 0xec, 0x01, 0xf0, 0xfe, 0x10, 0x02, 0x3d,
  0x0f, 0xfd, 0x21, 0x22, 0xce, 0x55, 0xe9, 0xfe, 0xb8, 0xa1, 0x05, 0xb4,
  0x01, 0x3c, 0x02, 0x22, 0x8b, 0xc2, 0xee, 0xfe, 0xe8, 0x06, 0x23, 0x50,
  0x7a, 0xb6, 0x72, 0x56, 0xbc, 0x32, 0x05, 0xf4, 0x3c, 0x33, 0x52, 0x9a,
  0xfe, 0x10, 0x99, 0xfd, 0xe8, 0x9c, 0x52, 0x24, 0x45, 0xca, 0x01, 0x62,
  0xee, 0xd8, 0x01, 0x57, 0xc2, 0xfe, 0xf7, 0x72, 0xfe, 0xb3, 0xfe, 0xf5,
  0x6e, 0xbb, 0xa3, 0x74, 0x43, 0x01, 0x3f, 0x1e, 0x00, 0x03, 0x00, 0x52,
  0xff, 0xe7, 0x07, 0x2a, 0x04, 0x64, 0x00, 0x07, 0x00, 0x1c, 0x00, 0x41,
  0x00, 0xd9, 0x40, 0x0f, 0x29, 0x01, 0x00, 0x01, 0x3f, 0x39, 0x02, 0x02,
  0x07, 0x3a, 0x01, 0x04, 0x02, 0x03, 0x3e, 0x4b, 0xb0, 0x10, 0x50, 0x58,
  0x40, 0x23, 0x00, 0x00, 0x00, 0x07, 0x02, 0x00, 0x07, 0x55, 0x03, 0x01,
  0x01, 0x01, 0x05, 0x4f, 0x06, 0x01, 0x05, 0x05, 0x14, 0x3f, 0x08, 0x0a,
  0x02, 0x02, 0x02, 0x04, 0x4f, 0x09, 0x0b, 0x02, 0x04, 0x04, 0x12, 0x04,
  0x40, 0x1b, 0x4b, 0xb0, 0x19, 0x50, 0x58, 0x40, 0x23, 0x00, 0x00, 0x00,
  0x07, 0x02, 0x00, 0x07, 0x55, 0x03, 0x01, 0x01, 0x01, 0x05, 0x4f, 0x06,
  0x01, 0x05, 0x05, 0x14, 0x3f, 0x08, 0x0a, 0x02, 0x02, 0x02, 0x04, 0x4f,
  0x09, 0x0b, 0x02, 0x04, 0x04, 0x15, 0x04, 0x40, 0x1b, 0x4b, 0xb0, 0x1b,
  0x50, 0x58, 0x40, 0x23, 0x00, 0x00, 0x00, 0x07, 0x02, 0x00, 0x07, 0x55,
  0x03, 0x01, 0x01, 0x01, 0x05, 0x4f, 0x06, 0x01, 0x05, 0x05, 0x14, 0x3f,
  0x08, 0x0a, 0x02, 0x02, 0x02, 0x04, 0x4f, 0x09, 0x0b, 0x02, 0x04, 0x04,
  0x12, 0x04, 0x40, 0x1b, 0x40, 0x23, 0x00, 0x00, 0x00, 0x07, 0x02, 0x00,
  0x07, 0x55, 0x03, 0x01, 0x01, 0x01, 0x05, 0x4f, 0x06, 0x01, 0x05, 0x05,
  0x14, 0x3f, 0x08, 0x0a, 0x02, 0x02, 0x02, 0x04, 0x4f, 0x09, 0x0b, 0x02,
  0x04, 0x04, 0x15, 0x04, 0x40, 0x59, 0x59, 0x59, 0x40, 0x1c, 0x1e, 0x1d,
  0x09, 0x08, 0x3d, 0x3b, 0x37, 0x35, 0x33, 0x32, 0x2d, 0x2b, 0x27, 0x25,
  0x1d, 0x41, 0x1e, 0x41, 0x13, 0x11, 0x08, 0x1c, 0x09, 0x1c, 0x23, 0x10,
  0x0c, 0x0e, 0x2b, 0x01, 0x21, 0x35, 0x26, 0x26, 0x23, 0x22, 0x06, 0x01,
  0x32, 0x3e, 0x02, 0x35, 0x34, 0x2e, 0x02, 0x23, 0x22, 0x0e, 0x03, 0x15,
  0x14, 0x1e, 0x02, 0x17, 0x22, 0x26, 0x26, 0x35, 0x34, 0x3e, 0x02, 0x33,
  0x32, 0x16, 0x17, 0x36, 0x36, 0x37, 0x32, 0x12, 0x15, 0x14, 0x06, 0x15,
  0x21, 0x14, 0x16, 0x33, 0x32, 0x36, 0x37, 0x17, 0x06, 0x23, 0x22, 0x26,
  0x27, 0x06, 0x06, 0x04, 0x4b, 0x02, 0x3d, 0x03, 0x8f, 0x7a, 0x7d, 0xa6,
  0xfd, 0xf5, 0x56, 0x83, 0x4c, 0x26, 0x24, 0x4c, 0x85, 0x59, 0x45, 0x70,
  0x4c, 0x34, 0x17, 0x26, 0x4e, 0x84, 0x54, 0xa1, 0xe8, 0x70, 0x43, 0x7c,
  0xc4, 0x79, 0x92, 0xd1, 0x3c, 0x3d, 0xda, 0x82, 0xca, 0xda, 0x02, 0xfd,
  0x1d, 0xbe, 0x93, 0x69, 0x9d, 0x4a, 0x34, 0x9a, 0xef, 0x90, 0xda, 0x3f,
  0x3f, 0xd1, 0x02, 0x7a, 0x0d, 0xa6, 0xaf, 0xc0, 0xfd, 0x55, 0x48, 0x7b,
  0x98, 0x57, 0x5b, 0x99, 0x7d, 0x46, 0x31, 0x54, 0x72, 0x7e, 0x45, 0x56,
  0x96, 0x7c, 0x47, 0x8a, 0x9c, 0xff, 0xa1, 0x77, 0xd0, 0x9e, 0x5c, 0x7c,
  0x6f, 0x6a, 0x7d, 0x04, 0xfe, 0xe5, 0xf7, 0x08, 0x39, 0x0a, 0xb6, 0xda,
  0x3c, 0x32, 0x7a, 0x84, 0x7a, 0x72, 0x6e, 0x7e, 0xff, 0xff, 0x00, 0x93,
  0x00, 0x00, 0x04, 0xf8, 0x07, 0xdf, 0x10, 0x27, 0x00, 0x76, 0x02, 0x0c,
  0x01, 0x79, 0x13, 0x06, 0x00, 0x35, 0x00, 0x00, 0x00, 0x09, 0xb1, 0x00,
  0x01, 0xb8, 0x01, 0x79, 0xb0, 0x27, 0x2b, 0x00, 0xff, 0xff, 0x00, 0x94,
  0x00, 0x00, 0x03, 0x2f, 0x06, 0x5e, 0x10, 0x27, 0x00, 0x76, 0x00, 0xf8,
  0xff, 0xf8, 0x13, 0x06, 0x00, 0x55, 0x00, 0x00, 0x00, 0x09, 0xb1, 0x00,
  0x01, 0xb8, 0xff, 0xf8, 0xb0, 0x27, 0x2b, 0x00, 0xff, 0xff, 0x00, 0x93,
  0xfd, 0x94, 0x04, 0xf8, 0x05, 0xd8, 0x10, 0x27, 0x01, 0x6f, 0x01, 0xb4,
  0x00, 0x34, 0x13, 0x06, 0x00, 0x35, 0x00, 0x00, 0x00, 0x08, 0xb1, 0x00,
  0x01, 0xb0, 0x34, 0xb0, 0x27, 0x2b, 0x00, 0x00, 0xff, 0xff, 0x00, 0x94,
  0xfd, 0x94, 0x02, 0xcd, 0x04, 0x53, 0x10, 0x27, 0x01, 0x6f, 0x00, 0x9e,
  0x00, 0x34, 0x13, 0x06, 0x00, 0x55, 0x00, 0x00, 0x00, 0x08, 0xb1, 0x00,
  0x01, 0xb0, 0x34, 0xb0, 0x27, 0x2b, 0x00, 0x00, 0xff, 0xff, 0x00, 0x93,
  0x00, 0x00, 0x04, 0xf8, 0x07, 0xdf, 0x10, 0x27, 0x01, 0x65, 0x01, 0x34,
  0x01, 0x78, 0x13, 0x06, 0x00, 0x35, 0x00, 0x00, 0x00, 0x09, 0xb1, 0x00,
  0x01, 0xb8, 0x01, 0x78, 0xb0, 0x27, 0x2b, 0x00, 0xff, 0xff, 0x00, 0x8b,
  0x00, 0x00, 0x02, 0xd6, 0x06, 0x5e, 0x10, 0x26, 0x01, 0x65, 0x1f, 0xf7,
  0x13, 0x06, 0x00, 0x55, 0x00, 0x00, 0x00, 0x09, 0xb1, 0x00, 0x01, 0xb8,
  0xff, 0xf7, 0xb0, 0x27, 0x2b, 0x00, 0x00, 0x00, 0xff, 0xff, 0x00, 0x5e,
  0xff, 0xe9, 0x04, 0x79, 0x07, 0xf3, 0x10, 0x27, 0x00, 0x76, 0x01, 0xb2,
  0x01, 0x8d, 0x13, 0x06, 0x00, 0x36, 0x00, 0x00, 0x00, 0x09, 0xb1, 0x00,
  0x01, 0xb8, 0x01, 0x8d, 0xb0, 0x27, 0x2b, 0x00, 0xff, 0xff, 0x00, 0x67,
  0xff, 0xe9, 0x03, 0x64, 0x06, 0x5e, 0x10, 0x27, 0x00, 0x76, 0x01, 0x2c,
  0xff, 0xf8, 0x13, 0x06, 0x00, 0x56, 0x00, 0x00, 0x00, 0x09, 0xb1, 0x00,
  0x01, 0xb8, 0xff, 0xf8, 0xb0, 0x27, 0x2b, 0x00, 0xff, 0xff, 0x00, 0x67,
  0xff, 0xe9, 0x03, 0x64, 0x06, 0x5e, 0x10, 0x26, 0x01, 0x64, 0x54, 0xf7,
  0x13, 0x06, 0x00, 0x56, 0x00, 0x00, 0x00, 0x09, 0xb1, 0x00, 0x01, 0xb8,
  0xff, 0xf7, 0xb0, 0x27, 0x2b, 0x00, 0x00, 0x00, 0xff, 0xff, 0x00, 0x5e,
  0xfe, 0x4d, 0x04, 0x79, 0x05, 0xf5, 0x10, 0x27, 0x00, 0x79, 0x01, 0x5e,
  0xff, 0xe7, 0x13, 0x06, 0x00, 0x36, 0x00, 0x00, 0x00, 0x09, 0xb1, 0x00,
  0x01, 0xb8, 0xff, 0xe7, 0xb0, 0x27, 0x2b, 0x00, 0xff, 0xff, 0x00, 0x67,
  0xfe, 0x4d, 0x03, 0x64, 0x04, 0x60, 0x10, 0x27, 0x00, 0x79, 0x00, 0xd8,
  0xff, 0xe7, 0x13, 0x06, 0x00, 0x56, 0x00, 0x00, 0x00, 0x09, 0xb1, 0x00,
  0x01, 0xb8, 0xff, 0xe7, 0xb0, 0x27, 0x2b, 0x00, 0xff, 0xff, 0x00, 0x5e,
  0xff, 0xe9, 0x04, 0x79, 0x07, 0xf3, 0x10, 0x27, 0x01, 0x65, 0x00, 0xda,
  0x01, 0x8c, 0x13, 0x06, 0x00, 0x36, 0x00, 0x00, 0x00, 0x09, 0xb1, 0x00,
  0x01, 0xb8, 0x01, 0x8c, 0xb0, 0x27, 0x2b, 0x00, 0xff, 0xff, 0x00, 0x67,
  0xff, 0xe9, 0x03, 0x64, 0x06, 0x5e, 0x10, 0x26, 0x01, 0x65, 0x54, 0xf7,
  0x13, 0x06, 0x00, 0x56, 0x00, 0x00, 0x00, 0x09, 0xb1, 0x00, 0x01, 0xb8,
  0xff, 0xf7, 0xb0, 0x27, 0x2b, 0x00, 0x00, 0x00, 0xff, 0xff, 0x00, 0x07,
  0xfe, 0x64, 0x04, 0x43, 0x05, 0xc7, 0x10, 0x27, 0x00, 0x79, 0x01, 0x18,
  0xff, 0xfe, 0x13, 0x06, 0x00, 0x37, 0x00, 0x00, 0x00, 0x09, 0xb1, 0x00,
  0x01, 0xb8, 0xff, 0xfe, 0xb0, 0x27, 0x2b, 0x00, 0xff, 0xff, 0x00, 0x1c,
  0xfe, 0x50, 0x02, 0xa3, 0x05, 0x48, 0x10, 0x26, 0x00, 0x79, 0x52, 0xea,
  0x13, 0x06, 0x00, 0x57, 0x00, 0x00, 0x00, 0x09, 0xb1, 0x00, 0x01, 0xb8,
  0xff, 0xea, 0xb0, 0x27, 0x2b, 0x00, 0x00, 0x00, 0xff, 0xff, 0x00, 0x07,
  0x00, 0x00, 0x04, 0x43, 0x07, 0xdf, 0x10, 0x27, 0x01, 0x65, 0x00, 0x94,
  0x01, 0x78, 0x13, 0x06, 0x00, 0x37, 0x00, 0x00, 0x00, 0x09, 0xb1, 0x00,
  0x01, 0xb8, 0x01, 0x78, 0xb0, 0x27, 0x2b, 0x00, 0xff, 0xff, 0x00, 0x1c,
  0xff, 0xec, 0x04, 0x53, 0x05, 0x48, 0x10, 0x27, 0x00, 0x0f, 0x02, 0xed,
  0x04, 0x5e, 0x11, 0x06, 0x00, 0x57, 0x00, 0x00, 0x00, 0x09, 0xb1, 0x00,
  0x01, 0xb8, 0x04, 0x5e, 0xb0, 0x27, 0x2b, 0x00, 0xff, 0xff, 0x00, 0x9c,
  0xff, 0xea, 0x04, 0xfd, 0x07, 0x50, 0x10, 0x27, 0x01, 0x6a, 0x00, 0x58,
  0x05, 0xe9, 0x13, 0x06, 0x00, 0x38, 0x00, 0x00, 0x00, 0x09, 0xb1, 0x00,
  0x01, 0xb8, 0x05, 0xe9, 0xb0, 0x27, 0x2b, 0x00, 0xff, 0xff, 0x00, 0x69,
  0xff, 0xe7, 0x03, 0xe2, 0x05, 0xcf, 0x10, 0x27, 0x01, 0x6a, 0xff, 0xb1,
  0x04, 0x68, 0x13, 0x06, 0x00, 0x58, 0x00, 0x00, 0x00, 0x09, 0xb1, 0x00,
  0x01, 0xb8, 0x04, 0x68, 0xb0, 0x27, 0x2b, 0x00, 0xff, 0xff, 0x00, 0x9c,
  0xff, 0xea, 0x04, 0xfd, 0x06, 0xd5, 0x10, 0x27, 0x00, 0x71, 0x00, 0xba,
  0x00, 0x7c, 0x13, 0x06, 0x00, 0x38, 0x00, 0x00, 0x00, 0x08, 0xb1, 0x00,
  0x01, 0xb0, 0x7c, 0xb0, 0x27, 0x2b, 0x00, 0x00, 0xff, 0xff, 0x00, 0x69,
  0xff, 0xe7, 0x03, 0xe2, 0x05, 0x54, 0x10, 0x27, 0x00, 0x71, 0x00, 0x12,
  0xfe, 0xfb, 0x13, 0x06, 0x00, 0x58, 0x00, 0x00, 0x00, 0x09, 0xb1, 0x00,
  0x01, 0xb8, 0xfe, 0xfb, 0xb0, 0x27, 0x2b, 0x00, 0xff, 0xff, 0x00, 0x9c,
  0xff, 0xea, 0x04, 0xfd, 0x07, 0x5d, 0x10, 0x27, 0x01, 0x66, 0x01, 0x52,
  0x01, 0x48, 0x13, 0x06, 0x00, 0x38, 0x00, 0x00, 0x00, 0x09, 0xb1, 0x00,
  0x01, 0xb8, 0x01, 0x48, 0xb0, 0x27, 0x2b, 0x00, 0xff, 0xff, 0x00, 0x69,
  0xff, 0xe7, 0x03, 0xe2, 0x05, 0xdc, 0x10, 0x27, 0x01, 0x66, 0x00, 0xaa,
  0xff, 0xc7, 0x13, 0x06, 0x00, 0x58, 0x00, 0x00, 0x00, 0x09, 0xb1, 0x00,
  0x01, 0xb8, 0xff, 0xc7, 0xb0, 0x27, 0x2b, 0x00, 0xff, 0xff, 0x00, 0x9c,
  0xff, 0xea, 0x04, 0xfd, 0x08, 0x53, 0x10, 0x27, 0x01, 0x68, 0x01, 0xf4,
  0x05, 0xb6, 0x13, 0x06, 0x00, 0x38, 0x00, 0x00, 0x00, 0x09, 0xb1, 0x00,
  0x02, 0xb8, 0x05, 0xb6, 0xb0, 0x27, 0x2b, 0x00, 0xff, 0xff, 0x00, 0x69,
  0xff, 0xe7, 0x03, 0xe2, 0x06, 0xd2, 0x10, 0x27, 0x01, 0x68, 0x01, 0x4d,
  0x04, 0x35, 0x13, 0x06, 0x00, 0x58, 0x00, 0x00, 0x00, 0x09, 0xb1, 0x00,
  0x02, 0xb8, 0x04, 0x35, 0xb0, 0x27, 0x2b, 0x00, 0xff, 0xff, 0x00, 0x9c,
  0xff, 0xea, 0x04, 0xfd, 0x07, 0xaa, 0x10, 0x27, 0x01, 0x6b, 0x01, 0xa5,
  0x01, 0x70, 0x13, 0x06, 0x00, 0x38, 0x00, 0x00, 0x00, 0x09, 0xb1, 0x00,
  0x02, 0xb8, 0x01, 0x70, 0xb0, 0x27, 0x2b, 0x00, 0xff, 0xff, 0x00, 0x69,
  0xff, 0xe7, 0x03, 0xe2, 0x06, 0x29, 0x10, 0x27, 0x01, 0x6b, 0x00, 0xfe,
  0xff, 0xef, 0x13, 0x06, 0x00, 0x58, 0x00, 0x00, 0x00, 0x09, 0xb1, 0x00,
  0x02, 0xb8, 0xff, 0xef, 0xb0, 0x27, 0x2b, 0x00, 0xff, 0xff, 0x00, 0x9c,
  0xfe, 0x50, 0x04, 0xfd, 0x05, 0xc7, 0x10, 0x27, 0x01, 0x69, 0x01, 0x5e,
  0xff, 0xf3, 0x13, 0x06, 0x00, 0x38, 0x00, 0x00, 0x00, 0x09, 0xb1, 0x00,
  0x01, 0xb8, 0xff, 0xf3, 0xb0, 0x27, 0x2b, 0x00, 0xff, 0xff, 0x00, 0x69,
  0xfe, 0x4d, 0x03, 0xe2, 0x04, 0x49, 0x10, 0x27, 0x01, 0x69, 0x00, 0xe6,
  0xff, 0xf0, 0x11, 0x06, 0x00, 0x58, 0x00, 0x00, 0x00, 0x09, 0xb1, 0x00,
  0x01, 0xb8, 0xff, 0xf0, 0xb0, 0x27, 0x2b, 0x00, 0xff, 0xff, 0x00, 0x00,
  0x00, 0x00, 0x07, 0xdd, 0x07, 0xdf, 0x10, 0x27, 0x01, 0x64, 0x02, 0x5d,
  0x01, 0x78, 0x13, 0x06, 0x00, 0x3a, 0x00, 0x00, 0x00, 0x09, 0xb1, 0x00,
  0x01, 0xb8, 0x01, 0x78, 0xb0, 0x27, 0x2b, 0x00, 0xff, 0xff, 0x00, 0x13,
  0x00, 0x00, 0x06, 0x33, 0x06, 0x5e, 0x10, 0x27, 0x01, 0x64, 0x01, 0x92,
  0xff, 0xf7, 0x13, 0x06, 0x00, 0x5a, 0x00, 0x00, 0x00, 0x09, 0xb1, 0x00,
  0x01, 0xb8, 0xff, 0xf7, 0xb0, 0x27, 0x2b, 0x00, 0xff, 0xff, 0xff, 0xff,
  0x00, 0x00, 0x04, 0xab, 0x07, 0xdf, 0x10, 0x27, 0x01, 0x64, 0x00, 0xc4,
  0x01, 0x78, 0x13, 0x06, 0x00, 0x3c, 0x00, 0x00, 0x00, 0x09, 0xb1, 0x00,
  0x01, 0xb8, 0x01, 0x78, 0xb0, 0x27, 0x2b, 0x00, 0xff, 0xff, 0x00, 0x03,
  0xfe, 0x0f, 0x03, 0xf3, 0x06, 0x5e, 0x10, 0x26, 0x01, 0x64, 0x6a, 0xf7,
  0x13, 0x06, 0x00, 0x5c, 0x00, 0x00, 0x00, 0x09, 0xb1, 0x00, 0x01, 0xb8,
  0xff, 0xf7, 0xb0, 0x27, 0x2b, 0x00, 0x00, 0x00, 0xff, 0xff, 0xff, 0xff,
  0x00, 0x00, 0x04, 0xab, 0x07, 0x2f, 0x10, 0x27, 0x00, 0x6a, 0x00, 0xce,
  0x01, 0x75, 0x13, 0x06, 0x00, 0x3c, 0x00, 0x00, 0x00, 0x09, 0xb1, 0x00,
  0x02, 0xb8, 0x01, 0x75, 0xb0, 0x27, 0x2b, 0x00, 0xff, 0xff, 0x00, 0x56,
  0x00, 0x00, 0x04, 0x5e, 0x07, 0xdf, 0x10, 0x27, 0x00, 0x76, 0x01, 0xa1,
  0x01, 0x79, 0x13, 0x06, 0x00, 0x3d, 0x00, 0x00, 0x00, 0x09, 0xb1, 0x00,
  0x01, 0xb8, 0x01, 0x79, 0xb0, 0x27, 0x2b, 0x00, 0xff, 0xff, 0x00, 0x53,
  0x00, 0x00, 0x03, 0x51, 0x06, 0x5e, 0x10, 0x27, 0x00, 0x76, 0x01, 0x19,
  0xff, 0xf8, 0x13, 0x06, 0x00, 0x5d, 0x00, 0x00, 0x00, 0x09, 0xb1, 0x00,
  0x01, 0xb8, 0xff, 0xf8, 0xb0, 0x27, 0x2b, 0x00, 0xff, 0xff, 0x00, 0x56,
  0x00, 0x00, 0x04, 0x5e, 0x07, 0x21, 0x10, 0x27, 0x01, 0x6c, 0x01, 0x8c,
  0x01, 0x49, 0x13, 0x06, 0x00, 0x3d, 0x00, 0x00, 0x00, 0x09, 0xb1, 0x00,
  0x01, 0xb8, 0x01, 0x49, 0xb0, 0x27, 0x2b, 0x00, 0xff, 0xff, 0x00, 0x53,
  0x00, 0x00, 0x03, 0x51, 0x05, 0xa0, 0x10, 0x27, 0x01, 0x6c, 0x01, 0x04,
  0xff, 0xc8, 0x13, 0x06, 0x00, 0x5d, 0x00, 0x00, 0x00, 0x09, 0xb1, 0x00,
  0x01, 0xb8, 0xff, 0xc8, 0xb0, 0x27, 0x2b, 0x00, 0xff, 0xff, 0x00, 0x56,
  0x00, 0x00, 0x04, 0x5e, 0x07, 0xdf, 0x10, 0x27, 0x01, 0x65, 0x00, 0xc8,
  0x01, 0x78, 0x13, 0x06, 0x00, 0x3d, 0x00, 0x00, 0x00, 0x09, 0xb1, 0x00,
  0x01, 0xb8, 0x01, 0x78, 0xb0, 0x27, 0x2b, 0x00, 0xff, 0xff, 0x00, 0x53,
  0x00, 0x00, 0x03, 0x51, 0x06, 0x5e, 0x10, 0x26, 0x01, 0x65, 0x40, 0xf7,
  0x13, 0x06, 0x00, 0x5d, 0x00, 0x00, 0x00, 0x09, 0xb1, 0x00, 0x01, 0xb8,
  0xff, 0xf7, 0xb0, 0x27, 0x2b, 0x00, 0x00, 0x00, 0x00, 0x01, 0x00, 0x1c,
  0xfe, 0x9a, 0x03, 0x8f, 0x06, 0x0b, 0x00, 0x25, 0x00, 0x41, 0x40, 0x3e,
  0x07, 0x01, 0x02, 0x01, 0x08, 0x01, 0x00, 0x02, 0x1c, 0x01, 0x06, 0x04,
  0x1b, 0x01, 0x05, 0x06, 0x04, 0x3e, 0x03, 0x01, 0x00, 0x08, 0x07, 0x02,
  0x04, 0x06, 0x00, 0x04, 0x55, 0x00, 0x06, 0x00, 0x05, 0x06, 0x05, 0x53,
  0x00, 0x02, 0x02, 0x01, 0x4f, 0x00, 0x01, 0x01, 0x13, 0x02, 0x40, 0x00,
  0x00, 0x00, 0x25, 0x00, 0x25, 0x23, 0x27, 0x11, 0x13, 0x23, 0x22, 0x11,
  0x09, 0x13, 0x2b, 0x01, 0x37, 0x33, 0x37, 0x12, 0x21, 0x32, 0x17, 0x07,
  0x26, 0x23, 0x22, 0x06, 0x07, 0x07, 0x33, 0x07, 0x23, 0x03, 0x0e, 0x05,
  0x23, 0x22, 0x27, 0x37, 0x16, 0x33, 0x32, 0x36, 0x36, 0x37, 0x36, 0x12,
  0x37, 0x01, 0x01, 0x08, 0xad, 0x16, 0x34, 0x01, 0x0f, 0x31, 0x4f, 0x08,
  0x36, 0x2a, 0x4a, 0x42, 0x0d, 0x27, 0xba, 0x08, 0xc5, 0x88, 0x0e, 0x19,
  0x27, 0x32, 0x43, 0x5b, 0x37, 0x1d, 0x3e, 0x0b, 0x2c, 0x19, 0x28, 0x3d,
  0x21, 0x0d, 0x25, 0x6e, 0x0d, 0x03, 0x7f, 0x78, 0xa3, 0x01, 0x71, 0x16,
  0x9c, 0x18, 0x50, 0x56, 0xd4, 0x78, 0xfd, 0x03, 0x49, 0x6a, 0x79, 0x52,
  0x47, 0x23, 0x13, 0x93, 0x12, 0x3f, 0x58, 0x41, 0xa0, 0x02, 0x92, 0x47,
  0xff, 0xff, 0x00, 0xae, 0x00, 0x00, 0x0a, 0x3c, 0x07, 0xdf, 0x10, 0x27,
  0x01, 0x36, 0x05, 0xde, 0x00, 0x00, 0x11, 0x06, 0x00, 0x27, 0x00, 0x00,
  0x00, 0x09, 0xb1, 0x00, 0x01, 0xb8, 0x01, 0x78, 0xb0, 0x27, 0x2b, 0x00,
  0xff, 0xff, 0x00, 0xae, 0x00, 0x00, 0x09, 0x2f, 0x06, 0x5e, 0x10, 0x27,
  0x01, 0x37, 0x05, 0xde, 0x00, 0x00, 0x11, 0x06, 0x00, 0x27, 0x00, 0x00,
  0x00, 0x09, 0xb1, 0x00, 0x01, 0xb8, 0xff, 0xf7, 0xb0, 0x27, 0x2b, 0x00,
  0xff, 0xff, 0x00, 0x5c, 0xff, 0xea, 0x08, 0x0c, 0x06, 0x5e, 0x10, 0x27,
  0x01, 0x37, 0x04, 0xbb, 0x00, 0x00, 0x11, 0x06, 0x00, 0x47, 0x00, 0x00,
  0x00, 0x09, 0xb1, 0x00, 0x01, 0xb8, 0xff, 0xf7, 0xb0, 0x27, 0x2b, 0x00,
  0xff, 0xff, 0x00, 0xae, 0xff, 0x2a, 0x05, 0x90, 0x05, 0xd8, 0x10, 0x27,
  0x00, 0x2d, 0x03, 0xfd, 0x00, 0x00, 0x10, 0x06, 0x00, 0x2f, 0x00, 0x00,
  0xff, 0xff, 0x00, 0xae, 0xfe, 0x0a, 0x05, 0x47, 0x05, 0xd8, 0x10, 0x27,
  0x00, 0x4d, 0x03, 0xfd, 0x00, 0x00, 0x10, 0x06, 0x00, 0x2f, 0x00, 0x00,
  0xff, 0xff, 0x00, 0x91, 0xfe, 0x0a, 0x03, 0x83, 0x05, 0xfd, 0x10, 0x27,
  0x00, 0x4d, 0x02, 0x39, 0x00, 0x00, 0x10, 0x06, 0x00, 0x4f, 0x00, 0x00,
  0xff, 0xff, 0x00, 0xae, 0xff, 0x2a, 0x07, 0x7f, 0x05, 0xd8, 0x10, 0x27,
  0x00, 0x2d, 0x05, 0xec, 0x00, 0x00, 0x10, 0x06, 0x00, 0x31, 0x00, 0x00,
  0xff, 0xff, 0x00, 0xae, 0xfe, 0x0a, 0x07, 0x36, 0x05, 0xd8, 0x10, 0x27,
  0x00, 0x4d, 0x05, 0xec, 0x00, 0x00, 0x10, 0x06, 0x00, 0x31, 0x00, 0x00,
  0xff, 0xff, 0x00, 0x8f, 0xfe, 0x0a, 0x05, 0xea, 0x05, 0xd8, 0x10, 0x27,
  0x00, 0x4d, 0x04, 0xa0, 0x00, 0x00, 0x10, 0x06, 0x00, 0x51, 0x00, 0x00,
  0xff, 0xff, 0x00, 0xae, 0x00, 0x00, 0x0a, 0x3c, 0x05, 0xc7, 0x10, 0x27,
  0x00, 0x3d, 0x05, 0xde, 0x00, 0x00, 0x10, 0x06, 0x00, 0x27, 0x00, 0x00,
  0xff, 0xff, 0x00, 0xae, 0x00, 0x00, 0x09, 0x2f, 0x05, 0xc7, 0x10, 0x27,
  0x00, 0x5d, 0x05, 0xde, 0x00, 0x00, 0x10, 0x06, 0x00, 0x27, 0x00, 0x00,
  0xff, 0xff, 0x00, 0x5c, 0xff, 0xea, 0x08, 0x0c, 0x05, 0xfd, 0x10, 0x27,
  0x00, 0x5d, 0x04, 0xbb, 0x00, 0x00, 0x10, 0x06, 0x00, 0x47, 0x00, 0x00,
  0xff, 0xff, 0x00, 0x71, 0xff, 0xea, 0x05, 0x33, 0x07, 0xdf, 0x10, 0x27,
  0x00, 0x76, 0x02, 0x19, 0x01, 0x79, 0x13, 0x06, 0x00, 0x2a, 0x00, 0x00,
  0x00, 0x09, 0xb1, 0x00, 0x01, 0xb8, 0x01, 0x79, 0xb0, 0x27, 0x2b, 0x00,
  0xff, 0xff, 0x00, 0x46, 0xfe, 0x0a, 0x04, 0x1c, 0x06, 0x5e, 0x10, 0x27,
  0x00, 0x76, 0x01, 0x78, 0xff, 0xf8, 0x13, 0x06, 0x00, 0x4a, 0x00, 0x00,
  0x00, 0x09, 0xb1, 0x00, 0x01, 0xb8, 0xff, 0xf8, 0xb0, 0x27, 0x2b, 0x00,
  0xff, 0xff, 0x00, 0x03, 0x00, 0x00, 0x05, 0x13, 0x07, 0xaa, 0x10, 0x27,
  0x01, 0x6d, 0x00, 0x6b, 0x01, 0x70, 0x13, 0x06, 0x00, 0x24, 0x00, 0x00,
  0x00, 0x09, 0xb1, 0x00, 0x02, 0xb8, 0x01, 0x70, 0xb0, 0x27, 0x2b, 0x00,
  0xff, 0xff, 0x00, 0x59, 0xff, 0xe9, 0x03, 0xb9, 0x06, 0x29, 0x10, 0x26,
  0x01, 0x6d, 0xec, 0xef, 0x13, 0x06, 0x00, 0x44, 0x00, 0x00, 0x00, 0x09,
  0xb1, 0x00, 0x02, 0xb8, 0xff, 0xef, 0xb0, 0x27, 0x2b, 0x00, 0x00, 0x00,
  0xff, 0xff, 0x00, 0x03, 0x00, 0x00, 0x05, 0x13, 0x07, 0x5d, 0x10, 0x27,
  0x01, 0x6e, 0x01, 0x0a, 0x01, 0x48, 0x13, 0x06, 0x00, 0x24, 0x00, 0x00,
  0x00, 0x09, 0xb1, 0x00, 0x01, 0xb8, 0x01, 0x48, 0xb0, 0x27, 0x2b, 0x00,
  0xff, 0xff, 0x00, 0x5e, 0xff, 0xe9, 0x03, 0xb9, 0x05, 0xdc, 0x10, 0x27,
  0x01, 0x6e, 0x00, 0x8a, 0xff, 0xc7, 0x13, 0x06, 0x00, 0x44, 0x00, 0x00,
  0x00, 0x09, 0xb1, 0x00, 0x01, 0xb8, 0xff, 0xc7, 0xb0, 0x27, 0x2b, 0x00,
  0xff, 0xff, 0x00, 0xab, 0x00, 0x00, 0x04, 0x0d, 0x07, 0xaa, 0x10, 0x27,
  0x01, 0x6d, 0x00, 0x3e, 0x01, 0x70, 0x13, 0x06, 0x00, 0x28, 0x00, 0x00,
  0x00, 0x09, 0xb1, 0x00, 0x02, 0xb8, 0x01, 0x70, 0xb0, 0x27, 0x2b, 0x00,
  0xff, 0xff, 0x00, 0x5d, 0xff, 0xe9, 0x03, 0xfb, 0x06, 0x29, 0x10, 0x26,
  0x01, 0x6d, 0x0c, 0xef, 0x13, 0x06, 0x00, 0x48, 0x00, 0x00, 0x00, 0x09,
  0xb1, 0x00, 0x02, 0xb8, 0xff, 0xef, 0xb0, 0x27, 0x2b, 0x00, 0x00, 0x00,
  0xff, 0xff, 0x00, 0xae, 0x00, 0x00, 0x04, 0x0d, 0x07, 0x5d, 0x10, 0x27,
  0x01, 0x6e, 0x00, 0xdc, 0x01, 0x48, 0x13, 0x06, 0x00, 0x28, 0x00, 0x00,
  0x00, 0x09, 0xb1, 0x00, 0x01, 0xb8, 0x01, 0x48, 0xb0, 0x27, 0x2b, 0x00,
  0xff, 0xff, 0x00, 0x5d, 0xff, 0xe9, 0x03, 0xfb, 0x05, 0xdc, 0x10, 0x27,
  0x01, 0x6e, 0x00, 0xab, 0xff, 0xc7, 0x13, 0x06, 0x00, 0x48, 0x00, 0x00,
  0x00, 0x09, 0xb1, 0x00, 0x01, 0xb8, 0xff, 0xc7, 0xb0, 0x27, 0x2b, 0x00,
  0xff, 0xff, 0xff, 0x59, 0x00, 0x00, 0x01, 0xc5, 0x07, 0xaa, 0x10, 0x27,
  0x01, 0x6d, 0xfe, 0xec, 0x01, 0x70, 0x13, 0x06, 0x00, 0x2c, 0x00, 0x00,
  0x00, 0x09, 0xb1, 0x00, 0x02, 0xb8, 0x01, 0x70, 0xb0, 0x27, 0x2b, 0x00,
  0xff, 0xff, 0xff, 0x29, 0x00, 0x00, 0x01, 0x95, 0x06, 0x29, 0x10, 0x27,
  0x01, 0x6d, 0xfe, 0xbc, 0xff, 0xef, 0x13, 0x06, 0x00, 0xf0, 0x00, 0x00,
  0x00, 0x09, 0xb1, 0x00, 0x02, 0xb8, 0xff, 0xef, 0xb0, 0x27, 0x2b, 0x00,
  0xff, 0xff, 0x00, 0x12, 0x00, 0x00, 0x02, 0x08, 0x07, 0x5d, 0x10, 0x27,
  0x01, 0x6e, 0xff, 0x8c, 0x01, 0x48, 0x13, 0x06, 0x00, 0x2c, 0x00, 0x00,
  0x00, 0x09, 0xb1, 0x00, 0x01, 0xb8, 0x01, 0x48, 0xb0, 0x27, 0x2b, 0x00,
  0xff, 0xff, 0xff, 0xe0, 0x00, 0x00, 0x01, 0xd6, 0x05, 0xdc, 0x10, 0x27,
  0x01, 0x6e, 0xff, 0x5a, 0xff, 0xc7, 0x13, 0x06, 0x00, 0xf0, 0x00, 0x00,
  0x00, 0x09, 0xb1, 0x00, 0x01, 0xb8, 0xff, 0xc7, 0xb0, 0x27, 0x2b, 0x00,
  0xff, 0xff, 0x00, 0x70, 0xff, 0xea, 0x05, 0xea, 0x07, 0xaa, 0x10, 0x27,
  0x01, 0x6d, 0x01, 0x0d, 0x01, 0x70, 0x13, 0x06, 0x00, 0x32, 0x00, 0x00,
  0x00, 0x09, 0xb1, 0x00, 0x02, 0xb8, 0x01, 0x70, 0xb0, 0x27, 0x2b, 0x00,
  0xff, 0xff, 0x00, 0x5c, 0xff, 0xe9, 0x04, 0x54, 0x06, 0x29, 0x10, 0x26,
  0x01, 0x6d, 0x38, 0xef, 0x13, 0x06, 0x00, 0x52, 0x00, 0x00, 0x00, 0x09,
  0xb1, 0x00, 0x02, 0xb8, 0xff, 0xef, 0xb0, 0x27, 0x2b, 0x00, 0x00, 0x00,
  0xff, 0xff, 0x00, 0x70, 0xff, 0xea, 0x05, 0xea, 0x07, 0x5d, 0x10, 0x27,
  0x01, 0x6e, 0x01, 0xac, 0x01, 0x48, 0x13, 0x06, 0x00, 0x32, 0x00, 0x00,
  0x00, 0x09, 0xb1, 0x00, 0x01, 0xb8, 0x01, 0x48, 0xb0, 0x27, 0x2b, 0x00,
  0xff, 0xff, 0x00, 0x5c, 0xff, 0xe9, 0x04, 0x54, 0x05, 0xdc, 0x10, 0x27,
  0x01, 0x6e, 0x00, 0xd7, 0xff, 0xc7, 0x13, 0x06, 0x00, 0x52, 0x00, 0x00,
  0x00, 0x09, 0xb1, 0x00, 0x01, 0xb8, 0xff, 0xc7, 0xb0, 0x27, 0x2b, 0x00,
  0xff, 0xff, 0x00, 0x93, 0x00, 0x00, 0x04, 0xf8, 0x07, 0xaa, 0x10, 0x27,
  0x01, 0x6d, 0x00, 0xa6, 0x01, 0x70, 0x13, 0x06, 0x00, 0x35, 0x00, 0x00,
  0x00, 0x09, 0xb1, 0x00, 0x02, 0xb8, 0x01, 0x70, 0xb0, 0x27, 0x2b, 0x00,
  0xff, 0xff, 0xff, 0xfd, 0x00, 0x00, 0x02, 0xcd, 0x06, 0x29, 0x10, 0x26,
  0x01, 0x6d, 0x90, 0xef, 0x13, 0x06, 0x00, 0x55, 0x00, 0x00, 0x00, 0x09,
  0xb1, 0x00, 0x02, 0xb8, 0xff, 0xef, 0xb0, 0x27, 0x2b, 0x00, 0x00, 0x00,
  0xff, 0xff, 0x00, 0x93, 0x00, 0x00, 0x04, 0xf8, 0x07, 0x5d, 0x10, 0x27,
  0x01, 0x6e, 0x01, 0x44, 0x01, 0x48, 0x13, 0x06, 0x00, 0x35, 0x00, 0x00,
  0x00, 0x09, 0xb1, 0x00, 0x01, 0xb8, 0x01, 0x48, 0xb0, 0x27, 0x2b, 0x00,
  0xff, 0xff, 0x00, 0x94, 0x00, 0x00, 0x02, 0xcd, 0x05, 0xdc, 0x10, 0x26,
  0x01, 0x6e, 0x30, 0xc7, 0x13, 0x06, 0x00, 0x55, 0x00, 0x00, 0x00, 0x09,
  0xb1, 0x00, 0x01, 0xb8, 0xff, 0xc7, 0xb0, 0x27, 0x2b, 0x00, 0x00, 0x00,
  0xff, 0xff, 0x00, 0x9c, 0xff, 0xea, 0x04, 0xfd, 0x07, 0xaa, 0x10, 0x27,
  0x01, 0x6d, 0x00, 0xac, 0x01, 0x70, 0x13, 0x06, 0x00, 0x38, 0x00, 0x00,
  0x00, 0x09, 0xb1, 0x00, 0x02, 0xb8, 0x01, 0x70, 0xb0, 0x27, 0x2b, 0x00,
  0xff, 0xff, 0x00, 0x69, 0xff, 0xe7, 0x03, 0xe2, 0x06, 0x29, 0x10, 0x26,
  0x01, 0x6d, 0x06, 0xef, 0x13, 0x06, 0x00, 0x58, 0x00, 0x00, 0x00, 0x09,
  0xb1, 0x00, 0x02, 0xb8, 0xff, 0xef, 0xb0, 0x27, 0x2b, 0x00, 0x00, 0x00,
  0xff, 0xff, 0x00, 0x9c, 0xff, 0xea, 0x04, 0xfd, 0x07, 0x5d, 0x10, 0x27,
  0x01, 0x6e, 0x01, 0x4c, 0x01, 0x48, 0x13, 0x06, 0x00, 0x38, 0x00, 0x00,
  0x00, 0x09, 0xb1, 0x00, 0x01, 0xb8, 0x01, 0x48, 0xb0, 0x27, 0x2b, 0x00,
  0xff, 0xff, 0x00, 0x69, 0xff, 0xe7, 0x03, 0xe2, 0x05, 0xdc, 0x10, 0x27,
  0x01, 0x6e, 0x00, 0xa4, 0xff, 0xc7, 0x13, 0x06, 0x00, 0x58, 0x00, 0x00,
  0x00, 0x09, 0xb1, 0x00, 0x01, 0xb8, 0xff, 0xc7, 0xb0, 0x27, 0x2b, 0x00,
  0xff, 0xff, 0x00, 0x5e, 0xfd, 0x7d, 0x04, 0x79, 0x05, 0xf5, 0x10, 0x27,
  0x01, 0x6f, 0x01, 0x5a, 0x00, 0x1d, 0x13, 0x06, 0x00, 0x36, 0x00, 0x00,
  0x00, 0x08, 0xb1, 0x00, 0x01, 0xb0, 0x1d, 0xb0, 0x27, 0x2b, 0x00, 0x00,
  0xff, 0xff, 0x00, 0x67, 0xfd, 0x7d, 0x03, 0x64, 0x04, 0x60, 0x10, 0x27,
  0x01, 0x6f, 0x00, 0xd4, 0x00, 0x1d, 0x13, 0x06, 0x00, 0x56, 0x00, 0x00,
  0x00, 0x08, 0xb1, 0x00, 0x01, 0xb0, 0x1d, 0xb0, 0x27, 0x2b, 0x00, 0x00,
  0xff, 0xff, 0x00, 0x07, 0xfd, 0x94, 0x04, 0x43, 0x05, 0xc7, 0x10, 0x27,
  0x01, 0x6f, 0x01, 0x13, 0x00, 0x34, 0x13, 0x06, 0x00, 0x37, 0x00, 0x00,
  0x00, 0x08, 0xb1, 0x00, 0x01, 0xb0, 0x34, 0xb0, 0x27, 0x2b, 0x00, 0x00,
  0xff, 0xff, 0x00, 0x1c, 0xfd, 0x80, 0x02, 0xa3, 0x05, 0x48, 0x10, 0x26,
  0x01, 0x6f, 0x4e, 0x20, 0x13, 0x06, 0x00, 0x57, 0x00, 0x00, 0x00, 0x08,
  0xb1, 0x00, 0x01, 0xb0, 0x20, 0xb0, 0x27, 0x2b, 0x00, 0x01, 0xff, 0xb3,
  0xfe, 0x0a, 0x01, 0x4a, 0x04, 0x4a, 0x00, 0x12, 0x00, 0x1e, 0x40, 0x1b,
  0x03, 0x01, 0x02, 0x02, 0x0e, 0x3f, 0x00, 0x01, 0x01, 0x00, 0x4f, 0x00,
  0x00, 0x00, 0x16, 0x00, 0x40, 0x00, 0x00, 0x00, 0x12, 0x00, 0x12, 0x21,
  0x25, 0x04, 0x0e, 0x2b, 0x01, 0x11, 0x14, 0x0e, 0x02, 0x23, 0x23, 0x27,
  0x33, 0x32, 0x3e, 0x05, 0x35, 0x11, 0x01, 0x4a, 0x1b, 0x4b, 0x80, 0x67,
  0x34, 0x16, 0x34, 0x27, 0x39, 0x29, 0x1a, 0x0f, 0x07, 0x02, 0x04, 0x4a,
  0xfb, 0x2b, 0x6a, 0x82, 0x5b, 0x24, 0x97, 0x09, 0x0e, 0x20, 0x1d, 0x3a,
  0x2e, 0x2a, 0x04, 0xc3, 0x00, 0x01, 0x00, 0x6c, 0x04, 0xe3, 0x02, 0xb7,
  0x06, 0x67, 0x00, 0x06, 0x00, 0x1e, 0x40, 0x1b, 0x05, 0x01, 0x01, 0x00,
  0x01, 0x3e, 0x00, 0x00, 0x01, 0x00, 0x66, 0x03, 0x02, 0x02, 0x01, 0x01,
  0x5d, 0x00, 0x00, 0x00, 0x06, 0x00, 0x06, 0x11, 0x11, 0x04, 0x0e, 0x2b,
  0x13, 0x13, 0x33, 0x13, 0x23, 0x03, 0x03, 0x6c, 0xbb, 0xd5, 0xbb, 0x86,
  0xa1, 0xa1, 0x04, 0xe3, 0x01, 0x84, 0xfe, 0x7c, 0x01, 0x10, 0xfe, 0xf0,
  0x00, 0x01, 0x00, 0x6c, 0x04, 0xe3, 0x02, 0xb7, 0x06, 0x67, 0x00, 0x06,
  0x00, 0x18, 0x40, 0x15, 0x02, 0x01, 0x02, 0x00, 0x01, 0x3e, 0x01, 0x01,
  0x00, 0x02, 0x00, 0x66, 0x00, 0x02, 0x02, 0x5d, 0x11, 0x12, 0x10, 0x03,
  0x0f, 0x2b, 0x13, 0x33, 0x13, 0x13, 0x33, 0x03, 0x23, 0x6c, 0x83, 0xa1,
  0xa1, 0x86, 0xbb, 0xd5, 0x06, 0x67, 0xfe, 0xc8, 0x01, 0x38, 0xfe, 0x7c,
  0x00, 0x01, 0x00, 0x80, 0x05, 0x13, 0x02, 0x76, 0x06, 0x15, 0x00, 0x0c,
  0x00, 0x42, 0x4b, 0xb0, 0x29, 0x50, 0x58, 0x40, 0x0f, 0x00, 0x02, 0x04,
  0x01, 0x00, 0x02, 0x00, 0x53, 0x03, 0x01, 0x01, 0x01, 0x0d, 0x01, 0x40,
  0x1b, 0x40, 0x17, 0x03, 0x01, 0x01, 0x02, 0x01, 0x66, 0x00, 0x02, 0x00,
  0x00, 0x02, 0x4b, 0x00, 0x02, 0x02, 0x00, 0x4f, 0x04, 0x01, 0x00, 0x02,
  0x00, 0x43, 0x59, 0x40, 0x0e, 0x01, 0x00, 0x0a, 0x09, 0x07, 0x06, 0x04,
  0x03, 0x00, 0x0c, 0x01, 0x0c, 0x05, 0x0c, 0x2b, 0x01, 0x22, 0x26, 0x35,
  0x33, 0x14, 0x16, 0x32, 0x36, 0x35, 0x33, 0x14, 0x06, 0x01, 0x79, 0x64,
  0x95, 0x74, 0x4b, 0x74, 0x4e, 0x75, 0x98, 0x05, 0x13, 0x88, 0x7a, 0x45,
  0x48, 0x48, 0x45, 0x79, 0x89, 0x00, 0xff, 0xff, 0xff, 0xac, 0x00, 0x66,
  0x00, 0x54, 0x01, 0x2c, 0x11, 0x07, 0x01, 0x6c, 0xff, 0x32, 0xfb, 0x54,
  0x00, 0x09, 0xb1, 0x00, 0x01, 0xb8, 0xfb, 0x54, 0xb0, 0x27, 0x2b, 0x00,
  0x00, 0x00, 0x00, 0x02, 0xff, 0xdf, 0x00, 0xa5, 0x01, 0xd2, 0x02, 0x9d,
  0x00, 0x08, 0x00, 0x14, 0x00, 0x21, 0x40, 0x1e, 0x00, 0x02, 0x00, 0x01,
  0x00, 0x02, 0x01, 0x57, 0x00, 0x00, 0x03, 0x03, 0x00, 0x4b, 0x00, 0x00,
  0x00, 0x03, 0x4f, 0x00, 0x03, 0x00, 0x03, 0x43, 0x24, 0x23, 0x14, 0x12,
  0x04, 0x10, 0x2b, 0x12, 0x14, 0x16, 0x32, 0x36, 0x35, 0x34, 0x26, 0x22,
  0x07, 0x34, 0x36, 0x33, 0x32, 0x16, 0x15, 0x14, 0x06, 0x23, 0x22, 0x26,
  0x42, 0x59, 0x7c, 0x59, 0x59, 0x7c, 0xbc, 0x93, 0x66, 0x67, 0x93, 0x92,
  0x68, 0x66, 0x93, 0x01, 0xe3, 0x82, 0x5b, 0x5c, 0x40, 0x41, 0x5a, 0x9b,
  0x67, 0x94, 0x94, 0x67, 0x66, 0x97, 0x95, 0x00, 0x00, 0x01, 0x00, 0x76,
  0xfe, 0x5d, 0x01, 0xd4, 0x00, 0x05, 0x00, 0x0f, 0x00, 0x30, 0x40, 0x2d,
  0x02, 0x01, 0x00, 0x02, 0x03, 0x01, 0x01, 0x00, 0x02, 0x3e, 0x00, 0x02,
  0x00, 0x02, 0x66, 0x03, 0x01, 0x00, 0x01, 0x01, 0x00, 0x4b, 0x03, 0x01,
  0x00, 0x00, 0x01, 0x50, 0x00, 0x01, 0x00, 0x01, 0x44, 0x01, 0x00, 0x0b,
  0x0a, 0x06, 0x04, 0x00, 0x0f, 0x01, 0x0f, 0x04, 0x0c, 0x2b, 0x01, 0x32,
  0x37, 0x15, 0x06, 0x23, 0x22, 0x26, 0x35, 0x34, 0x37, 0x33, 0x06, 0x15,
  0x14, 0x16, 0x01, 0x4b, 0x39, 0x50, 0x4c, 0x51, 0x54, 0x6d, 0xbf, 0x72,
  0xb4, 0x37, 0xfe, 0xd1, 0x21, 0x75, 0x20, 0x5d, 0x53, 0x89, 0x6f, 0x85,
  0x56, 0x26, 0x33, 0x00, 0x00, 0x01, 0x01, 0x09, 0x00, 0x72, 0x03, 0xe0,
  0x01, 0x67, 0x00, 0x13, 0x00, 0x30, 0x40, 0x2d, 0x0b, 0x01, 0x01, 0x00,
  0x01, 0x00, 0x02, 0x02, 0x03, 0x02, 0x3e, 0x0a, 0x01, 0x00, 0x3c, 0x00,
  0x01, 0x03, 0x02, 0x01, 0x4b, 0x00, 0x00, 0x00, 0x03, 0x02, 0x00, 0x03,
  0x57, 0x00, 0x01, 0x01, 0x02, 0x4f, 0x00, 0x02, 0x01, 0x02, 0x43, 0x22,
  0x24, 0x22, 0x23, 0x04, 0x10, 0x2b, 0x25, 0x27, 0x36, 0x36, 0x33, 0x32,
  0x16, 0x16, 0x33, 0x32, 0x37, 0x17, 0x06, 0x06, 0x23, 0x22, 0x26, 0x26,
  0x23, 0x22, 0x01, 0x5b, 0x52, 0x23, 0x5e, 0x3c, 0x2d, 0x7b, 0x76, 0x29,
  0x53, 0x2a, 0x56, 0x23, 0x65, 0x41, 0x2e, 0x7c, 0x77, 0x27, 0x4d, 0x7a,
  0x37, 0x62, 0x52, 0x30, 0x30, 0x62, 0x24, 0x74, 0x5d, 0x2e, 0x2f, 0x00,
  0x00, 0x02, 0x00, 0x80, 0x04, 0xeb, 0x02, 0xc9, 0x06, 0x3a, 0x00, 0x03,
  0x00, 0x07, 0x00, 0x2b, 0x40, 0x28, 0x05, 0x03, 0x04, 0x03, 0x01, 0x00,
  0x00, 0x01, 0x49, 0x05, 0x03, 0x04, 0x03, 0x01, 0x01, 0x00, 0x4d, 0x02,
  0x01, 0x00, 0x01, 0x00, 0x41, 0x04, 0x04, 0x00, 0x00, 0x04, 0x07, 0x04,
  0x07, 0x06, 0x05, 0x00, 0x03, 0x00, 0x03, 0x11, 0x06, 0x0d, 0x2b, 0x01,
  0x03, 0x23, 0x13, 0x21, 0x03, 0x23, 0x13, 0x01, 0xdf, 0xfc, 0x63, 0xc6,
  0x01, 0x83, 0xfa, 0x66, 0xca, 0x06, 0x3a, 0xfe, 0xb1, 0x01, 0x4f, 0xfe,
  0xb1, 0x01, 0x4f, 0x00, 0x00, 0x01, 0x00, 0x7a, 0x05, 0x12, 0x01, 0x22,
  0x05, 0xd8, 0x00, 0x03, 0x00, 0x18, 0x40, 0x15, 0x00, 0x00, 0x00, 0x01,
  0x4d, 0x02, 0x01, 0x01, 0x01, 0x0b, 0x00, 0x40, 0x00, 0x00, 0x00, 0x03,
  0x00, 0x03, 0x11, 0x03, 0x0d, 0x2b, 0x01, 0x15, 0x23, 0x35, 0x01, 0x22,
  0xa8, 0x05, 0xd8, 0xc6, 0xc6, 0x00, 0x00, 0x02, 0x00, 0x6d, 0x04, 0xeb,
  0x02, 0xd9, 0x06, 0x3a, 0x00, 0x03, 0x00, 0x07, 0x00, 0x29, 0x40, 0x26,
  0x02, 0x01, 0x00, 0x01, 0x01, 0x00, 0x49, 0x02, 0x01, 0x00, 0x00, 0x01,
  0x4d, 0x05, 0x03, 0x04, 0x03, 0x01, 0x00, 0x01, 0x41, 0x04, 0x04, 0x00,
  0x00, 0x04, 0x07, 0x04, 0x07, 0x06, 0x05, 0x00, 0x03, 0x00, 0x03, 0x11,
  0x06, 0x0d, 0x2b, 0x01, 0x03, 0x33, 0x13, 0x33, 0x03, 0x33, 0x13, 0x01,
  0x67, 0xfa, 0x96, 0xca, 0xa6, 0xf7, 0x97, 0xc6, 0x04, 0xeb, 0x01, 0x4f,
  0xfe, 0xb1, 0x01, 0x4f, 0xfe, 0xb1, 0x00, 0x01, 0x00, 0x86, 0x05, 0x13,
  0x02, 0x7c, 0x06, 0x15, 0x00, 0x0c, 0x00, 0x23, 0x40, 0x20, 0x03, 0x01,
  0x01, 0x02, 0x01, 0x67, 0x00, 0x02, 0x02, 0x00, 0x4f, 0x04, 0x01, 0x00,
  0x00, 0x13, 0x02, 0x40, 0x01, 0x00, 0x0a, 0x09, 0x07, 0x06, 0x04, 0x03,
  0x00, 0x0c, 0x01, 0x0c, 0x05, 0x0c, 0x2b, 0x01, 0x32, 0x16, 0x15, 0x23,
  0x34, 0x26, 0x22, 0x06, 0x15, 0x23, 0x34, 0x36, 0x01, 0x7f, 0x65, 0x98,
  0x75, 0x4e, 0x74, 0x4b, 0x74, 0x95, 0x06, 0x15, 0x89, 0x79, 0x45, 0x48,
  0x48, 0x45, 0x7a, 0x88, 0x00, 0x01, 0x00, 0x90, 0xfd, 0x60, 0x01, 0x94,
  0xff, 0x52, 0x00, 0x03, 0x00, 0x1d, 0x40, 0x1a, 0x00, 0x00, 0x01, 0x01,
  0x00, 0x49, 0x00, 0x00, 0x00, 0x01, 0x4d, 0x02, 0x01, 0x01, 0x00, 0x01,
  0x41, 0x00, 0x00, 0x00, 0x03, 0x00, 0x03, 0x11, 0x03, 0x0d, 0x2b, 0x13,
  0x13, 0x33, 0x03, 0x90, 0x5e, 0xa6, 0x8f, 0xfd, 0x60, 0x01, 0xf2, 0xfe,
  0x0e, 0x00, 0x00, 0x01, 0x00, 0xa0, 0xff, 0xf8, 0x05, 0x10, 0x04, 0x60,
  0x00, 0x1d, 0x00, 0x39, 0x40, 0x36, 0x1a, 0x01, 0x00, 0x06, 0x19, 0x0a,
  0x02, 0x01, 0x00, 0x0b, 0x01, 0x02, 0x01, 0x03, 0x3e, 0x05, 0x03, 0x02,
  0x00, 0x00, 0x06, 0x4f, 0x07, 0x01, 0x06, 0x06, 0x14, 0x3f, 0x00, 0x01,
  0x01, 0x02, 0x4f, 0x04, 0x01, 0x02, 0x02, 0x0c, 0x02, 0x40, 0x00, 0x00,
  0x00, 0x1d, 0x00, 0x1c, 0x12, 0x12, 0x13, 0x23, 0x16, 0x11, 0x08, 0x12,
  0x2b, 0x01, 0x15, 0x23, 0x11, 0x14, 0x1e, 0x03, 0x32, 0x37, 0x15, 0x06,
  0x23, 0x22, 0x26, 0x35, 0x11, 0x21, 0x02, 0x07, 0x23, 0x36, 0x13, 0x06,
  0x07, 0x27, 0x36, 0x36, 0x33, 0x05, 0x10, 0xb6, 0x02, 0x09, 0x12, 0x22,
  0x32, 0x33, 0x4f, 0x27, 0x67, 0x51, 0xfe, 0x6a, 0x1f, 0x5d, 0x94, 0x67,
  0x13, 0x98, 0x5c, 0x10, 0x2a, 0x8d, 0x7f, 0x04, 0x60, 0x90, 0xfd, 0x68,
  0x19, 0x20, 0x30, 0x1c, 0x15, 0x0e, 0xa6, 0x0e, 0x8c, 0xa9, 0x02, 0xa3,
  0xfc, 0xe0, 0xb0, 0xdd, 0x02, 0xf3, 0x04, 0x3d, 0x8e, 0x28, 0x1b, 0x00,
  0xff, 0xff, 0x00, 0xae, 0x00, 0x00, 0x04, 0xbd, 0x07, 0x21, 0x10, 0x27,
  0x01, 0x6c, 0x01, 0xe8, 0x01, 0x49, 0x13, 0x06, 0x00, 0x25, 0x00, 0x00,
  0x00, 0x09, 0xb1, 0x00, 0x01, 0xb8, 0x01, 0x49, 0xb0, 0x27, 0x2b, 0x00,
  0xff, 0xff, 0x00, 0x94, 0xff, 0xe9, 0x04, 0x63, 0x07, 0x3d, 0x10, 0x27,
  0x01, 0x6c, 0x01, 0xae, 0x01, 0x65, 0x13, 0x06, 0x00, 0x45, 0x00, 0x00,
  0x00, 0x09, 0xb1, 0x00, 0x01, 0xb8, 0x01, 0x65, 0xb0, 0x27, 0x2b, 0x00,
  0xff, 0xff, 0x00, 0xae, 0x00, 0x00, 0x05, 0x6e, 0x07, 0x21, 0x10, 0x27,
  0x01, 0x6c, 0x02, 0x40, 0x01, 0x49, 0x13, 0x06, 0x00, 0x27, 0x00, 0x00,
  0x00, 0x09, 0xb1, 0x00, 0x01, 0xb8, 0x01, 0x49, 0xb0, 0x27, 0x2b, 0x00,
  0xff, 0xff, 0x00, 0x5c, 0xff, 0xea, 0x04, 0x28, 0x07, 0x3d, 0x10, 0x27,
  0x01, 0x6c, 0x01, 0x74, 0x01, 0x65, 0x13, 0x06, 0x00, 0x47, 0x00, 0x00,
  0x00, 0x09, 0xb1, 0x00, 0x01, 0xb8, 0x01, 0x65, 0xb0, 0x27, 0x2b, 0x00,
  0xff, 0xff, 0x00, 0xae, 0x00, 0x00, 0x03, 0xe3, 0x07, 0x21, 0x10, 0x27,
  0x01, 0x6c, 0x01, 0x7a, 0x01, 0x49, 0x13, 0x06, 0x00, 0x29, 0x00, 0x00,
  0x00, 0x09, 0xb1, 0x00, 0x01, 0xb8, 0x01, 0x49, 0xb0, 0x27, 0x2b, 0x00,
  0xff, 0xff, 0x00, 0x22, 0x00, 0x00, 0x02, 0xc2, 0x07, 0x4d, 0x10, 0x27,
  0x01, 0x6c, 0x00, 0xa4, 0x01, 0x75, 0x13, 0x06, 0x00, 0x49, 0x00, 0x00,
  0x00, 0x09, 0xb1, 0x00, 0x01, 0xb8, 0x01, 0x75, 0xb0, 0x27, 0x2b, 0x00,
  0xff, 0xff, 0x00, 0xaf, 0x00, 0x00, 0x06, 0x6a, 0x07, 0x21, 0x10, 0x27,
  0x01, 0x6c, 0x02, 0xbe, 0x01, 0x49, 0x13, 0x06, 0x00, 0x30, 0x00, 0x00,
  0x00, 0x09, 0xb1, 0x00, 0x01, 0xb8, 0x01, 0x49, 0xb0, 0x27, 0x2b, 0x00,
  0xff, 0xff, 0x00, 0x8f, 0x00, 0x00, 0x06, 0xa7, 0x05, 0xa0, 0x10, 0x27,
  0x01, 0x6c, 0x02, 0xcd, 0xff, 0xc8, 0x13, 0x06, 0x00, 0x50, 0x00, 0x00,
  0x00, 0x09, 0xb1, 0x00, 0x01, 0xb8, 0xff, 0xc8, 0xb0, 0x27, 0x2b, 0x00,
  0xff, 0xff, 0x00, 0x92, 0x00, 0x00, 0x04, 0x6a, 0x07, 0x21, 0x10, 0x27,
  0x01, 0x6c, 0x01, 0xb0, 0x01, 0x49, 0x13, 0x06, 0x00, 0x33, 0x00, 0x00,
  0x00, 0x09, 0xb1, 0x00, 0x01, 0xb8, 0x01, 0x49, 0xb0, 0x27, 0x2b, 0x00,
  0xff, 0xff, 0x00, 0x8f, 0xfe, 0x24, 0x04, 0x55, 0x05, 0xa0, 0x10, 0x27,
  0x01, 0x6c, 0x01, 0xa4, 0xff, 0xc8, 0x13, 0x06, 0x00, 0x53, 0x00, 0x00,
  0x00, 0x09, 0xb1, 0x00, 0x01, 0xb8, 0xff, 0xc8, 0xb0, 0x27, 0x2b, 0x00,
  0xff, 0xff, 0x00, 0x5e, 0xff, 0xe9, 0x04, 0x79, 0x07, 0x35, 0x10, 0x27,
  0x01, 0x6c, 0x01, 0x9e, 0x01, 0x5d, 0x13, 0x06, 0x00, 0x36, 0x00, 0x00,
  0x00, 0x09, 0xb1, 0x00, 0x01, 0xb8, 0x01, 0x5d, 0xb0, 0x27, 0x2b, 0x00,
  0xff, 0xff, 0x00, 0x67, 0xff, 0xe9, 0x03, 0x64, 0x05, 0xa0, 0x10, 0x27,
  0x01, 0x6c, 0x01, 0x18, 0xff, 0xc8, 0x13, 0x06, 0x00, 0x56, 0x00, 0x00,
  0x00, 0x09, 0xb1, 0x00, 0x01, 0xb8, 0xff, 0xc8, 0xb0, 0x27, 0x2b, 0x00,
  0xff, 0xff, 0x00, 0x07, 0x00, 0x00, 0x04, 0x43, 0x07, 0x21, 0x10, 0x27,
  0x01, 0x6c, 0x01, 0x57, 0x01, 0x49, 0x13, 0x06, 0x00, 0x37, 0x00, 0x00,
  0x00, 0x09, 0xb1, 0x00, 0x01, 0xb8, 0x01, 0x49, 0xb0, 0x27, 0x2b, 0x00,
  0xff, 0xff, 0x00, 0x1c, 0xff, 0xec, 0x02, 0xa3, 0x06, 0x88, 0x10, 0x27,
  0x01, 0x6c, 0x00, 0x92, 0x00, 0xb0, 0x13, 0x06, 0x00, 0x57, 0x00, 0x00,
  0x00, 0x08, 0xb1, 0x00, 0x01, 0xb0, 0xb0, 0xb0, 0x27, 0x2b, 0x00, 0x00,
  0xff, 0xff, 0x00, 0x00, 0x00, 0x00, 0x07, 0xdd, 0x07, 0xde, 0x10, 0x27,
  0x00, 0x43, 0x02, 0x1e, 0x01, 0x78, 0x13, 0x06, 0x00, 0x3a, 0x00, 0x00,
  0x00, 0x09, 0xb1, 0x00, 0x01, 0xb8, 0x01, 0x78, 0xb0, 0x27, 0x2b, 0x00,
  0xff, 0xff, 0x00, 0x13, 0x00, 0x00, 0x06, 0x33, 0x06, 0x5d, 0x10, 0x27,
  0x00, 0x43, 0x01, 0x53, 0xff, 0xf7, 0x13, 0x06, 0x00, 0x5a, 0x00, 0x00,
  0x00, 0x09, 0xb1, 0x00, 0x01, 0xb8, 0xff, 0xf7, 0xb0, 0x27, 0x2b, 0x00,
  0xff, 0xff, 0x00, 0x00, 0x00, 0x00, 0x07, 0xdd, 0x07, 0xdf, 0x10, 0x27,
  0x00, 0x76, 0x03, 0x36, 0x01, 0x79, 0x13, 0x06, 0x00, 0x3a, 0x00, 0x00,
  0x00, 0x09, 0xb1, 0x00, 0x01, 0xb8, 0x01, 0x79, 0xb0, 0x27, 0x2b, 0x00,
  0xff, 0xff, 0x00, 0x13, 0x00, 0x00, 0x06, 0x33, 0x06, 0x5e, 0x10, 0x27,
  0x00, 0x76, 0x02, 0x6a, 0xff, 0xf8, 0x13, 0x06, 0x00, 0x5a, 0x00, 0x00,
  0x00, 0x09, 0xb1, 0x00, 0x01, 0xb8, 0xff, 0xf8, 0xb0, 0x27, 0x2b, 0x00,
  0xff, 0xff, 0x00, 0x00, 0x00, 0x00, 0x07, 0xdd, 0x07, 0x2f, 0x10, 0x27,
  0x00, 0x6a, 0x02, 0x68, 0x01, 0x75, 0x13, 0x06, 0x00, 0x3a, 0x00, 0x00,
  0x00, 0x09, 0xb1, 0x00, 0x02, 0xb8, 0x01, 0x75, 0xb0, 0x27, 0x2b, 0x00,
  0xff, 0xff, 0x00, 0x13, 0x00, 0x00, 0x06, 0x33, 0x05, 0xae, 0x10, 0x27,
  0x00, 0x6a, 0x01, 0x9c, 0xff, 0xf4, 0x13, 0x06, 0x00, 0x5a, 0x00, 0x00,
  0x00, 0x09, 0xb1, 0x00, 0x02, 0xb8, 0xff, 0xf4, 0xb0, 0x27, 0x2b, 0x00,
  0xff, 0xff, 0xff, 0xff, 0x00, 0x00, 0x04, 0xab, 0x07, 0xde, 0x10, 0x27,
  0x00, 0x43, 0x00, 0x85, 0x01, 0x78, 0x13, 0x06, 0x00, 0x3c, 0x00, 0x00,
  0x00, 0x09, 0xb1, 0x00, 0x01, 0xb8, 0x01, 0x78, 0xb0, 0x27, 0x2b, 0x00,
  0xff, 0xff, 0x00, 0x03, 0xfe, 0x0f, 0x03, 0xf3, 0x06, 0x5d, 0x10, 0x26,
  0x00, 0x43, 0x2b, 0xf7, 0x13, 0x06, 0x00, 0x5c, 0x00, 0x00, 0x00, 0x09,
  0xb1, 0x00, 0x01, 0xb8, 0xff, 0xf7, 0xb0, 0x27, 0x2b, 0x00, 0x00, 0x00,
  0x00, 0x01, 0x00, 0x8b, 0x02, 0x0f, 0x04, 0xa2, 0x02, 0xa3, 0x00, 0x03,
  0x00, 0x1e, 0x40, 0x1b, 0x02, 0x01, 0x01, 0x00, 0x00, 0x01, 0x49, 0x02,
  0x01, 0x01, 0x01, 0x00, 0x4d, 0x00, 0x00, 0x01, 0x00, 0x41, 0x00, 0x00,
  0x00, 0x03, 0x00, 0x03, 0x11, 0x03, 0x0d, 0x2b, 0x01, 0x15, 0x21, 0x35,
  0x04, 0xa2, 0xfb, 0xe9, 0x02, 0xa3, 0x94, 0x94, 0x00, 0x01, 0x00, 0x8b,
  0x02, 0x0f, 0x08, 0xf8, 0x02, 0xa3, 0x00, 0x03, 0x00, 0x1e, 0x40, 0x1b,
  0x02, 0x01, 0x01, 0x00, 0x00, 0x01, 0x49, 0x02, 0x01, 0x01, 0x01, 0x00,
  0x4d, 0x00, 0x00, 0x01, 0x00, 0x41, 0x00, 0x00, 0x00, 0x03, 0x00, 0x03,
  0x11, 0x03, 0x0d, 0x2b, 0x01, 0x15, 0x21, 0x35, 0x08, 0xf8, 0xf7, 0x93,
  0x02, 0xa3, 0x94, 0x94, 0x00, 0x01, 0x00, 0x81, 0x04, 0x4e, 0x01, 0x7e,
  0x06, 0x26, 0x00, 0x03, 0x00, 0x34, 0x4b, 0xb0, 0x19, 0x50, 0x58, 0x40,
  0x0c, 0x02, 0x01, 0x01, 0x01, 0x00, 0x4d, 0x00, 0x00, 0x00, 0x0d, 0x01,
  0x40, 0x1b, 0x40, 0x11, 0x00, 0x00, 0x01, 0x01, 0x00, 0x49, 0x00, 0x00,
  0x00, 0x01, 0x4d, 0x02, 0x01, 0x01, 0x00, 0x01, 0x41, 0x59, 0x40, 0x09,
  0x00, 0x00, 0x00, 0x03, 0x00, 0x03, 0x11, 0x03, 0x0d, 0x2b, 0x13, 0x13,
  0x33, 0x03, 0x81, 0x88, 0x75, 0x5b, 0x04, 0x4e, 0x01, 0xd8, 0xfe, 0x28,
  0x00, 0x01, 0x00, 0x85, 0x04, 0x4e, 0x01, 0x7f, 0x06, 0x26, 0x00, 0x03,
  0x00, 0x2c, 0x4b, 0xb0, 0x19, 0x50, 0x58, 0x40, 0x0b, 0x00, 0x00, 0x00,
  0x01, 0x4d, 0x00, 0x01, 0x01, 0x0d, 0x00, 0x40, 0x1b, 0x40, 0x10, 0x00,
  0x01, 0x00, 0x00, 0x01, 0x49, 0x00, 0x01, 0x01, 0x00, 0x4d, 0x00, 0x00,
  0x01, 0x00, 0x41, 0x59, 0xb3, 0x11, 0x10, 0x02, 0x0e, 0x2b, 0x13, 0x23,
  0x13, 0x33, 0xf9, 0x74, 0x5d, 0x9d, 0x04, 0x4e, 0x01, 0xd8, 0x00, 0x01,
  0x00, 0x7e, 0xff, 0x00, 0x01, 0x7b, 0x00, 0xd8, 0x00, 0x03, 0x00, 0x1d,
  0x40, 0x1a, 0x00, 0x00, 0x01, 0x01, 0x00, 0x49, 0x00, 0x00, 0x00, 0x01,
  0x4d, 0x02, 0x01, 0x01, 0x00, 0x01, 0x41, 0x00, 0x00, 0x00, 0x03, 0x00,
  0x03, 0x11, 0x03, 0x0d, 0x2b, 0x13, 0x13, 0x33, 0x03, 0x7e, 0x5c, 0xa1,
  0x86, 0xff, 0x00, 0x01, 0xd8, 0xfe, 0x28, 0x00, 0x00, 0x02, 0x00, 0x81,
  0x04, 0x4e, 0x02, 0xb2, 0x06, 0x26, 0x00, 0x03, 0x00, 0x07, 0x00, 0x43,
  0x4b, 0xb0, 0x19, 0x50, 0x58, 0x40, 0x0f, 0x05, 0x03, 0x04, 0x03, 0x01,
  0x01, 0x00, 0x4d, 0x02, 0x01, 0x00, 0x00, 0x0d, 0x01, 0x40, 0x1b, 0x40,
  0x15, 0x02, 0x01, 0x00, 0x01, 0x01, 0x00, 0x49, 0x02, 0x01, 0x00, 0x00,
  0x01, 0x4d, 0x05, 0x03, 0x04, 0x03, 0x01, 0x00, 0x01, 0x41, 0x59, 0x40,
  0x11, 0x04, 0x04, 0x00, 0x00, 0x04, 0x07, 0x04, 0x07, 0x06, 0x05, 0x00,
  0x03, 0x00, 0x03, 0x11, 0x06, 0x0d, 0x2b, 0x01, 0x13, 0x33, 0x03, 0x21,
  0x13, 0x33, 0x03, 0x01, 0xb6, 0x87, 0x75, 0x5a, 0xfe, 0x29, 0x86, 0x78,
  0x5e, 0x04, 0x4e, 0x01, 0xd8, 0xfe, 0x28, 0x01, 0xd8, 0xfe, 0x28, 0x00,
  0x00, 0x02, 0x00, 0x85, 0x04, 0x4e, 0x02, 0xa2, 0x06, 0x26, 0x00, 0x03,
  0x00, 0x07, 0x00, 0x43, 0x4b, 0xb0, 0x19, 0x50, 0x58, 0x40, 0x0f, 0x05,
  0x03, 0x04, 0x03, 0x01, 0x01, 0x00, 0x4d, 0x02, 0x01, 0x00, 0x00, 0x0d,
  0x01, 0x40, 0x1b, 0x40, 0x15, 0x02, 0x01, 0x00, 0x01, 0x01, 0x00, 0x49,
  0x02, 0x01, 0x00, 0x00, 0x01, 0x4d, 0x05, 0x03, 0x04, 0x03, 0x01, 0x00,
  0x01, 0x41, 0x59, 0x40, 0x11, 0x04, 0x04, 0x00, 0x00, 0x04, 0x07, 0x04,
  0x07, 0x06, 0x05, 0x00, 0x03, 0x00, 0x03, 0x11, 0x06, 0x0d, 0x2b, 0x13,
  0x13, 0x33, 0x03, 0x33, 0x13, 0x33, 0x03, 0x85, 0x5d, 0x9f, 0x87, 0xaa,
  0x5b, 0xa3, 0x89, 0x04, 0x4e, 0x01, 0xd8, 0xfe, 0x28, 0x01, 0xd8, 0xfe,
  0x28, 0x00, 0x00, 0x02, 0x00, 0x7e, 0xff, 0x00, 0x02, 0xb6, 0x00, 0xd8,
  0x00, 0x03, 0x00, 0x07, 0x00, 0x29, 0x40, 0x26, 0x02, 0x01, 0x00, 0x01,
  0x01, 0x00, 0x49, 0x02, 0x01, 0x00, 0x00, 0x01, 0x4d, 0x05, 0x03, 0x04,
  0x03, 0x01, 0x00, 0x01, 0x41, 0x04, 0x04, 0x00, 0x00, 0x04, 0x07, 0x04,
  0x07, 0x06, 0x05, 0x00, 0x03, 0x00, 0x03, 0x11, 0x06, 0x0d, 0x2b, 0x13,
  0x13, 0x33, 0x03, 0x33, 0x13, 0x33, 0x03, 0x7e, 0x5a, 0xa1, 0x85, 0xc5,
  0x5b, 0xa2, 0x87, 0xff, 0x00, 0x01, 0xd8, 0xfe, 0x28, 0x01, 0xd8, 0xfe,
  0x28, 0x00, 0x00, 0x01, 0x00, 0x47, 0x00, 0x79, 0x03, 0x26, 0x06, 0x19,
  0x00, 0x0b, 0x00, 0x4c, 0x4b, 0xb0, 0x24, 0x50, 0x58, 0x40, 0x16, 0x03,
  0x01, 0x01, 0x04, 0x01, 0x00, 0x05, 0x01, 0x00, 0x55, 0x06, 0x01, 0x05,
  0x05, 0x02, 0x4d, 0x00, 0x02, 0x02, 0x0d, 0x05, 0x40, 0x1b, 0x40, 0x1b,
  0x00, 0x02, 0x01, 0x05, 0x02, 0x49, 0x03, 0x01, 0x01, 0x04, 0x01, 0x00,
  0x05, 0x01, 0x00, 0x55, 0x00, 0x02, 0x02, 0x05, 0x4d, 0x06, 0x01, 0x05,
  0x02, 0x05, 0x41, 0x59, 0x40, 0x0d, 0x00, 0x00, 0x00, 0x0b, 0x00, 0x0b,
  0x11, 0x11, 0x11, 0x11, 0x11, 0x07, 0x11, 0x2b, 0x25, 0x11, 0x21, 0x35,
  0x21, 0x11, 0x33, 0x11, 0x21, 0x15, 0x21, 0x11, 0x01, 0x71, 0xfe, 0xd6,
  0x01, 0x2a, 0x82, 0x01, 0x33, 0xfe, 0xcd, 0x79, 0x03, 0x9e, 0x66, 0x01,
  0x9c, 0xfe, 0x64, 0x66, 0xfc, 0x62, 0x00, 0x01, 0x00, 0x6b, 0x00, 0x6e,
  0x03, 0x52, 0x06, 0x0e, 0x00, 0x13, 0x00, 0x34, 0x40, 0x31, 0x05, 0x01,
  0x03, 0x06, 0x01, 0x02, 0x01, 0x03, 0x02, 0x55, 0x07, 0x01, 0x01, 0x08,
  0x01, 0x00, 0x09, 0x01, 0x00, 0x55, 0x0a, 0x01, 0x09, 0x09, 0x04, 0x4d,
  0x00, 0x04, 0x04, 0x0d, 0x09, 0x40, 0x00, 0x00, 0x00, 0x13, 0x00, 0x13,
  0x11, 0x11, 0x11, 0x11, 0x11, 0x11, 0x11, 0x11, 0x11, 0x0b, 0x15, 0x2b,
  0x25, 0x11, 0x21, 0x35, 0x21, 0x11, 0x21, 0x35, 0x21, 0x11, 0x33, 0x11,
  0x21, 0x15, 0x21, 0x11, 0x21, 0x15, 0x21, 0x11, 0x01, 0x9d, 0xfe, 0xce,
  0x01, 0x32, 0xfe, 0xd3, 0x01, 0x2d, 0x82, 0x01, 0x33, 0xfe, 0xcd, 0x01,
  0x2c, 0xfe, 0xd4, 0x6e, 0x01, 0x65, 0x89, 0x01, 0xc7, 0x8c, 0x01, 0x5f,
  0xfe, 0xa1, 0x8c, 0xfe, 0x39, 0x89, 0xfe, 0x9b, 0x00, 0x01, 0x00, 0x89,
  0x01, 0x9f, 0x02, 0xdb, 0x04, 0x3e, 0x00, 0x0b, 0x00, 0x12, 0x40, 0x0f,
  0x00, 0x00, 0x00, 0x01, 0x4f, 0x00, 0x01, 0x01, 0x0e, 0x00, 0x40, 0x24,
  0x22, 0x02, 0x0e, 0x2b, 0x01, 0x14, 0x06, 0x23, 0x22, 0x26, 0x35, 0x34,
  0x36, 0x33, 0x32, 0x16, 0x02, 0xdb, 0xb2, 0x79, 0x7b, 0xac, 0xb4, 0x77,
  0x79, 0xae, 0x02, 0xf1, 0x8a, 0xc8, 0xc4, 0x88, 0x89, 0xca, 0xc5, 0x00,
  0x00, 0x03, 0x00, 0x80, 0xff, 0xf4, 0x05, 0x66, 0x00, 0xfc, 0x00, 0x09,
  0x00, 0x13, 0x00, 0x1d, 0x00, 0x82, 0x4b, 0xb0, 0x0a, 0x50, 0x58, 0x40,
  0x12, 0x05, 0x03, 0x02, 0x01, 0x01, 0x00, 0x4f, 0x08, 0x04, 0x07, 0x02,
  0x06, 0x05, 0x00, 0x00, 0x0c, 0x00, 0x40, 0x1b, 0x4b, 0xb0, 0x0e, 0x50,
  0x58, 0x40, 0x12, 0x05, 0x03, 0x02, 0x01, 0x01, 0x00, 0x4f, 0x08, 0x04,
  0x07, 0x02, 0x06, 0x05, 0x00, 0x00, 0x12, 0x00, 0x40, 0x1b, 0x4b, 0xb0,
  0x10, 0x50, 0x58, 0x40, 0x12, 0x05, 0x03, 0x02, 0x01, 0x01, 0x00, 0x4f,
  0x08, 0x04, 0x07, 0x02, 0x06, 0x05, 0x00, 0x00, 0x0c, 0x00, 0x40, 0x1b,
  0x40, 0x12, 0x05, 0x03, 0x02, 0x01, 0x01, 0x00, 0x4f, 0x08, 0x04, 0x07,
  0x02, 0x06, 0x05, 0x00, 0x00, 0x12, 0x00, 0x40, 0x59, 0x59, 0x59, 0x40,
  0x1a, 0x15, 0x14, 0x0b, 0x0a, 0x01, 0x00, 0x1a, 0x19, 0x14, 0x1d, 0x15,
  0x1d, 0x10, 0x0f, 0x0a, 0x13, 0x0b, 0x13, 0x06, 0x05, 0x00, 0x09, 0x01,
  0x09, 0x09, 0x0c, 0x2b, 0x05, 0x22, 0x26, 0x35, 0x34, 0x36, 0x32, 0x16,
  0x14, 0x06, 0x21, 0x22, 0x26, 0x35, 0x34, 0x36, 0x32, 0x16, 0x14, 0x06,
  0x21, 0x22, 0x26, 0x35, 0x34, 0x36, 0x32, 0x16, 0x14, 0x06, 0x01, 0x05,
  0x3e, 0x47, 0x46, 0x7e, 0x46, 0x46, 0x01, 0xaf, 0x3e, 0x47, 0x46, 0x7e,
  0x46, 0x46, 0x01, 0xaf, 0x3e, 0x47, 0x46, 0x7e, 0x46, 0x46, 0x0c, 0x4f,
  0x35, 0x36, 0x4e, 0x4e, 0x6c, 0x4e, 0x4f, 0x35, 0x36, 0x4e, 0x4e, 0x6c,
  0x4e, 0x4f, 0x35, 0x36, 0x4e, 0x4e, 0x6c, 0x4e, 0x00, 0x07, 0x00, 0x6c,
  0xff, 0xe2, 0x08, 0x9f, 0x06, 0x17, 0x00, 0x03, 0x00, 0x0f, 0x00, 0x1b,
  0x00, 0x27, 0x00, 0x33, 0x00, 0x3f, 0x00, 0x4b, 0x00, 0xa8, 0x4b, 0xb0,
  0x29, 0x50, 0x58, 0x40, 0x31, 0x00, 0x03, 0x11, 0x01, 0x08, 0x07, 0x03,
  0x08, 0x57, 0x0b, 0x01, 0x07, 0x13, 0x0c, 0x0f, 0x03, 0x04, 0x05, 0x07,
  0x04, 0x58, 0x0e, 0x01, 0x02, 0x02, 0x01, 0x4f, 0x09, 0x01, 0x01, 0x01,
  0x13, 0x3f, 0x0d, 0x01, 0x05, 0x05, 0x00, 0x4f, 0x12, 0x0a, 0x10, 0x06,
  0x04, 0x00, 0x00, 0x12, 0x00, 0x40, 0x1b, 0x40, 0x35, 0x00, 0x03, 0x11,
  0x01, 0x08, 0x07, 0x03, 0x08, 0x57, 0x0b, 0x01, 0x07, 0x13, 0x0c, 0x0f,
  0x03, 0x04, 0x05, 0x07, 0x04, 0x58, 0x00, 0x01, 0x01, 0x0d, 0x3f, 0x0e,
  0x01, 0x02, 0x02, 0x09, 0x4f, 0x00, 0x09, 0x09, 0x13, 0x3f, 0x0d, 0x01,
  0x05, 0x05, 0x00, 0x4f, 0x12, 0x0a, 0x10, 0x06, 0x04, 0x00, 0x00, 0x12,
  0x00, 0x40, 0x59, 0x40, 0x34, 0x41, 0x40, 0x35, 0x34, 0x29, 0x28, 0x1d,
  0x1c, 0x11, 0x10, 0x05, 0x04, 0x47, 0x45, 0x40, 0x4b, 0x41, 0x4b, 0x3b,
  0x39, 0x34, 0x3f, 0x35, 0x3f, 0x2f, 0x2d, 0x28, 0x33, 0x29, 0x33, 0x23,
  0x21, 0x1c, 0x27, 0x1d, 0x27, 0x17, 0x15, 0x10, 0x1b, 0x11, 0x1b, 0x0b,
  0x09, 0x04, 0x0f, 0x05, 0x0f, 0x11, 0x10, 0x14, 0x0e, 0x2b, 0x05, 0x23,
  0x01, 0x33, 0x05, 0x22, 0x06, 0x15, 0x14, 0x16, 0x33, 0x32, 0x36, 0x35,
  0x34, 0x26, 0x01, 0x22, 0x06, 0x15, 0x14, 0x16, 0x33, 0x32, 0x36, 0x35,
  0x34, 0x26, 0x03, 0x22, 0x26, 0x35, 0x34, 0x36, 0x33, 0x32, 0x16, 0x15,
  0x14, 0x06, 0x01, 0x22, 0x26, 0x35, 0x34, 0x36, 0x33, 0x32, 0x16, 0x15,
  0x14, 0x06, 0x01, 0x22, 0x26, 0x35, 0x34, 0x36, 0x33, 0x32, 0x16, 0x15,
  0x14, 0x06, 0x03, 0x22, 0x06, 0x15, 0x14, 0x16, 0x33, 0x32, 0x36, 0x35,
  0x34, 0x26, 0x01, 0x8b, 0x88, 0x03, 0x58, 0x9d, 0xfc, 0x9c, 0x51, 0x56,
  0x57, 0x54, 0x50, 0x56, 0x57, 0x02, 0x6a, 0x5f, 0x66, 0x67, 0x60, 0x5f,
  0x67, 0x65, 0x64, 0xa1, 0xa6, 0xa8, 0xa2, 0xa3, 0xa4, 0xaa, 0xfc, 0xa4,
  0x8c, 0x9c, 0x9d, 0x8d, 0x8f, 0x99, 0xa0, 0x05, 0x36, 0x9f, 0xa7, 0xaa,
  0xa1, 0xa2, 0xa4, 0xab, 0x9d, 0x61, 0x69, 0x69, 0x63, 0x5f, 0x69, 0x6a,
  0x16, 0x06, 0x21, 0x6d, 0x93, 0x6f, 0x74, 0x91, 0x94, 0x6f, 0x74, 0x90,
  0xfc, 0xc4, 0x91, 0x6f, 0x73, 0x92, 0x97, 0x6e, 0x73, 0x8d, 0xfd, 0x80,
  0xce, 0xb2, 0xab, 0xd2, 0xcb, 0xb4, 0xa9, 0xd5, 0x03, 0x3a, 0xd0, 0xb0,
  0xa9, 0xd2, 0xcc, 0xb3, 0xa7, 0xd5, 0xfc, 0xc6, 0xce, 0xb2, 0xab, 0xd2,
  0xca, 0xb5, 0xa9, 0xd5, 0x02, 0x80, 0x91, 0x6f, 0x74, 0x91, 0x96, 0x6f,
  0x70, 0x90, 0x00, 0x01, 0x00, 0x78, 0x00, 0xb6, 0x01, 0xf5, 0x03, 0xd6,
  0x00, 0x05, 0x00, 0x1e, 0x40, 0x1b, 0x05, 0x02, 0x02, 0x01, 0x00, 0x01,
  0x3e, 0x00, 0x00, 0x01, 0x01, 0x00, 0x49, 0x00, 0x00, 0x00, 0x01, 0x4d,
  0x00, 0x01, 0x00, 0x01, 0x41, 0x12, 0x10, 0x02, 0x0e, 0x2b, 0x01, 0x33,
  0x03, 0x13, 0x23, 0x03, 0x01, 0x69, 0x8c, 0xe8, 0xe2, 0x8b, 0xec, 0x03,
  0xd6, 0xfe, 0x71, 0xfe, 0x6f, 0x01, 0x91, 0x00, 0x00, 0x01, 0x00, 0x7c,
  0x00, 0xb6, 0x01, 0xf9, 0x03, 0xd6, 0x00, 0x05, 0x00, 0x1e, 0x40, 0x1b,
  0x03, 0x00, 0x02, 0x00, 0x01, 0x01, 0x3e, 0x00, 0x01, 0x00, 0x00, 0x01,
  0x49, 0x00, 0x01, 0x01, 0x00, 0x4d, 0x00, 0x00, 0x01, 0x00, 0x41, 0x12,
  0x11, 0x02, 0x0e, 0x2b, 0x01, 0x03, 0x23, 0x13, 0x03, 0x33, 0x01, 0xf9,
  0xf1, 0x8c, 0xe7, 0xe1, 0x8b, 0x02, 0x49, 0xfe, 0x6d, 0x01, 0x93, 0x01,
  0x8d, 0x00, 0x00, 0x01, 0x00, 0x3c, 0x00, 0x00, 0x04, 0x2a, 0x06, 0x0b,
  0x00, 0x03, 0x00, 0x12, 0x40, 0x0f, 0x00, 0x00, 0x00, 0x0d, 0x3f, 0x00,
  0x01, 0x01, 0x0c, 0x01, 0x40, 0x11, 0x10, 0x02, 0x0e, 0x2b, 0x01, 0x33,
  0x01, 0x23, 0x03, 0xa8, 0x82, 0xfc, 0x95, 0x83, 0x06, 0x0b, 0xf9, 0xf5,
  0x00, 0x02, 0x00, 0x5c, 0x02, 0x95, 0x02, 0x7c, 0x05, 0xef, 0x00, 0x03,
  0x00, 0x0e, 0x00, 0x2a, 0x40, 0x27, 0x03, 0x01, 0x00, 0x03, 0x08, 0x01,
  0x02, 0x00, 0x02, 0x3e, 0x04, 0x01, 0x00, 0x05, 0x01, 0x02, 0x01, 0x00,
  0x02, 0x55, 0x00, 0x01, 0x01, 0x03, 0x4d, 0x00, 0x03, 0x03, 0x0d, 0x01,
  0x40, 0x11, 0x11, 0x12, 0x11, 0x13, 0x10, 0x06, 0x12, 0x2b, 0x13, 0x33,
  0x10, 0x37, 0x13, 0x23, 0x35, 0x21, 0x35, 0x01, 0x33, 0x11, 0x33, 0x17,
  0x23, 0xd5, 0xd1, 0x01, 0x6b, 0x6b, 0xfe, 0xb5, 0x01, 0x41, 0x77, 0x5e,
  0x0a, 0x6a, 0x03, 0xd2, 0x01, 0x4d, 0x1c, 0xfd, 0x5a, 0xcc, 0x63, 0x02,
  0x2b, 0xfd, 0xe3, 0x71, 0x00, 0x01, 0x00, 0x69, 0xff, 0xea, 0x04, 0x40,
  0x05, 0xf4, 0x00, 0x30, 0x00, 0x5e, 0x40, 0x5b, 0x10, 0x01, 0x04, 0x03,
  0x11, 0x01, 0x02, 0x04, 0x27, 0x01, 0x0a, 0x09, 0x28, 0x01, 0x0b, 0x0a,
  0x04, 0x3e, 0x00, 0x07, 0x01, 0x00, 0x01, 0x07, 0x00, 0x64, 0x05, 0x01,
  0x02, 0x06, 0x01, 0x01, 0x07, 0x02, 0x01, 0x55, 0x08, 0x01, 0x00, 0x0d,
  0x0c, 0x02, 0x09, 0x0a, 0x00, 0x09, 0x55, 0x00, 0x04, 0x04, 0x03, 0x4f,
  0x00, 0x03, 0x03, 0x0d, 0x3f, 0x00, 0x0a, 0x0a, 0x0b, 0x4f, 0x00, 0x0b,
  0x0b, 0x12, 0x0b, 0x40, 0x00, 0x00, 0x00, 0x30, 0x00, 0x30, 0x2b, 0x29,
  0x26, 0x24, 0x20, 0x1f, 0x10, 0x13, 0x11, 0x12, 0x23, 0x24, 0x11, 0x14,
  0x11, 0x0e, 0x15, 0x2b, 0x13, 0x37, 0x33, 0x26, 0x35, 0x34, 0x37, 0x23,
  0x37, 0x33, 0x3e, 0x03, 0x33, 0x32, 0x17, 0x07, 0x26, 0x23, 0x22, 0x06,
  0x07, 0x21, 0x07, 0x21, 0x06, 0x06, 0x14, 0x23, 0x21, 0x07, 0x21, 0x1e,
  0x03, 0x33, 0x32, 0x37, 0x07, 0x06, 0x23, 0x22, 0x2e, 0x03, 0x27, 0x6a,
  0x11, 0x5c, 0x02, 0x05, 0x71, 0x13, 0x6e, 0x13, 0x59, 0x89, 0xc5, 0x78,
  0xb5, 0x6f, 0x01, 0x6e, 0x9f, 0xa5, 0xc4, 0x20, 0x02, 0x2e, 0x11, 0xfd,
  0xd1, 0x02, 0x02, 0x01, 0x02, 0x25, 0x0a, 0xfd, 0xf6, 0x0b, 0x38, 0x5a,
  0x8a, 0x56, 0x94, 0x8c, 0x01, 0x7d, 0xb5, 0x65, 0xac, 0x79, 0x5d, 0x36,
  0x0d, 0x02, 0x44, 0x67, 0x20, 0x10, 0x15, 0x5d, 0x70, 0x7e, 0xcd, 0x99,
  0x53, 0x5f, 0xb4, 0x78, 0xdb, 0xc1, 0x70, 0x15, 0x52, 0x3b, 0x67, 0x5b,
  0x9c, 0x7e, 0x48, 0x6d, 0xaf, 0x5b, 0x46, 0x73, 0x9e, 0xa7, 0x5c, 0x00,
  0x00, 0x02, 0x00, 0x5a, 0x02, 0x61, 0x06, 0xa8, 0x05, 0xd8, 0x00, 0x0c,
  0x00, 0x14, 0x00, 0x08, 0xb5, 0x11, 0x0d, 0x05, 0x00, 0x02, 0x24, 0x2b,
  0x01, 0x33, 0x01, 0x01, 0x33, 0x11, 0x23, 0x11, 0x01, 0x23, 0x01, 0x11,
  0x23, 0x01, 0x21, 0x15, 0x21, 0x11, 0x23, 0x11, 0x21, 0x03, 0x51, 0x9d,
  0x01, 0x0c, 0x01, 0x19, 0x95, 0x72, 0xfe, 0xe8, 0x56, 0xfe, 0xf8, 0x6f,
  0xfd, 0x09, 0x02, 0x7d, 0xfe, 0xf8, 0x72, 0xfe, 0xfd, 0x05, 0xd8, 0xfd,
  0x60, 0x02, 0xa0, 0xfc, 0x89, 0x02, 0xe4, 0xfd, 0x63, 0x02, 0x9d, 0xfd,
  0x1c, 0x03, 0x77, 0x66, 0xfc, 0xef, 0x03, 0x11, 0x00, 0x02, 0x00, 0x71,
  0xff, 0xe4, 0x04, 0x2d, 0x06, 0x74, 0x00, 0x1d, 0x00, 0x2a, 0x00, 0x08,
  0xb5, 0x24, 0x1e, 0x0a, 0x02, 0x02, 0x24, 0x2b, 0x01, 0x27, 0x36, 0x33,
  0x20, 0x11, 0x14, 0x02, 0x0e, 0x02, 0x23, 0x22, 0x2e, 0x02, 0x35, 0x34,
  0x12, 0x36, 0x33, 0x32, 0x17, 0x34, 0x36, 0x35, 0x34, 0x02, 0x23, 0x22,
  0x13, 0x32, 0x36, 0x12, 0x37, 0x26, 0x26, 0x22, 0x06, 0x06, 0x15, 0x14,
  0x16, 0x01, 0x2d, 0x0d, 0x92, 0xaf, 0x01, 0xcc, 0x28, 0x57, 0x80, 0xbd,
  0x73, 0x65, 0x9a, 0x5f, 0x2f, 0x7d, 0xe2, 0x8e, 0xcd, 0x6a, 0x01, 0xac,
  0xa1, 0x8a, 0x40, 0x69, 0xaa, 0x66, 0x10, 0x1c, 0x8f, 0xcc, 0xab, 0x61,
  0x88, 0x05, 0x7d, 0x94, 0x63, 0xfd, 0x21, 0x8f, 0xfe, 0xf5, 0xf5, 0xb6,
  0x6c, 0x49, 0x84, 0xac, 0x67, 0xaf, 0x01, 0x1e, 0xa4, 0xb0, 0x08, 0x38,
  0x0f, 0xf7, 0x01, 0x18, 0xfa, 0x94, 0xa0, 0x01, 0x06, 0xa4, 0x62, 0x84,
  0x85, 0xdf, 0x81, 0x96, 0xb5, 0x00, 0x00, 0x02, 0x00, 0x53, 0x00, 0x00,
  0x04, 0xef, 0x06, 0x05, 0x00, 0x04, 0x00, 0x0a, 0x00, 0x08, 0xb5, 0x09,
  0x06, 0x03, 0x00, 0x02, 0x24, 0x2b, 0x25, 0x21, 0x01, 0x27, 0x07, 0x01,
  0x15, 0x21, 0x35, 0x01, 0x33, 0x01, 0x1c, 0x03, 0x0a, 0xfe, 0x9a, 0x24,
  0x20, 0x02, 0x73, 0xfb, 0x64, 0x01, 0xef, 0xbe, 0xae, 0x03, 0xfd, 0x75,
  0x75, 0xfb, 0xab, 0x56, 0x56, 0x05, 0xaf, 0x00, 0x00, 0x01, 0x00, 0x93,
  0x00, 0x00, 0x05, 0x24, 0x05, 0xd8, 0x00, 0x07, 0x00, 0x06, 0xb3, 0x04,
  0x02, 0x01, 0x24, 0x2b, 0x01, 0x21, 0x11, 0x23, 0x11, 0x21, 0x11, 0x23,
  0x04, 0x73, 0xfc, 0xd1, 0xb1, 0x04, 0x91, 0xb1, 0x05, 0x3e, 0xfa, 0xc2,
  0x05, 0xd8, 0xfa, 0x28, 0x00, 0x01, 0x00, 0x52, 0xfe, 0x9c, 0x04, 0xb3,
  0x05, 0xfc, 0x00, 0x0b, 0x00, 0x06, 0xb3, 0x06, 0x01, 0x01, 0x24, 0x2b,
  0x05, 0x15, 0x21, 0x35, 0x01, 0x01, 0x35, 0x21, 0x15, 0x21, 0x01, 0x01,
  0x04, 0xb3, 0xfb, 0x9f, 0x02, 0x6c, 0xfd, 0xaa, 0x04, 0x23, 0xfc, 0xb2,
  0x02, 0x54, 0xfd, 0x93, 0xc3, 0xa1, 0x63, 0x03, 0x55, 0x03, 0x42, 0x66,
  0x99, 0xfc, 0xf9, 0xfc, 0xe1, 0x00, 0x00, 0x01, 0x00, 0x44, 0xff, 0x5a,
  0x04, 0x7c, 0x06, 0xb6, 0x00, 0x0a, 0x00, 0x06, 0xb3, 0x02, 0x00, 0x01,
  0x24, 0x2b, 0x01, 0x33, 0x01, 0x23, 0x01, 0x07, 0x27, 0x25, 0x13, 0x17,
  0x12, 0x04, 0x0b, 0x71, 0xfe, 0x48, 0x8b, 0xfe, 0xb3, 0x98, 0x10, 0x01,
  0x04, 0xf1, 0x3b, 0x87, 0x06, 0xb6, 0xf8, 0xa4, 0x03, 0x8d, 0x1f, 0x79,
  0x38, 0xfd, 0x6d, 0xba, 0x02, 0x2e, 0x00, 0x03, 0x00, 0x87, 0x00, 0xfe,
  0x06, 0x8e, 0x03, 0xf9, 0x00, 0x18, 0x00, 0x22, 0x00, 0x2e, 0x00, 0x0a,
  0xb7, 0x2b, 0x25, 0x1f, 0x1b, 0x0f, 0x02, 0x03, 0x24, 0x2b, 0x01, 0x14,
  0x06, 0x23, 0x22, 0x26, 0x27, 0x06, 0x06, 0x23, 0x22, 0x26, 0x26, 0x35,
  0x34, 0x36, 0x33, 0x32, 0x16, 0x17, 0x36, 0x36, 0x33, 0x32, 0x16, 0x05,
  0x14, 0x16, 0x33, 0x32, 0x37, 0x02, 0x23, 0x22, 0x06, 0x05, 0x34, 0x26,
  0x23, 0x22, 0x06, 0x07, 0x16, 0x16, 0x33, 0x32, 0x36, 0x06, 0x8e, 0xcc,
  0x97, 0x70, 0xc6, 0x68, 0x63, 0xc8, 0x75, 0x6e, 0xa5, 0x53, 0xcd, 0x94,
  0x79, 0xc8, 0x64, 0x5f, 0xc7, 0x7b, 0xa7, 0xb9, 0xfa, 0x6a, 0x8c, 0x6b,
  0xab, 0xac, 0xa3, 0xbc, 0x6c, 0x83, 0x05, 0x1b, 0x85, 0x65, 0x5f, 0xa6,
  0x4e, 0x63, 0x9a, 0x5b, 0x70, 0x75, 0x02, 0x82, 0xaa, 0xda, 0x84, 0x8b,
  0x82, 0x8d, 0x70, 0xb6, 0x6f, 0x95, 0xd1, 0x8b, 0x85, 0x83, 0x8d, 0xcf,
  0xac, 0x66, 0x9b, 0xff, 0x01, 0x01, 0x94, 0x50, 0x5f, 0x85, 0x8b, 0x74,
  0x87, 0x7a, 0x9f, 0x00, 0x00, 0x01, 0x00, 0x28, 0xfe, 0x53, 0x02, 0x96,
  0x06, 0xdc, 0x00, 0x18, 0x00, 0x06, 0xb3, 0x10, 0x02, 0x01, 0x24, 0x2b,
  0x05, 0x11, 0x10, 0x21, 0x32, 0x17, 0x17, 0x26, 0x23, 0x22, 0x06, 0x15,
  0x11, 0x14, 0x0e, 0x02, 0x23, 0x22, 0x27, 0x27, 0x16, 0x33, 0x32, 0x36,
  0x01, 0x15, 0x01, 0x07, 0x2a, 0x4f, 0x01, 0x21, 0x3f, 0x55, 0x3c, 0x1a,
  0x39, 0x67, 0x49, 0x35, 0x44, 0x01, 0x1d, 0x40, 0x55, 0x3b, 0x32, 0x05,
  0x79, 0x01, 0x95, 0x17, 0x8b, 0x10, 0x6d, 0x7a, 0xfa, 0x84, 0x5b, 0x8d,
  0x70, 0x3c, 0x14, 0x8b, 0x0e, 0x6f, 0x00, 0x02, 0x00, 0x88, 0x01, 0x18,
  0x04, 0x9a, 0x03, 0xdc, 0x00, 0x1b, 0x00, 0x32, 0x00, 0x08, 0xb5, 0x1f,
  0x1c, 0x03, 0x00, 0x02, 0x24, 0x2b, 0x13, 0x27, 0x36, 0x36, 0x33, 0x32,
  0x16, 0x17, 0x1e, 0x06, 0x33, 0x32, 0x36, 0x37, 0x17, 0x06, 0x06, 0x23,
  0x22, 0x27, 0x26, 0x23, 0x22, 0x27, 0x27, 0x36, 0x36, 0x33, 0x32, 0x16,
  0x17, 0x16, 0x16, 0x33, 0x32, 0x36, 0x37, 0x17, 0x02, 0x23, 0x22, 0x26,
  0x27, 0x26, 0x23, 0x22, 0xef, 0x65, 0x19, 0x94, 0x75, 0x3e, 0x7a, 0x4b,
  0x09, 0x2f, 0x15, 0x27, 0x18, 0x20, 0x1a, 0x0d, 0x40, 0x57, 0x1f, 0x62,
  0x1a, 0x86, 0x7b, 0x6d, 0xab, 0x75, 0x47, 0x87, 0x35, 0x67, 0x18, 0x96,
  0x75, 0x3d, 0x79, 0x50, 0x49, 0x5d, 0x29, 0x40, 0x57, 0x1e, 0x63, 0x35,
  0xe7, 0x3f, 0x81, 0x57, 0x73, 0x4a, 0x8a, 0x01, 0x18, 0x20, 0x84, 0x91,
  0x2f, 0x2a, 0x05, 0x1b, 0x0b, 0x15, 0x09, 0x0b, 0x05, 0x5a, 0x58, 0x1f,
  0x84, 0x90, 0x67, 0x4a, 0xe1, 0x1c, 0x82, 0x92, 0x2f, 0x30, 0x2c, 0x27,
  0x59, 0x59, 0x1d, 0xfe, 0xed, 0x31, 0x36, 0x49, 0x00, 0x01, 0x00, 0x70,
  0x00, 0x30, 0x04, 0x3b, 0x04, 0xb7, 0x00, 0x13, 0x00, 0x06, 0xb3, 0x0a,
  0x00, 0x01, 0x24, 0x2b, 0x01, 0x17, 0x03, 0x21, 0x17, 0x21, 0x03, 0x21,
  0x17, 0x21, 0x03, 0x27, 0x13, 0x21, 0x27, 0x21, 0x13, 0x21, 0x27, 0x21,
  0x03, 0x1e, 0x73, 0x75, 0x01, 0x16, 0x09, 0xfe, 0xa6, 0x9c, 0x01, 0xef,
  0x07, 0xfd, 0xce, 0x91, 0x71, 0x77, 0xfe, 0xfb, 0x07, 0x01, 0x4c, 0x98,
  0xfe, 0x23, 0x09, 0x02, 0x21, 0x04, 0xb7, 0x10, 0xfe, 0xec, 0x84, 0xfe,
  0xd0, 0x7f, 0xfe, 0xd0, 0x14, 0x01, 0x1c, 0x7f, 0x01, 0x30, 0x84, 0x00,
  0x00, 0x02, 0x00, 0x65, 0x00, 0x08, 0x04, 0x2a, 0x05, 0x20, 0x00, 0x06,
  0x00, 0x0a, 0x00, 0x08, 0xb5, 0x08, 0x07, 0x04, 0x01, 0x02, 0x24, 0x2b,
  0x01, 0x15, 0x01, 0x35, 0x01, 0x15, 0x01, 0x01, 0x15, 0x21, 0x35, 0x04,
  0x11, 0xfc, 0x72, 0x03, 0x8e, 0xfd, 0x0c, 0x03, 0x0d, 0xfc, 0x3b, 0x01,
  0x7f, 0x97, 0x01, 0xe4, 0x5a, 0x01, 0xfa, 0x96, 0xfe, 0x74, 0xfd, 0x8f,
  0x85, 0x85, 0x00, 0x02, 0x00, 0x78, 0x00, 0x08, 0x04, 0x38, 0x05, 0x22,
  0x00, 0x03, 0x00, 0x0a, 0x00, 0x08, 0xb5, 0x08, 0x05, 0x01, 0x00, 0x02,
  0x24, 0x2b, 0x25, 0x15, 0x21, 0x35, 0x13, 0x35, 0x01, 0x15, 0x01, 0x35,
  0x01, 0x04, 0x38, 0xfc, 0x40, 0x1e, 0x03, 0x91, 0xfc, 0x6b, 0x02, 0xfa,
  0x8d, 0x85, 0x85, 0x03, 0xff, 0x96, 0xfe, 0x04, 0x57, 0xfe, 0x1b, 0x97,
  0x01, 0x79, 0x00, 0x02, 0x00, 0x57, 0xff, 0xd0, 0x04, 0x1f, 0x06, 0x2f,
  0x00, 0x0a, 0x00, 0x10, 0x00, 0x08, 0xb5, 0x0d, 0x0b, 0x06, 0x00, 0x02,
  0x24, 0x2b, 0x25, 0x36, 0x12, 0x37, 0x26, 0x00, 0x27, 0x06, 0x03, 0x16,
  0x12, 0x13, 0x01, 0x01, 0x23, 0x01, 0x01, 0x02, 0x35, 0x3c, 0xef, 0x3b,
  0x0e, 0xfe, 0xf7, 0x43, 0x78, 0xee, 0x21, 0xf4, 0x86, 0x01, 0xa9, 0xfe,
  0x4e, 0x6d, 0xfe, 0x57, 0x01, 0xb0, 0x6a, 0x6e, 0x01, 0xb8, 0x6e, 0x1a,
  0x01, 0xf5, 0x83, 0xda, 0xfe, 0x4a, 0x3f, 0xfe, 0x27, 0x05, 0x47, 0xfc,
  0xd1, 0xfc, 0xd0, 0x03, 0x2e, 0x03, 0x31, 0x00, 0x00, 0x01, 0x00, 0x22,
  0x00, 0x00, 0x05, 0x4e, 0x06, 0x0d, 0x00, 0x27, 0x00, 0x51, 0x40, 0x4e,
  0x25, 0x17, 0x02, 0x00, 0x07, 0x26, 0x18, 0x02, 0x01, 0x00, 0x02, 0x3e,
  0x11, 0x01, 0x01, 0x01, 0x3d, 0x08, 0x0b, 0x02, 0x00, 0x00, 0x07, 0x4f,
  0x0a, 0x01, 0x07, 0x07, 0x13, 0x3f, 0x06, 0x04, 0x02, 0x02, 0x02, 0x01,
  0x4d, 0x09, 0x01, 0x01, 0x01, 0x0e, 0x3f, 0x05, 0x01, 0x03, 0x03, 0x0c,
  0x03, 0x40, 0x01, 0x00, 0x24, 0x22, 0x1f, 0x1e, 0x1b, 0x19, 0x16, 0x14,
  0x0f, 0x0e, 0x0d, 0x0c, 0x0b, 0x0a, 0x09, 0x08, 0x07, 0x06, 0x05, 0x04,
  0x00, 0x27, 0x01, 0x27, 0x0c, 0x0c, 0x2b, 0x01, 0x22, 0x06, 0x15, 0x15,
  0x21, 0x15, 0x21, 0x11, 0x23, 0x11, 0x21, 0x11, 0x23, 0x11, 0x23, 0x37,
  0x37, 0x35, 0x36, 0x36, 0x33, 0x32, 0x17, 0x07, 0x26, 0x23, 0x22, 0x06,
  0x15, 0x15, 0x21, 0x35, 0x36, 0x36, 0x33, 0x32, 0x17, 0x07, 0x26, 0x04,
  0xbc, 0x68, 0x4d, 0x01, 0x08, 0xfe, 0xf8, 0xa7, 0xfe, 0x1b, 0xa7, 0xb2,
  0x0e, 0xa4, 0x02, 0x9b, 0xad, 0x43, 0x61, 0x0b, 0x59, 0x2e, 0x68, 0x4d,
  0x01, 0xe5, 0x02, 0x9b, 0xad, 0x43, 0x61, 0x0b, 0x59, 0x05, 0x88, 0x78,
  0x94, 0x33, 0x7c, 0xfc, 0x33, 0x03, 0xcd, 0xfc, 0x33, 0x03, 0xcd, 0x6e,
  0x0e, 0x31, 0xd4, 0xbf, 0x0f, 0x83, 0x0d, 0x78, 0x94, 0x33, 0x31, 0xd4,
  0xbf, 0x0f, 0x83, 0x0d, 0x00, 0x02, 0x00, 0x14, 0x00, 0x00, 0x03, 0xbc,
  0x06, 0x00, 0x00, 0x1c, 0x00, 0x20, 0x00, 0x3e, 0x40, 0x3b, 0x00, 0x03,
  0x03, 0x02, 0x4f, 0x00, 0x02, 0x02, 0x0d, 0x3f, 0x00, 0x09, 0x09, 0x08,
  0x4d, 0x00, 0x08, 0x08, 0x0b, 0x3f, 0x06, 0x01, 0x00, 0x00, 0x01, 0x4d,
  0x04, 0x01, 0x01, 0x01, 0x0e, 0x3f, 0x0a, 0x07, 0x02, 0x05, 0x05, 0x0c,
  0x05, 0x40, 0x00, 0x00, 0x20, 0x1f, 0x1e, 0x1d, 0x00, 0x1c, 0x00, 0x1c,
  0x11, 0x11, 0x18, 0x21, 0x25, 0x11, 0x11, 0x0b, 0x13, 0x2b, 0x33, 0x11,
  0x23, 0x35, 0x33, 0x35, 0x3e, 0x03, 0x33, 0x33, 0x17, 0x23, 0x22, 0x0e,
  0x05, 0x15, 0x15, 0x21, 0x11, 0x23, 0x11, 0x21, 0x11, 0x01, 0x33, 0x15,
  0x23, 0xb5, 0xa1, 0xa1, 0x03, 0x25, 0x58, 0x80, 0x66, 0x49, 0x14, 0x5e,
  0x25, 0x37, 0x29, 0x1b, 0x11, 0x09, 0x03, 0x02, 0x5f, 0xa8, 0xfe, 0x49,
  0x01, 0xb7, 0xa8, 0xa8, 0x03, 0xd4, 0x76, 0x28, 0x79, 0x97, 0x5c, 0x22,
  0x80, 0x0a, 0x10, 0x22, 0x25, 0x40, 0x3e, 0x31, 0x26, 0xfb, 0xb6, 0x03,
  0xd4, 0xfc, 0x2c, 0x05, 0xd8, 0xc6, 0x00, 0x01, 0x00, 0x14, 0xff, 0xf4,
  0x04, 0xc2, 0x05, 0xe8, 0x00, 0x31, 0x01, 0x09, 0x4b, 0xb0, 0x29, 0x50,
  0x58, 0xb5, 0x30, 0x01, 0x00, 0x08, 0x01, 0x3e, 0x1b, 0xb5, 0x30, 0x01,
  0x04, 0x08, 0x01, 0x3e, 0x59, 0x4b, 0xb0, 0x0a, 0x50, 0x58, 0x40, 0x23,
  0x00, 0x01, 0x01, 0x07, 0x4f, 0x00, 0x07, 0x07, 0x11, 0x3f, 0x05, 0x01,
  0x03, 0x03, 0x02, 0x4d, 0x06, 0x01, 0x02, 0x02, 0x0e, 0x3f, 0x00, 0x08,
  0x08, 0x00, 0x4f, 0x04, 0x09, 0x02, 0x00, 0x00, 0x0c, 0x00, 0x40, 0x1b,
  0x4b, 0xb0, 0x0e, 0x50, 0x58, 0x40, 0x23, 0x00, 0x01, 0x01, 0x07, 0x4f,
  0x00, 0x07, 0x07, 0x11, 0x3f, 0x05, 0x01, 0x03, 0x03, 0x02, 0x4d, 0x06,
  0x01, 0x02, 0x02, 0x0e, 0x3f, 0x00, 0x08, 0x08, 0x00, 0x4f, 0x04, 0x09,
  0x02, 0x00, 0x00, 0x12, 0x00, 0x40, 0x1b, 0x4b, 0xb0, 0x10, 0x50, 0x58,
  0x40, 0x23, 0x00, 0x01, 0x01, 0x07, 0x4f, 0x00, 0x07, 0x07, 0x11, 0x3f,
  0x05, 0x01, 0x03, 0x03, 0x02, 0x4d, 0x06, 0x01, 0x02, 0x02, 0x0e, 0x3f,
  0x00, 0x08, 0x08, 0x00, 0x4f, 0x04, 0x09, 0x02, 0x00, 0x00, 0x0c, 0x00,
  0x40, 0x1b, 0x4b, 0xb0, 0x29, 0x50, 0x58, 0x40, 0x23, 0x00, 0x01, 0x01,
  0x07, 0x4f, 0x00, 0x07, 0x07, 0x11, 0x3f, 0x05, 0x01, 0x03, 0x03, 0x02,
  0x4d, 0x06, 0x01, 0x02, 0x02, 0x0e, 0x3f, 0x00, 0x08, 0x08, 0x00, 0x4f,
  0x04, 0x09, 0x02, 0x00, 0x00, 0x12, 0x00, 0x40, 0x1b, 0x40, 0x27, 0x00,
  0x01, 0x01, 0x07, 0x4f, 0x00, 0x07, 0x07, 0x11, 0x3f, 0x05, 0x01, 0x03,
  0x03, 0x02, 0x4d, 0x06, 0x01, 0x02, 0x02, 0x0e, 0x3f, 0x00, 0x04, 0x04,
  0x0c, 0x3f, 0x00, 0x08, 0x08, 0x00, 0x4f, 0x09, 0x01, 0x00, 0x00, 0x12,
  0x00, 0x40, 0x59, 0x59, 0x59, 0x59, 0x40, 0x18, 0x01, 0x00, 0x2e, 0x2c,
  0x29, 0x26, 0x21, 0x20, 0x1f, 0x1e, 0x1d, 0x1c, 0x1b, 0x1a, 0x19, 0x18,
  0x13, 0x0c, 0x00, 0x31, 0x01, 0x31, 0x0a, 0x0c, 0x2b, 0x05, 0x22, 0x2e,
  0x08, 0x35, 0x11, 0x2e, 0x02, 0x06, 0x06, 0x23, 0x22, 0x06, 0x07, 0x14,
  0x06, 0x15, 0x33, 0x15, 0x23, 0x11, 0x23, 0x11, 0x23, 0x35, 0x33, 0x35,
  0x3e, 0x03, 0x33, 0x32, 0x05, 0x11, 0x14, 0x16, 0x33, 0x32, 0x37, 0x17,
  0x06, 0x04, 0x46, 0x29, 0x42, 0x36, 0x29, 0x20, 0x16, 0x0f, 0x09, 0x05,
  0x01, 0x3b, 0x5d, 0x33, 0x1f, 0x10, 0x01, 0x70, 0x5b, 0x04, 0x01, 0xf9,
  0xf9, 0xa8, 0xa1, 0xa1, 0x03, 0x33, 0x62, 0x7f, 0x5a, 0x28, 0x01, 0x82,
  0x30, 0x6e, 0x15, 0x34, 0x0b, 0x73, 0x0c, 0x07, 0x14, 0x17, 0x2b, 0x28,
  0x43, 0x3c, 0x5f, 0x52, 0x3e, 0x03, 0x79, 0x04, 0x04, 0x01, 0x01, 0x01,
  0x6c, 0x8c, 0x06, 0x18, 0x07, 0x76, 0xfc, 0x2c, 0x03, 0xd4, 0x76, 0x1e,
  0x6f, 0x97, 0x56, 0x24, 0x16, 0xfb, 0xf0, 0xc7, 0x7b, 0x04, 0x83, 0x0d
};
unsigned int font_default_size = sizeof(font_default_data);


#ifdef __cplusplus
}
#endif
